83.2616,4.00739,-14.3227,0.00849957,0.0437217,0.194458,drawer
28.9838,4.5625,11.3472,0.00849957,0.0118767,0.0437217,ignore
30.1893,8.03133,-2.05435,0.00849957,0.0118767,0.0126334,ignore
13.4777,29.5037,-48.2274,0.00849957,0.0118767,0.0126334,pitcher
70.2851,8.11647,-7.42253,0.00849957,0.0118767,0.0126334,drawer_open
30.0323,6.21045,0.222067,0.00849957,0.0118767,0.0126334,ignore
27.5214,17.5855,-38.5235,0.00849957,0.0118767,0.0126334,pitcher
38.2947,7.6009,10.2431,0.00310867,0.00849957,0.0118767,ignore
36.9016,18.403,-39.9875,0.00310867,0.00849957,0.0118767,pitcher
87.7105,3.66664,-2.53226,0.00310867,0.00849957,0.0110287,drawer_handle
70.3144,7.59667,1.00497,0.00310867,0.00849957,0.0110287,drawer_handle
38.0845,6.01356,17.6746,0.00310867,0.00661312,0.00849957,ignore
38.2587,20.3575,-48.2177,0.00310867,0.00661312,0.00849957,pitcher_lid
80.4954,-12.7217,28.1073,0.00310867,0.00661312,0.00849957,container_yellow
53.2404,0.669881,20.8124,0.00310867,0.00661312,0.00849957,ignore
33.6286,4.41795,15.2554,0.00310867,0.00661312,0.00690315,ignore
5.80889,3.03711,-3.18328,0.00310867,0.00661312,0.00690315,ignore
30.3995,1.80047,-9.49908,0.00310867,0.00661312,0.00690315,ignore
71.2932,0.419963,-5.90863,0.00310867,0.00661312,0.00690315,ignore
23.6217,4.20178,-13.1505,0.00310867,0.00661312,0.00690315,ignore
73.7299,-1.3578,-8.37061,0.00310867,0.00661312,0.00690315,ignore
73.7299,-1.3578,-8.37061,0.00310867,0.00661312,0.00690315,ignore
54.7661,3.05162,-10.1747,0.00310867,0.00661312,0.00690315,ignore
26.4268,3.38053,12.7016,0.00310867,0.00661312,0.00690315,ignore
35.9596,6.15063,12.0505,0.00310867,0.00504059,0.00661312,ignore
45.9357,7.59658,-8.32593,0.00310867,0.00504059,0.00661312,ignore
29.8984,3.44815,15.4928,0.00310867,0.00504059,0.00661312,ignore
56.8256,7.949,-2.72791,0.00310867,0.00504059,0.00661312,ignore
13.3173,32.6414,-51.604,0.00310867,0.00504059,0.00661312,pitcher
31.3561,15.3621,-36.1907,0.00310867,0.00504059,0.00661312,pitcher
31.5236,7.84036,-6.79956,0.00310867,0.00504059,0.00661312,pitcher
39.0047,18.8601,-39.4725,0.00310867,0.00504059,0.00661312,pitcher
24.8171,16.3723,-33.8872,0.00310867,0.00504059,0.00661312,pitcher
83.1381,4.31411,-0.587651,0.00310867,0.00504059,0.00661312,drawer_handle
69.3583,8.53674,6.331,0.00310867,0.00504059,0.00661312,ignore
38.2133,18.4596,-44.548,0.00310867,0.00504059,0.00661312,pitcher_lid
79.8855,-12.8824,29.5348,0.00310867,0.00504059,0.00661312,container_yellow
2.11323,1.12205,-1.1918,0.00310867,0.00504059,0.00661312,ignore
28.4057,1.56835,-9.29887,0.00310867,0.00504059,0.00661312,ignore
77.3461,0.0978322,-2.95079,0.00310867,0.00504059,0.00661312,ignore
25.9828,4.34637,-13.4118,0.00310867,0.00504059,0.00661312,ignore
57.267,1.1576,-9.0573,0.00310867,0.00504059,0.00661312,ignore
69.4035,4.01274,-5.91276,0.00310867,0.00504059,0.00661312,ignore
50.6613,2.84486,-7.56855,0.00310867,0.00504059,0.00661312,ignore
66.6347,1.77472,-15.6044,0.00269502,0.00310867,0.00504059,ignore
85.8942,3.58256,-15.8146,0.00269502,0.00310867,0.00504059,drawer
32.1245,5.46395,11.4227,0.00269502,0.00310867,0.00504059,ignore
42.6928,7.37688,-2.29918,0.00269502,0.00310867,0.00504059,ignore
58.9326,7.55862,-2.12692,0.00269502,0.00310867,0.00504059,ignore
13.5589,32.3499,-51.5198,0.00269502,0.00310867,0.00504059,pitcher
69.9291,8.17292,-7.29724,0.00269502,0.00310867,0.00504059,drawer_open
31.7838,7.49772,-7.11006,0.00269502,0.00310867,0.00504059,ignore
30.7418,17.5516,-40.8045,0.00269502,0.00310867,0.00504059,ignore
24.7054,18.2882,-36.9093,0.00269502,0.00310867,0.00504059,ignore
83.9917,4.11621,-1.00783,0.00269502,0.00310867,0.00504059,drawer_handle
67.7175,8.58253,7.35796,0.00269502,0.00310867,0.00504059,ignore
31.3153,4.16709,16.1481,0.00269502,0.00310867,0.00504059,ignore
38.6453,21.459,-50.8638,0.00269502,0.00310867,0.00504059,pitcher_lid
79.3,-12.6836,29.4288,0.00269502,0.00310867,0.00504059,container_yellow
28.1311,11.8174,-24.9159,0.00269502,0.00310867,0.00504059,ignore
2.28273,1.71224,-2.00375,0.00269502,0.00310867,0.00504059,ignore
26.8146,2.11613,-9.94326,0.00269502,0.00310867,0.00504059,ignore
78.3903,1.13257,-4.607,0.00269502,0.00310867,0.00504059,ignore
71.3984,1.72844,-5.53349,0.00269502,0.00310867,0.00504059,ignore
25.3689,4.06253,-12.6605,0.00269502,0.00310867,0.00504059,ignore
59.1535,1.71532,-10.0004,0.00269502,0.00310867,0.00504059,ignore
62.3131,3.1199,-5.80746,0.00269502,0.00310867,0.00504059,ignore
62.3131,3.1199,-5.80746,0.00269502,0.00310867,0.00504059,ignore
59.077,2.91846,-12.5295,0.00269502,0.00310867,0.00504059,ignore
85.9812,3.62326,-15.8197,0.00269502,0.00310867,0.00504059,drawer
26.4491,2.88626,14.4157,0.00269502,0.00310867,0.00504059,ignore
23.2992,6.91218,-4.02737,0.00269502,0.00310867,0.00504059,ignore
32.6617,4.75344,13.0753,0.00269502,0.00310867,0.00504059,ignore
50.7498,6.1815,-6.20635,0.00269502,0.00310867,0.00504059,ignore
64.3356,7.52779,-6.66126,0.00269502,0.00310867,0.00504059,ignore
13.2645,32.8974,-51.828,0.00269502,0.00310867,0.00504059,pitcher
70.18,8.17645,-6.94242,0.00269502,0.00310867,0.00504059,drawer_open
31.1709,6.66184,-7.85991,0.00269502,0.00310867,0.00504059,ignore
25.3657,2.5964,14.3147,0.00269502,0.00310867,0.00504059,ignore
31.3388,15.549,-36.2018,0.00269502,0.00310867,0.00504059,ignore
33.5704,5.22182,16.069,0.00269502,0.00310867,0.00504059,ignore
74.2058,8.53657,-2.83984,0.00269502,0.00310867,0.00504059,ignore
82.1058,4.64643,-0.968499,0.00269502,0.00310867,0.00504059,drawer_handle
71.3127,7.74587,5.46396,0.00269502,0.00310867,0.00504059,ignore
38.0585,19.882,-47.6117,0.00269502,0.00310867,0.00504059,pitcher_lid
75.5862,-10.658,27.48,0.00269502,0.00310867,0.00504059,container_yellow
2.29941,0.872986,-0.683227,0.00269502,0.00310867,0.00504059,ignore
28.4551,1.82694,-9.97297,0.00269502,0.00310867,0.00504059,ignore
68.4018,2.08997,-8.63941,0.00269502,0.00310867,0.00504059,ignore
68.7553,1.30956,-3.71998,0.00269502,0.00310867,0.00504059,ignore
26.8856,3.79319,-12.3722,0.00269502,0.00310867,0.00504059,ignore
86.2207,1.06686,-4.07992,0.00269502,0.00310867,0.00504059,ignore
7.43994,1.99549,-7.01228,0.00269502,0.00310867,0.00504059,ignore
63.5043,1.80875,-14.3742,0.00269502,0.00310867,0.00504059,ignore
31.6132,4.94284,13.1358,0.00269502,0.00310867,0.00504059,ignore
25.6844,2.37253,15.1442,0.00269502,0.00310867,0.00504059,ignore
49.7592,4.57199,-10.7201,0.00269502,0.00310867,0.00504059,ignore
59.327,7.85946,0.801133,0.00269502,0.00310867,0.00504059,ignore
13.5504,32.6898,-51.7641,0.00269502,0.00310867,0.00504059,pitcher
71.1508,6.89735,-16.3687,0.00269502,0.00310867,0.00504059,ignore
32.2562,5.57338,2.42573,0.00269502,0.00310867,0.00504059,ignore
31.4744,20.7054,-46.6025,0.00269502,0.00310867,0.00504059,ignore
83.5827,4.20112,-1.16652,0.00269502,0.00310867,0.00504059,ignore
37.4066,5.75262,17.7368,0.00269502,0.00310867,0.00496263,ignore
38.1379,20.4481,-48.6842,0.00269502,0.00310867,0.00496263,pitcher_lid
79.0856,-12.4777,28.5594,0.00269502,0.00310867,0.00496263,container_yellow
2.60478,1.74839,-2.63968,0.00269502,0.00310867,0.00496263,ignore
28.0136,1.87437,-9.90031,0.00269502,0.00310867,0.00496263,ignore
65.734,1.95443,-9.02939,0.00269502,0.00310867,0.00496263,ignore
74.8668,1.75349,-5.18209,0.00269502,0.00310867,0.00496263,ignore
27.4984,4.01755,-13.3731,0.00269502,0.00310867,0.00496263,ignore
26.332,3.12605,12.6968,0.00269502,0.00310867,0.00496263,ignore
73.1941,3.72956,-6.89365,0.00269502,0.00310867,0.00496263,ignore
7.66835,3.6316,-10.4756,0.00269502,0.00310867,0.00496263,ignore
70.7806,0.179709,-5.19982,0.00269502,0.00310867,0.00496263,ignore
70.7806,0.179709,-5.19982,0.00269502,0.00310867,0.00496263,ignore
49.7214,3.3186,-9.31231,0.00269502,0.00310867,0.00496263,ignore
69.7482,5.49203,-11.7464,0.00269502,0.00310867,0.00496263,ignore
86.3507,3.5505,-15.9232,0.00269502,0.00310867,0.00496263,drawer
26.9249,2.39591,13.3196,0.00269502,0.00310867,0.00496263,ignore
32.1815,5.26823,13.3232,0.00269502,0.00310867,0.00496263,ignore
37.647,7.6854,-5.18883,0.00269502,0.00310867,0.00496263,ignore
44.3648,8.54866,-0.613431,0.00269502,0.00310867,0.00496263,ignore
13.4916,29.9095,-48.6618,0.00269502,0.00310867,0.00496263,pitcher
70.2757,8.19233,-7.07816,0.00269502,0.00310867,0.00496263,drawer_open
52.0345,7.62786,0.840805,0.00269502,0.00310867,0.00496263,ignore
41.3535,6.86059,12.5313,0.00269502,0.00310867,0.00476174,ignore
31.7954,6.40091,-4.63572,0.00269502,0.00310867,0.00476174,ignore
29.4644,17.4389,-38.9767,0.00269502,0.00310867,0.00476174,ignore
73.2243,8.54726,-2.27563,0.00269502,0.00310867,0.00476174,ignore
85.4831,3.60662,-0.823674,0.00269502,0.00310867,0.00476174,ignore
67.1668,8.66174,4.212,0.00269502,0.00310867,0.00476174,ignore
37.976,19.8922,-47.5697,0.00269502,0.00310867,0.00476174,pitcher_lid
78.4763,-12.3131,28.9879,0.00269502,0.00310867,0.00476174,container_yellow
33.4009,4.87956,17.9225,0.00269502,0.00310867,0.00476174,ignore
2.96297,1.47092,-1.51291,0.00269502,0.00310867,0.00476174,ignore
28.5498,1.81212,-9.91773,0.00269502,0.00310867,0.00476174,ignore
78.1686,0.210643,-2.70431,0.00269502,0.00310867,0.00476174,ignore
27.4042,3.76349,-12.8974,0.00269502,0.00310867,0.00476174,ignore
82.2861,2.42596,-3.80717,0.00269502,0.00310867,0.00476174,ignore
60.1065,0.866198,-8.93811,0.00269502,0.00310867,0.00476174,ignore
62.4843,1.71961,-14.2019,0.00269502,0.00310867,0.00476174,ignore
31.9993,5.12337,13.0585,0.00269502,0.00310867,0.00476174,ignore
24.91,1.61969,16.2417,0.00269502,0.00310867,0.00476174,ignore
50.1548,4.81579,-9.85365,0.00269502,0.00310867,0.00476174,ignore
44.828,7.51415,1.97639,0.00269502,0.00310867,0.00476174,ignore
13.6164,31.7111,-50.7857,0.00269502,0.00310867,0.00476174,pitcher
31.1231,17.5507,-40.6903,0.00269502,0.00310867,0.00476174,ignore
32.3147,6.67222,-3.84155,0.00269502,0.00310867,0.00476174,ignore
58.3962,6.35497,-1.74639,0.00269502,0.00310867,0.00476174,ignore
25.5127,16.4957,-34.9161,0.00269502,0.00310867,0.00476174,ignore
37.5369,5.81724,16.9277,0.00269502,0.00310867,0.00476174,ignore
84.22,4.09194,-1.20839,0.00269502,0.00310867,0.00476174,ignore
73.646,8.15465,-0.977772,0.00269502,0.00310867,0.00476174,ignore
67.593,8.42307,4.07531,0.00269502,0.00310867,0.00476174,ignore
38.1209,19.8528,-47.6457,0.00269502,0.00310867,0.00476174,pitcher_lid
78.4893,-12.4071,28.515,0.00269502,0.00310867,0.00476174,container_yellow
5.27755,2.03216,-3.89849,0.00269502,0.00310867,0.00476174,ignore
25.5051,3.49894,12.251,0.00269502,0.00310867,0.00476174,ignore
29.4457,1.48735,-9.64342,0.00269502,0.00310867,0.00476174,ignore
84.9644,0.476372,-2.77762,0.00269502,0.00310867,0.00476174,ignore
57.2859,3.21242,-8.9804,0.00269502,0.00310867,0.00476174,ignore
27.8478,4.27805,-14.1694,0.00269502,0.00310867,0.00476174,ignore
65.0765,4.50617,-7.82925,0.00269502,0.00310867,0.00476174,ignore
65.0765,4.50617,-7.82925,0.00269502,0.00310867,0.00476174,ignore
50.5088,3.71909,-8.96634,0.00835936,0.0744092,0.19685,ignore
26.6372,3.35745,13.3956,0.00835936,0.0149273,0.0744092,ignore
34.1186,5.63822,12.1376,0.00466743,0.00835936,0.0149273,ignore
35.738,8.70594,-5.82458,0.00466743,0.006598,0.00835936,ignore
60.0072,7.6606,-3.39215,0.00466743,0.006598,0.00835936,ignore
13.0955,30.8175,-49.5348,0.00466743,0.006598,0.00835936,pitcher
30.4528,12.0791,-28.0073,0.00466743,0.006598,0.00835936,pitcher
25.0881,15.6662,-33.1873,0.00466743,0.006598,0.00835936,pitcher
35.768,3.94094,18.3729,0.00466743,0.00535762,0.006598,ignore
85.4933,4.03187,-1.0587,0.00466743,0.00535762,0.006598,drawer_handle
72.1146,7.3154,-3.18008,0.00466743,0.00535762,0.006598,drawer_handle
37.553,18.2,-44.021,0.00466743,0.00535762,0.006598,pitcher_lid
80.1804,-12.2674,28.0583,0.00466743,0.00535762,0.006598,container_yellow
46.7816,3.94818,14.1122,0.00466743,0.00535762,0.006598,ignore
3.32391,1.83124,-1.37701,0.00466743,0.00535762,0.006598,ignore
30.6544,1.69395,-9.42061,0.00466743,0.00535762,0.006598,ignore
56.8593,2.97039,-8.37178,0.00466743,0.00535762,0.006598,ignore
24.9664,3.91934,-12.6669,0.00466743,0.00535762,0.006598,ignore
8.73874,3.78915,-10.7196,0.00466743,0.00535762,0.006598,ignore
73.5209,2.44104,-5.29619,0.00466743,0.00535762,0.006598,ignore
73.5209,2.44104,-5.29619,0.00466743,0.00535762,0.006598,ignore
26.7497,3.86027,11.2873,0.00466743,0.00535762,0.00646446,ignore
33.6741,4.70899,13.5082,0.00466743,0.00535762,0.00646446,ignore
43.3847,8.0211,-10.4584,0.00466743,0.00535762,0.00646446,ignore
13.547,31.952,-51.0351,0.00466743,0.00535762,0.00646446,pitcher
31.9904,6.49903,-0.0511947,0.00466743,0.00535762,0.00646446,ignore
29.9677,18.1594,-40.5709,0.00466743,0.00535762,0.00646446,ignore
29.5096,10.3213,-18.3426,0.00466743,0.00535762,0.00646446,ignore
82.2448,4.71977,-1.96326,0.00466743,0.00535762,0.00646446,ignore
37.6779,19.6169,-46.9699,0.00466743,0.00535762,0.00646446,pitcher_lid
58.8258,8.18883,5.85727,0.00466743,0.00535762,0.00646446,ignore
78.2637,-12.0729,28.3574,0.00466743,0.00535762,0.00646446,container_yellow
27.3379,3.30058,14.2605,0.00466743,0.00535762,0.00646446,ignore
2.25897,1.80285,-2.43996,0.00466743,0.00535762,0.00646446,ignore
29.1247,1.14562,-8.34337,0.00466743,0.00535762,0.00646446,ignore
70.0519,2.52988,-5.0732,0.00466743,0.00535762,0.00646446,ignore
25.7177,3.72254,-12.5978,0.00466743,0.00535762,0.00646446,ignore
78.014,0.906769,-7.7975,0.00466743,0.00535762,0.00646446,ignore
77.8574,2.8894,-3.03571,0.00466743,0.00535762,0.00646446,ignore
54.8158,5.1932,-14.4783,0.00445971,0.00466743,0.00535762,ignore
88.9882,3.79404,-13.6629,0.00445971,0.00466743,0.00535762,drawer
24.0718,2.67551,10.2277,0.00445971,0.00466743,0.00535762,ignore
33.3861,6.60393,8.55805,0.00445971,0.00466743,0.00535762,ignore
30.6172,4.29245,11.0213,0.00445971,0.00466743,0.00535762,ignore
64.2205,6.03714,-12.5014,0.00445971,0.00466743,0.00535762,ignore
12.9843,32.076,-50.4706,0.00445971,0.00466743,0.00535762,pitcher
42.8978,10.9971,3.75776,0.00445971,0.00466743,0.00535762,ignore
71.3713,10.547,-7.4059,0.00445971,0.00466743,0.00535762,drawer_open
26.4364,6.67954,-15.0175,0.00445971,0.00466743,0.00535762,ignore
35.3843,19.4643,-40.8429,0.00445971,0.00466743,0.00535762,pitcher
34.8214,6.87078,10.9944,0.00445971,0.00466743,0.00470555,ignore
35.9032,6.84864,12.9852,0.00445971,0.00466743,0.00470555,ignore
92.6919,-12.6261,46.5236,0.00445971,0.00466743,0.00470555,container_yellow
82.495,6.90801,-2.94393,0.00445971,0.00466743,0.00470555,ignore
37.0831,21.5705,-49.3377,0.00445971,0.00466743,0.00470555,pitcher_lid
37.2118,7.41585,8.67468,0.00445971,0.00466743,0.00470555,ignore
49.7998,18.1668,-47.5135,0.00445971,0.00466743,0.00470555,ignore
5.65838,2.73496,-4.72461,0.00445971,0.00466743,0.00470555,ignore
29.7053,3.63468,-11.9059,0.00445971,0.00466743,0.00470555,ignore
83.8533,3.13908,-2.57106,0.00445971,0.00466743,0.00470555,ignore
60.8552,3.48867,-7.48869,0.00445971,0.00466743,0.00470555,ignore
28.1581,5.71652,-15.2722,0.00445971,0.00466743,0.00470555,ignore
79.7217,2.98257,-4.08077,0.00445971,0.00466743,0.00470555,ignore
68.1002,3.96271,-16.6198,0.00445971,0.00466743,0.00470555,ignore
87.4071,4.34413,-13.5977,0.00445971,0.00466743,0.00470555,drawer
32.6458,7.13703,9.10069,0.00445971,0.00466743,0.00470555,ignore
53.8623,6.85119,-10.7541,0.00445971,0.00466743,0.00470555,ignore
22.3393,9.18295,-13.5373,0.00445971,0.00466743,0.00470555,ignore
13.2963,30.7796,-49.2736,0.00445971,0.00466743,0.00470555,pitcher
45.2987,10.8305,-1.6377,0.00445971,0.00466743,0.00470555,ignore
70.7935,11.2324,-7.84822,0.00445971,0.00466743,0.00470555,drawer_open
25.6335,3.9229,12.9069,0.00445971,0.00466743,0.00470555,ignore
35.2127,18.947,-39.3681,0.00445971,0.00466743,0.00470555,pitcher
92.3093,-13.0884,47.9293,0.00445971,0.00466743,0.00470555,container_yellow
89.4508,4.39405,-2.9552,0.00445971,0.00466743,0.00470555,drawer_handle
37.9118,6.76516,15.0218,0.00445971,0.00466743,0.00470555,ignore
37.28,17.3824,-40.8718,0.00445971,0.00466743,0.00470555,pitcher_lid
3.13054,1.3141,-1.43227,0.00445971,0.00466743,0.00470555,ignore
31.3523,3.45471,-11.6827,0.00445971,0.00466743,0.00470555,ignore
79.0707,1.95686,-4.4485,0.00445971,0.00466743,0.00470555,ignore
84.6773,1.8087,-2.86474,0.00445971,0.00466743,0.00470555,ignore
3.28992,2.10929,-1.99857,0.00445971,0.00466743,0.00470555,ignore
27.6545,4.74348,-13.4813,0.00445971,0.00466743,0.00470555,ignore
26.7749,5.27661,9.55724,0.00445971,0.00466743,0.00470555,ignore
64.4725,2.71557,-6.20798,0.00445971,0.00466743,0.00470555,ignore
9.30729,4.20177,-10.5281,0.00445971,0.00466743,0.00470555,ignore
86.5097,4.27863,-12.9514,0.00445971,0.00466743,0.00470555,drawer
32.4287,6.69378,9.8696,0.00445971,0.00466743,0.00470555,ignore
27.0709,4.4657,12.1487,0.00445971,0.00466743,0.00470555,ignore
60.1941,5.72237,-12.77,0.00445971,0.00466743,0.00470555,ignore
13.599,30.585,-49.2085,0.00445971,0.00466743,0.00470555,pitcher
48.5635,11.0989,-8.92798,0.00445971,0.00466743,0.00470555,ignore
71.3126,11.0682,-7.78841,0.00445971,0.00466743,0.00470555,drawer_open
25.2859,7.46872,-17.4534,0.00445971,0.00466743,0.00470555,ignore
34.8237,18.8762,-38.7202,0.00445971,0.00466743,0.00470555,pitcher
92.8064,-12.6353,46.1702,0.00445971,0.00466743,0.00470555,container_yellow
44.3488,10.2077,7.47361,0.00342484,0.00445971,0.00466743,ignore
32.4019,6.37435,11.9826,0.00342484,0.00445971,0.00466743,ignore
88.198,4.47319,-2.24156,0.00342484,0.00445971,0.00466743,drawer_handle
38.6065,19.4133,-45.3026,0.00342484,0.00445971,0.00466743,pitcher_lid
83.2675,-12.391,54.676,0.00342484,0.00445971,0.00466743,ignore
33.3383,28.2591,-59.5648,0.00342484,0.00445971,0.00466743,pitcher_lid
39.5168,8.01933,17.2473,0.00342484,0.00445971,0.00466743,ignore
4.24297,3.22325,-2.08605,0.00342484,0.00445971,0.00466743,ignore
30.7902,3.10378,-11.2604,0.00342484,0.00445971,0.00466743,ignore
71.6568,2.68757,-6.10525,0.00342484,0.00445971,0.00466743,ignore
82.2005,1.24193,-4.94081,0.00342484,0.00445971,0.00466743,ignore
27.9613,6.68773,-17.3033,0.00342484,0.00445971,0.00466743,ignore
72.3123,3.89351,-7.12092,0.00342484,0.00445971,0.00466743,ignore
8.13823,5.42035,-12.7404,0.00342484,0.00445971,0.00466743,ignore
49.823,4.0657,-10.9124,0.00342484,0.00445971,0.00466743,ignore
66.4764,8.51445,-6.07349,0.00342484,0.00445971,0.00466743,ignore
89.5499,3.70156,-13.7227,0.00342484,0.00445971,0.00466743,drawer
29.8933,6.0026,8.8352,0.00342484,0.00445971,0.00466743,ignore
37.3441,8.56132,10.9835,0.00342484,0.00445971,0.00466743,ignore
53.4406,10.3911,-15.5693,0.00342484,0.00445971,0.00466743,ignore
53.6121,7.19193,-10.5271,0.00342484,0.00445971,0.00466743,ignore
12.9237,31.9349,-50.3888,0.00342484,0.00445971,0.00466743,pitcher
46.0479,10.2798,-1.5744,0.00342484,0.00445971,0.00466743,ignore
29.8376,6.2565,-10.5213,0.00342484,0.00445971,0.00466743,ignore
73.8868,8.71231,-17.825,0.00342484,0.00445971,0.00466743,ignore
71.3238,11.076,-7.76628,0.00342484,0.00445971,0.00466743,drawer_open
29.528,5.36921,12.7972,0.00342484,0.00445971,0.00466743,ignore
41.6606,9.75514,9.6473,0.00342484,0.00419094,0.00445971,ignore
35.197,19.0211,-39.5648,0.00342484,0.00419094,0.00445971,pitcher
92.7966,-12.4828,45.7868,0.00342484,0.00419094,0.00445971,container_yellow
86.6583,5.09565,-1.81251,0.00342484,0.00419094,0.00445971,drawer_handle
30.1016,5.95479,10.2684,0.00342484,0.00419094,0.00445971,ignore
84.2772,-13.797,56.5135,0.00342484,0.00419094,0.00445971,container_yellow
38.6385,19.0268,-44.7899,0.00342484,0.00419094,0.00445971,pitcher_lid
33.7062,27.9326,-59.1796,0.00342484,0.00419094,0.00445971,pitcher_lid
39.464,7.45903,14.6543,0.00342484,0.00419094,0.00445971,ignore
4.8396,3.33181,-2.70774,0.00342484,0.00419094,0.00445971,ignore
29.2956,3.47248,-11.9143,0.00342484,0.00419094,0.00445971,ignore
78.1096,1.74528,-5.56515,0.00342484,0.00419094,0.00445971,ignore
68.9895,1.72132,-5.5726,0.00342484,0.00419094,0.00445971,ignore
29.8721,5.69491,-15.7136,0.00342484,0.00419094,0.00445971,ignore
81.8088,2.24046,-2.43179,0.00342484,0.00419094,0.00445971,ignore
69.2315,0.799445,-6.45689,0.00342484,0.00419094,0.00445971,ignore
10.4753,4.24499,-9.8886,0.00342484,0.00419094,0.00445971,ignore
58.7493,5.26554,-12.6363,0.00342484,0.00419094,0.00445971,ignore
86.5322,4.32442,-12.9766,0.00342484,0.00419094,0.00445971,drawer
30.0178,5.81806,9.61806,0.00342484,0.00419094,0.00445971,ignore
37.0176,8.78327,10.755,0.00342484,0.00419094,0.00445971,ignore
22.9876,9.40287,-11.5983,0.00342484,0.00419094,0.00445971,ignore
12.6337,32.9544,-51.3144,0.00342484,0.00419094,0.00445971,pitcher
71.2613,11.062,-7.63901,0.00342484,0.00419094,0.00445971,drawer_open
26.8716,6.33282,1.86084,0.00342484,0.00419094,0.00445971,ignore
30.3236,5.53039,-2.14655,0.00342484,0.00419094,0.00445971,ignore
40.419,9.23993,9.37912,0.00342484,0.00419094,0.00445971,ignore
35.3375,18.6989,-38.9731,0.00342484,0.00419094,0.00445971,pitcher
26.2717,27.0491,-51.9472,0.00342484,0.00419094,0.00445971,ignore
43.8588,10.7466,11.2776,0.00342484,0.00419094,0.00445971,ignore
91.9082,-12.8675,47.4652,0.00342484,0.00419094,0.00445971,container_yellow
86.2488,5.35217,-2.20462,0.00342484,0.00419094,0.00445971,drawer_handle
39.0209,20.5351,-47.3323,0.00342484,0.00419094,0.00445971,pitcher_lid
33.7574,28.3266,-59.6821,0.00342484,0.00419094,0.00445971,pitcher_lid
36.4944,7.79017,7.2295,0.00342484,0.00419094,0.00445971,ignore
1.90044,1.66571,-1.54358,0.00342484,0.00419094,0.00445971,ignore
28.2968,3.54215,-11.6943,0.00342484,0.00419094,0.00445971,ignore
26.9389,5.77098,10.2672,0.00342484,0.00419094,0.00445971,ignore
77.955,2.1997,-7.39356,0.00342484,0.00419094,0.00445971,ignore
81.7287,1.20548,-5.2816,0.00342484,0.00419094,0.00445971,ignore
28.2354,6.0761,-16.12,0.00342484,0.00419094,0.00445971,ignore
63.554,4.37822,-9.9872,0.00342484,0.00419094,0.00445971,ignore
10.1741,3.45829,-8.39549,0.00342484,0.00419094,0.00445971,ignore
74.6195,0.496911,-3.61423,0.00342484,0.00419094,0.00445971,ignore
64.7567,4.3897,-16.8005,0.00342484,0.00419094,0.00445971,ignore
36.9627,8.35412,10.6609,0.00342484,0.00419094,0.00445971,ignore
25.053,4.28678,8.8281,0.00342484,0.00419094,0.00445971,ignore
30.3941,9.56744,-14.9122,0.00342484,0.00419094,0.00445971,ignore
33.7845,6.95561,9.36345,0.00342484,0.00419094,0.00445971,ignore
51.3541,8.1252,-8.24556,0.00342484,0.00419094,0.00445971,ignore
12.6774,32.135,-50.4509,0.00342484,0.00419094,0.00445971,pitcher
48.0927,11.005,-5.45126,0.00342484,0.00419094,0.00445971,ignore
24.2425,3.01706,13.8301,0.00342484,0.00419094,0.00445971,ignore
59.2701,9.65696,-1.57143,0.00342484,0.00419094,0.00445971,ignore
43.122,9.81563,10.1557,0.00342484,0.00419094,0.00445971,ignore
26.6022,7.15508,-16.5128,0.00342484,0.00419094,0.00445971,ignore
34.9676,18.9581,-39.124,0.00342484,0.00419094,0.00445971,pitcher
91.6853,-12.5321,47.5882,0.00342484,0.00419094,0.00445971,container_yellow
85.6078,5.65823,-2.60665,0.00342484,0.00419094,0.00445971,drawer_handle
38.9886,8.08248,15.9521,0.00342484,0.00419094,0.00445971,ignore
38.3392,17.9391,-42.3355,0.00342484,0.00419094,0.00445971,pitcher_lid
33.7122,28.5486,-59.9003,0.00342484,0.00419094,0.00445971,pitcher_lid
4.81127,3.53734,-1.67562,0.00342484,0.00419094,0.00445971,ignore
28.6108,3.84473,-12.4638,0.00342484,0.00419094,0.00445971,ignore
73.7739,1.31588,-5.41568,0.00342484,0.00419094,0.00445971,ignore
68.0827,3.07572,-8.0783,0.00342484,0.00419094,0.00445971,ignore
29.272,6.55443,-16.436,0.00342484,0.00419094,0.00445971,ignore
27.3103,6.23381,9.86588,0.00342484,0.00419094,0.00445971,ignore
65.905,3.63011,-8.15828,0.00342484,0.00419094,0.00445971,ignore
77.6553,-0.0122429,-2.76594,0.00342484,0.00419094,0.00445971,ignore
13.6386,3.14972,-6.66775,0.00342484,0.00419094,0.00445971,ignore
52.8615,6.96731,-6.64434,0.00342484,0.00419094,0.00445971,ignore
89.2966,3.84081,-12.1965,0.00342484,0.00419094,0.00445971,drawer
32.1801,6.9501,9.6323,0.00342484,0.00419094,0.00445971,ignore
26.4837,2.60344,13.2292,0.00342484,0.00419094,0.00445971,ignore
26.182,9.43253,-8.1255,0.00342484,0.00419094,0.00445971,ignore
65.4198,9.58636,-5.99655,0.00342484,0.00419094,0.00445971,ignore
81.3792,8.22147,-15.2846,0.00342484,0.00419094,0.00445971,ignore
70.8583,11.0601,-6.55902,0.00342484,0.00419094,0.00445971,drawer_open
44.9678,24.4731,-54.6246,0.00342484,0.00419094,0.00445971,pitcher_lid
19.3346,18.7176,-34.7149,0.00342484,0.00419094,0.00445971,pitcher
11.3388,33.3646,-50.6866,0.00342484,0.00419094,0.00445971,pitcher
39.7074,7.83329,15.5686,0.00342484,0.00419094,0.00445971,ignore
37.9578,31.811,-65.4016,0.00342484,0.00419094,0.00445971,ignore
26.991,15.3127,-30.1845,0.00342484,0.00419094,0.00445971,pitcher
38.0593,9.03171,-10.9793,0.00342484,0.00419094,0.00445971,ignore
86.7467,4.54437,0.116608,0.00342484,0.00419094,0.00445971,drawer_handle
88.857,-10.969,41.3212,0.00342484,0.00419094,0.00445971,container_yellow
11.6795,35.7945,-52.6438,0.00342484,0.00419094,0.00445971,ignore
9.37121,6.48852,-4.84072,0.00342484,0.00419094,0.00445971,ignore
30.0039,3.69203,-11.6272,0.00342484,0.00419094,0.00445971,ignore
81.5038,1.15872,-4.16614,0.00342484,0.00419094,0.00445971,ignore
80.923,2.94849,-6.4768,0.00342484,0.00419094,0.00445971,ignore
25.901,5.55342,10.3714,0.00342484,0.00419094,0.00445971,ignore
26.2741,6.66008,-15.9519,0.00342484,0.00419094,0.00445971,ignore
70.6631,0.684294,-4.92425,0.00342484,0.00419094,0.00445971,ignore
27.2298,5.82768,-9.23294,0.00342484,0.00419094,0.00445971,ignore
54.915,6.85737,-10.9074,0.00342484,0.00419094,0.00445971,ignore
88.3578,3.9203,-11.7485,0.00342484,0.00419094,0.00445971,drawer
25.4973,5.19763,9.01023,0.00342484,0.00419094,0.00445971,ignore
35.6707,8.18285,10.5037,0.00342484,0.00419094,0.00445971,ignore
47.6849,9.18766,-9.86418,0.00342484,0.00419094,0.00445971,ignore
76.3727,5.14102,-16.7042,0.0027733,0.00342484,0.00419094,ignore
75.6903,9.02324,-15.6983,0.0027733,0.00342484,0.00419094,ignore
81.6682,6.63935,-13.653,0.0027733,0.00342484,0.00419094,ignore
70.5548,11.2452,-6.61363,0.0027733,0.00342484,0.00419094,drawer_open
36.545,6.84522,16.0615,0.0027733,0.00342484,0.00419094,ignore
43.5318,21.6201,-48.4839,0.0027733,0.00342484,0.00419094,pitcher_lid
26.1472,16.4544,-33.8849,0.0027733,0.00342484,0.00419094,ignore
14.4378,19.169,-33.0087,0.0027733,0.00342484,0.00419094,pitcher
11.33,33.519,-50.8146,0.0027733,0.00342484,0.00419094,pitcher
36.7991,9.62623,7.25954,0.0027733,0.00342484,0.00419094,ignore
37.4768,31.6994,-64.9874,0.0027733,0.00342484,0.00419094,ignore
25.328,17.2581,-34.0319,0.0027733,0.00342484,0.00419094,pitcher
83.1945,6.19997,-0.230695,0.0027733,0.00342484,0.00419094,drawer_handle
89.2197,-11.3374,41.2856,0.0027733,0.00342484,0.00419094,container_yellow
3.64722,2.73995,-1.61844,0.0027733,0.00342484,0.00419094,ignore
30.6572,3.70075,-11.7041,0.0027733,0.00342484,0.00419094,ignore
69.4009,1.34132,-5.28962,0.0027733,0.00342484,0.00419094,ignore
75.4984,2.08712,-6.30286,0.0027733,0.00342484,0.00419094,ignore
28.1854,6.20729,-15.7669,0.0027733,0.00342484,0.00419094,ignore
15.2481,3.80961,-6.5874,0.0027733,0.00342484,0.00419094,ignore
65.6754,2.62044,-6.99245,0.0027733,0.00342484,0.00419094,ignore
24.4437,6.42683,8.94879,0.0027733,0.00342484,0.00419094,ignore
89.1755,3.83071,-11.8648,0.0027733,0.00342484,0.00419094,drawer
56.2474,7.42817,-7.75192,0.0027733,0.00342484,0.00419094,ignore
26.3451,5.11473,8.92441,0.0027733,0.00342484,0.00419094,ignore
33.1747,7.80207,-13.8349,0.0027733,0.00342484,0.00419094,ignore
35.7078,8.38345,10.5749,0.0027733,0.00342484,0.00419094,ignore
72.824,9.73301,-17.4466,0.0027733,0.00342484,0.00419094,ignore
83.8302,6.68931,-12.5204,0.0027733,0.00342484,0.00419094,ignore
89.1879,5.98373,-11.8557,0.0027733,0.00342484,0.00419094,drawer
67.308,10.0425,-17.5414,0.0027733,0.00342484,0.00419094,ignore
66.4989,12.5086,-4.84441,0.0027733,0.00342484,0.00419094,drawer_open
44.911,24.2499,-54.0296,0.0027733,0.00342484,0.00419094,pitcher_lid
25.6585,17.1012,-35.4232,0.0027733,0.00342484,0.00419094,ignore
24.8759,16.39,-32.1935,0.0027733,0.00342484,0.00419094,pitcher
10.8978,34.0805,-51.1852,0.0027733,0.00342484,0.00419094,pitcher
32.7899,10.3801,-12.6969,0.0027733,0.00342484,0.00419094,ignore
35.7138,9.47072,8.15056,0.0027733,0.00342484,0.00419094,ignore
38.0087,32.0217,-65.4618,0.0027733,0.00342484,0.00419094,ignore
84.0423,5.65503,-0.457364,0.0027733,0.00342484,0.00419094,drawer_handle
13.2224,35.6382,-53.581,0.0027733,0.00342484,0.00419094,ignore
36.8567,6.73031,15.4692,0.0027733,0.00342484,0.00419094,ignore
88.8088,-11.3611,42.1066,0.0027733,0.00342484,0.00419094,container_yellow
2.20883,1.97701,-0.954576,0.0027733,0.00342484,0.00419094,ignore
29.4035,4.15398,-11.8818,0.0027733,0.00342484,0.00419094,ignore
2.57158,1.86835,-2.47171,0.0027733,0.00342484,0.00419094,ignore
90.1879,0.943731,-3.20013,0.0027733,0.00342484,0.00419094,ignore
86.3688,-0.504846,-4.00652,0.0027733,0.00342484,0.00419094,ignore
27.7275,6.40897,-16.0965,0.0027733,0.00342484,0.00419094,ignore
79.2441,1.24233,-5.0297,0.0027733,0.00342484,0.00419094,ignore
71.7569,0.758755,-3.08134,0.0027733,0.00342484,0.00419094,ignore
10.9761,3.90093,-9.04527,0.0027733,0.00342484,0.00419094,ignore
18.0863,5.69163,6.80567,0.0027733,0.00342484,0.00419094,ignore
57.4868,5.53378,-12.0992,0.0027733,0.00342484,0.00419094,ignore
85.3116,4.74145,-12.4105,0.0027733,0.00342484,0.00419094,drawer
27.497,3.16145,12.8508,0.0027733,0.00342484,0.00419094,ignore
31.1073,8.96956,-17.0635,0.0027733,0.00342484,0.00419094,ignore
30.7336,6.43846,10.6805,0.0027733,0.00342484,0.00419094,ignore
12.049,27.2884,-44.7225,0.0027733,0.00342484,0.00419094,pitcher
32.4354,23.7243,-48.9097,0.0027733,0.00342484,0.00419094,ignore
73.0803,8.62608,-15.2807,0.0027733,0.00342484,0.00419094,ignore
33.7051,17.045,-34.0018,0.0027733,0.00342484,0.00419094,pitcher
75.9601,8.92084,-14.6571,0.0027733,0.00342484,0.00419094,ignore
80.1508,8.70981,-11.1983,0.0027733,0.00342484,0.00419094,ignore
77.9136,7.60251,-9.39342,0.0027733,0.00342484,0.00419094,ignore
81.9498,8.12085,-13.4167,0.0027733,0.00342484,0.00419094,ignore
33.9525,5.44468,14.7996,0.0027733,0.00342484,0.00419094,ignore
48.5679,14.9002,0.394705,0.0027733,0.00342484,0.00419094,ignore
63.3596,12.115,-0.695174,0.0027733,0.00342484,0.00419094,drawer_open
31.8207,22.7008,-49.5894,0.0027733,0.00342484,0.00419094,pitcher_lid
37.9152,8.02255,17.4289,0.0027733,0.00342484,0.00419094,ignore
21.1067,15.0661,-27.7554,0.0027733,0.00342484,0.00419094,ignore
82.9544,6.31159,-3.96902,0.0027733,0.00342484,0.00419094,drawer_handle
89.2522,-11.3313,39.2527,0.0027733,0.00342484,0.00419094,container
89.2522,-11.3313,39.2527,0.0027733,0.00342484,0.00419094,container_yellow
24.1227,5.84521,-4.56631,0.0027733,0.00342484,0.00419094,ignore
29.2316,2.93979,-10.4902,0.0027733,0.00342484,0.00419094,ignore
62.6163,1.55879,-5.31019,0.0027733,0.00342484,0.00419094,ignore
78.7218,2.42836,-7.43541,0.0027733,0.00342484,0.00419094,ignore
25.6838,4.77448,-13.3488,0.0027733,0.00342484,0.00419094,ignore
57.508,2.99218,-13.9382,0.0027733,0.00342484,0.00419094,ignore
57.508,2.99218,-13.9382,0.0027733,0.00342484,0.00419094,ignore
53.0377,5.11819,-11.8633,0.0027733,0.00342484,0.00419094,ignore
86.4123,4.91698,-14.0785,0.0027733,0.00342484,0.00419094,drawer
30.418,5.25022,12.3887,0.0027733,0.00342484,0.00419094,ignore
33.7586,7.72512,12.3029,0.0027733,0.00342484,0.00419094,ignore
10.9619,29.4376,-46.555,0.0027733,0.00342484,0.00419094,pitcher
39.6781,10.2349,-1.13983,0.0027733,0.00342484,0.00419094,ignore
21.9885,3.14147,14.744,0.0027733,0.00342484,0.00419094,ignore
35.1194,16.9686,-32.7061,0.0027733,0.00342484,0.00419094,pitcher
54.8766,8.89811,-2.11927,0.0027733,0.00342484,0.00419094,ignore
74.1324,9.41757,-15.1825,0.0027733,0.00342484,0.00419094,ignore
90.6428,4.39562,-8.12892,0.0027733,0.00342484,0.00419094,ignore
40.7649,9.3354,10.8932,0.0027733,0.00342484,0.00364267,ignore
31.5714,21.0688,-46.3747,0.0027733,0.00342484,0.00364267,pitcher_lid
62.9005,11.8816,-2.17548,0.0027733,0.00342484,0.00364267,drawer_open
69.6338,10.9083,-4.31928,0.0027733,0.00342484,0.00364267,ignore
21.4263,13.7687,-25.2796,0.0027733,0.00342484,0.00364267,ignore
40.7499,10.08,5.31303,0.0027733,0.00342484,0.00364267,ignore
82.2469,6.61338,-4.79384,0.0027733,0.00342484,0.00364267,drawer_handle
89.7753,-11.979,40.7844,0.0027733,0.00342484,0.00364267,container_yellow
2.76742,1.48996,-1.00149,0.0027733,0.00342484,0.00364267,ignore
30.5577,3.08188,-10.7482,0.0027733,0.00342484,0.00364267,ignore
28.3404,6.15029,12.4675,0.0027733,0.00342484,0.00364267,ignore
83.1059,1.20257,-4.06612,0.0027733,0.00342484,0.00364267,ignore
79.2548,1.02443,-5.78857,0.0027733,0.00342484,0.00364267,ignore
27.6723,5.76945,-14.6236,0.0027733,0.00342484,0.00364267,ignore
58.6094,4.38608,-8.8872,0.0027733,0.00342484,0.00364267,ignore
15.7744,3.50893,-8.27865,0.0027733,0.00342484,0.00364267,ignore
5.55114,1.67812,-0.779091,0.0027733,0.00342484,0.00364267,ignore
57.9468,6.28533,-12.3444,0.0027733,0.00342484,0.00364267,ignore
88.2088,4.40792,-14.4538,0.0027733,0.00342484,0.00364267,drawer
30.6213,5.98887,11.4822,0.0027733,0.00342484,0.00364267,ignore
33.0084,7.10543,12.1964,0.0027733,0.00342484,0.00364267,ignore
27.1521,7.50234,-10.7064,0.0027733,0.00342484,0.00364267,ignore
10.7806,30.6029,-47.7615,0.0027733,0.00342484,0.00364267,pitcher
33.8606,17.2097,-33.716,0.0027733,0.00342484,0.00364267,pitcher
69.3476,8.2653,-13.6541,0.0027733,0.00342484,0.00364267,ignore
46.4062,10.3232,-3.98928,0.0027733,0.00342484,0.00364267,ignore
22.7055,2.74838,13.6386,0.0027733,0.00342484,0.00364267,ignore
27.6465,4.1266,-2.95804,0.0027733,0.00342484,0.00364267,ignore
61.3382,8.97514,-3.80234,0.0027733,0.00342484,0.00364267,ignore
75.6424,7.7873,-8.4748,0.0027733,0.00342484,0.00364267,ignore
77.5329,8.35605,-14.5478,0.0027733,0.00342484,0.00364267,ignore
91.8981,4.04521,-6.80731,0.0027733,0.00342484,0.00364267,ignore
38.8412,8.86607,10.5335,0.0027733,0.00342484,0.00364267,ignore
77.6897,9.21406,-12.1252,0.0027733,0.00342484,0.00364267,ignore
78.2155,8.45102,-10.7502,0.0027733,0.00342484,0.00364267,ignore
31.1007,23.4396,-50.619,0.0027733,0.00342484,0.00364267,pitcher_lid
61.783,11.9329,-7.90886,0.0027733,0.00342484,0.00364267,ignore
63.8215,12.4661,0.296834,0.0027733,0.00342484,0.00364267,ignore
65.1602,11.6275,-2.75957,0.0027733,0.00342484,0.00364267,ignore
65.1602,11.6275,-2.75957,0.0027733,0.00342484,0.00364267,drawer_open
25.0129,11.5873,-17.3007,0.0027733,0.00342484,0.00364267,ignore
39.3644,10.5013,-6.4142,0.0027733,0.00342484,0.00364267,ignore
41.1079,9.32057,2.64765,0.0027733,0.00342484,0.00364267,ignore
84.7016,5.31485,-3.2138,0.0027733,0.00342484,0.00364267,drawer_handle
89.2813,-11.5012,39.9059,0.0027733,0.00342484,0.00364267,container_yellow
4.92752,2.92873,-3.46629,0.0027733,0.00342484,0.00364267,ignore
29.4132,2.92457,-10.46,0.0027733,0.00342484,0.00364267,ignore
62.0836,1.91215,-6.24786,0.0027733,0.00342484,0.00364267,ignore
79.4101,2.71262,-6.55145,0.0027733,0.00342484,0.00364267,ignore
27.5736,5.33879,-14.2937,0.0027733,0.00342484,0.00364267,ignore
60.4671,3.80204,-12.1498,0.0027733,0.00342484,0.00364267,ignore
24.0059,5.34625,10.8843,0.0027733,0.00342484,0.00364267,ignore
24.0059,5.34625,10.8843,0.0027733,0.00342484,0.00364267,ignore
64.4489,6.71243,-8.84117,0.0027733,0.00342484,0.00364267,ignore
94.1237,1.99031,-3.99784,0.0027733,0.00342484,0.00364267,drawer
22.7221,5.7452,7.43933,0.0027733,0.00342484,0.00364267,ignore
41.7316,10.1039,12.5602,0.0027733,0.00342484,0.00364267,ignore
36.1593,6.5878,15.4942,0.0027733,0.00342484,0.00364267,ignore
72.0767,9.5331,-8.88288,0.0027733,0.00342484,0.00364267,ignore
89.6243,7.87079,-8.72764,0.0027733,0.00342484,0.00364267,ignore
81.6925,9.76693,-13.1194,0.0027733,0.00342484,0.00364267,ignore
72.6903,14.1328,-1.40572,0.0027733,0.00342484,0.00364267,drawer_open
74.2097,14.9793,0.474109,0.0027733,0.00342484,0.00364267,ignore
22.5507,32.2319,-56.9022,0.0027733,0.00342484,0.00364267,pitcher
41.3175,26.4821,-52.8888,0.0027733,0.00342484,0.00364267,ignore
35.1393,23.2314,-50.1744,0.0027733,0.00342484,0.00364267,ignore
44.3952,12.7521,-9.14283,0.0027733,0.00342484,0.00364267,ignore
92.665,3.82139,0.741542,0.0027733,0.00342484,0.00364267,drawer_handle
84.9296,-10.8241,31.0889,0.0027733,0.00342484,0.00364267,container_yellow
47.7128,25.331,-56.518,0.0027733,0.00342484,0.00364267,pitcher_lid
41.6109,30.6906,-66.3091,0.0027733,0.00342484,0.00364267,ignore
44.8925,7.24994,18.4598,0.0027733,0.00342484,0.00364267,ignore
37.3028,14.4034,-24.7987,0.0027733,0.00342484,0.00364267,ignore
5.30858,4.0089,-0.512533,0.0027733,0.00342484,0.00364267,ignore
35.2232,4.48591,-11.3796,0.0027733,0.00342484,0.00364267,ignore
81.5319,1.23815,-2.20972,0.0027733,0.00342484,0.00364267,ignore
79.2803,2.44357,-8.35287,0.0027733,0.00342484,0.00364267,ignore
34.3055,6.3493,14.6337,0.0027733,0.00342484,0.00364267,ignore
33.2891,7.93951,-17.0408,0.0027733,0.00342484,0.00364267,ignore
89.0219,0.669406,-4.99857,0.0027733,0.00342484,0.00364267,ignore
69.127,4.89502,-7.24372,0.0027733,0.00342484,0.00364267,ignore
14.2336,4.26518,-8.21704,0.0027733,0.00342484,0.00364267,ignore
93.944,2.29526,-4.69871,0.0027733,0.00342484,0.00364267,drawer
37.511,9.20009,11.7791,0.0027733,0.00342484,0.00364267,ignore
59.3454,10.4873,-5.72864,0.0027733,0.00342484,0.00364267,ignore
53.942,10.9519,-8.52373,0.0027733,0.00342484,0.00364267,ignore
26.6827,4.73488,10.7023,0.0027733,0.00342484,0.00364267,ignore
52.0077,11.5631,0.273823,0.0027733,0.00342484,0.00364267,ignore
48.7745,12.0841,14.2185,0.0027733,0.00342484,0.00364267,ignore
83.8687,7.29821,-9.74336,0.0027733,0.00342484,0.00364267,ignore
71.6967,14.9943,-0.791777,0.0027733,0.00342484,0.00364267,drawer_open
22.988,33.3825,-58.7046,0.0027733,0.00342484,0.00364267,pitcher
41.4174,24.5553,-49.3476,0.0027733,0.00342484,0.00364267,ignore
44.6643,10.8402,-6.76866,0.0027733,0.00342484,0.00364267,ignore
92.9301,3.61201,0.993211,0.0027733,0.00342484,0.00364267,drawer_handle
83.3965,-10.5187,30.8475,0.0027733,0.00342484,0.00364267,container_yellow
47.7634,26.4702,-59.7701,0.0027733,0.00342484,0.00364267,pitcher_lid
38.2918,23.5393,-43.0268,0.0027733,0.00342484,0.00364267,ignore
42.1712,14.0688,-22.5032,0.0027733,0.00342484,0.00364267,pitcher_lid
38.2918,23.5393,-43.0268,0.0027733,0.00342484,0.00364267,pitcher_lid
83.6968,-9.57288,32.5882,0.0027733,0.00342484,0.00364267,ignore
2.5933,2.8056,0.0339295,0.0027733,0.00342484,0.00364267,ignore
35.8585,4.2278,-10.5467,0.0027733,0.00342484,0.00364267,ignore
85.2645,1.00574,-1.60368,0.0027733,0.00342484,0.00364267,ignore
33.176,7.32079,-16.541,0.0027733,0.00342484,0.00364267,ignoer
15.2538,5.44407,-9.57404,0.0027733,0.00342484,0.00364267,ignore
81.0016,-0.509256,-4.17014,0.0027733,0.00342484,0.00364267,ignore
76.5156,2.94698,-5.80317,0.0027733,0.00342484,0.00364267,ignore
5.02778,2.13339,-1.76332,0.0027733,0.00342484,0.00364267,ignore
17.3698,6.29296,6.96056,0.0027733,0.00342484,0.00364267,ignore
17.3698,6.29296,6.96056,0.0027733,0.00342484,0.00364267,ignore
54.9375,3.39163,-2.6535,0.0027733,0.00342484,0.00364267,ignore
73.2365,2.08568,-12.6766,0.00246774,0.0027733,0.00342484,ignore
90.2186,1.32358,-9.33603,0.00246774,0.0027733,0.00342484,drawer
25.1489,1.68072,12.0772,0.00246774,0.0027733,0.00342484,ignore
38.3417,5.57527,14.0953,0.00246774,0.0027733,0.00342484,ignore
23.8269,4.61548,-8.24311,0.00246774,0.0027733,0.00342484,ignore
83.1716,3.10181,-9.44451,0.00246774,0.0027733,0.00342484,ignore
71.0997,6.51731,-2.90498,0.00246774,0.0027733,0.00342484,drawer-open
34.4119,3.21756,18.0371,0.00246774,0.0027733,0.00342484,ignore
85.511,-13.2351,34.1647,0.00246774,0.0027733,0.00342484,container_yellow
43.8124,22.2763,-53.9026,0.00246774,0.0027733,0.00342484,pitcher_lid
83.1087,2.60878,1.91238,0.00246774,0.0027733,0.00342484,drawer_handle
74.1794,6.54265,-5.24565,0.00246774,0.0027733,0.00342484,ignore
42.9443,24.4748,-53.6725,0.00246774,0.0027733,0.00342484,ignore
24.6635,29.9391,-55.8353,0.00246774,0.0027733,0.00342484,pitcher
36.1317,5.31637,-4.84403,0.00246774,0.0027733,0.00342484,ignore
44.6553,6.23101,22.7408,0.00246774,0.0027733,0.00342484,ignore
38.2636,13.2234,-25.815,0.00246774,0.0027733,0.00342484,ignore
36.7476,20.4048,-46.0235,0.00246774,0.0027733,0.00342484,ignore
2.33022,0.585187,-0.788426,0.00246774,0.0027733,0.00342484,ignore
31.3137,0.571211,-8.49598,0.00246774,0.0027733,0.00342484,ignore
64.2245,0.669983,-5.77417,0.00246774,0.0027733,0.00342484,ignore
79.4941,0.425164,-4.97871,0.00246774,0.0027733,0.00342484,ignore
28.2071,3.20414,-12.6233,0.00246774,0.0027733,0.00342484,ignore
27.5783,3.51853,12.88,0.00246774,0.0027733,0.00342484,ignore
68.1557,1.3715,-6.15295,0.00246774,0.0027733,0.00342484,ignore
80.5037,-1.13023,-4.5567,0.00246774,0.0027733,0.00342484,ignore
5.83195,2.84725,-9.59425,0.00246774,0.0027733,0.00342484,ignore
56.1583,2.23366,-7.94835,0.00246774,0.0027733,0.00342484,ignore
69.9961,3.54276,-6.31134,0.00246774,0.0027733,0.00342484,ignore
90.0244,1.20842,-8.95587,0.00246774,0.0027733,0.00342484,drawer
23.5521,1.85736,11.9897,0.00246774,0.0027733,0.00342484,ignore
38.0357,5.66994,14.9172,0.00246774,0.0027733,0.00342484,ignore
24.3518,1.05287,14.1771,0.00246774,0.0027733,0.00342484,ignore
75.7561,4.45234,-13.2693,0.00246774,0.0027733,0.00342484,ignore
71.0015,6.58702,-3.02299,0.00246774,0.0027733,0.00342484,drawer_open
41.5871,5.05646,20.2918,0.00246774,0.0027733,0.00342484,ignore
86.1626,-14.0247,35.9363,0.00246774,0.0027733,0.00342484,container_yellow
42.9746,20.5234,-50.4187,0.00246774,0.0027733,0.00342484,pitcher_lid
81.9851,2.95977,1.28678,0.00246774,0.0027733,0.00342484,drawer_handle
74.5155,5.17175,-3.093,0.00246774,0.0027733,0.00342484,ignore
46.0369,5.8049,13.6559,0.00246774,0.0027733,0.00342484,ignore
43.9055,23.7324,-51.9264,0.00246774,0.0027733,0.00342484,ignore
25.1987,29.3206,-55.6882,0.00246774,0.0027733,0.00342484,pitcher
27.9933,24.7891,-49.4946,0.00246774,0.0027733,0.00342484,ignore
33.2116,25.3811,-52.9182,0.00246774,0.0027733,0.00342484,ignore
25.4341,2.7193,12.6985,0.00246774,0.0027733,0.00342484,ignore
2.74109,1.12308,-0.61839,0.00246774,0.0027733,0.00342484,ignore
29.8996,0.795266,-8.97081,0.00246774,0.0027733,0.00342484,ignore
66.7108,1.40508,-5.96247,0.00246774,0.0027733,0.00342484,ignore
82.5896,-0.850401,-3.95267,0.00246774,0.0027733,0.00342484,ignore
31.0041,3.07892,-13.009,0.00246774,0.0027733,0.00342484,ignore
66.5987,2.36717,-4.21652,0.00246774,0.0027733,0.00342484,ignore
70.0073,-0.130326,-1.7173,0.00246774,0.0027733,0.00342484,ignore
91.4623,1.08646,-9.35804,0.00246774,0.0027733,0.00342484,drawer
16.5551,2.07109,7.74599,0.00246774,0.0027733,0.00342484,ignore
55.1298,2.83022,-5.71531,0.00246774,0.0027733,0.00342484,ignore
36.3357,4.69562,13.6373,0.00246774,0.0027733,0.00342484,ignore
31.6476,5.21582,-6.5871,0.00246774,0.0027733,0.00342484,ignore
26.5864,0.301299,15.5959,0.00246774,0.0027733,0.00342484,ignore
69.0809,1.2172,-11.0891,0.00246774,0.0027733,0.00342484,ignore
74.5816,4.25266,-12.2905,0.00246774,0.0027733,0.00342484,ignore
62.1609,4.76111,2.89288,0.00246774,0.0027733,0.00342484,ignore
70.7535,6.7016,-3.18352,0.00246774,0.0027733,0.00342484,drawer_open
39.4533,4.11011,18.5731,0.00246774,0.00258946,0.0027733,ignore
83.0015,-12.1735,33.3177,0.00246774,0.00258946,0.0027733,container_yellow
43.5608,20.3406,-50.6002,0.00246774,0.00258946,0.0027733,pitcher_lid
83.552,2.99809,0.282232,0.00246774,0.00258946,0.0027733,drawer_handle
66.4483,6.50199,1.54834,0.00246774,0.00258946,0.0027733,ignore
44.6353,20.6108,-46.9786,0.00246774,0.00258946,0.0027733,ignore
26.6241,28.4143,-55.391,0.00246774,0.00258946,0.0027733,pitcher
44.1955,6.65031,22.5057,0.00246774,0.00258946,0.0027733,ignore
22.3476,28.3566,-50.8158,0.00246774,0.00258946,0.0027733,ignore
37.1829,21.9901,-49.5207,0.00246774,0.00258946,0.0027733,ignore
2.47427,0.987409,-0.167384,0.00246774,0.00258946,0.0027733,ignore
28.4569,3.06631,13.664,0.00246774,0.00258946,0.0027733,ignore
32.0687,0.683353,-8.76141,0.00246774,0.00258946,0.0027733,ignore
80.2675,0.346191,-3.40514,0.00246774,0.00258946,0.0027733,ignore
27.7852,3.30194,-12.7073,0.00246774,0.00258946,0.0027733,ignore
63.5138,2.78974,-7.62421,0.00246774,0.00258946,0.0027733,ignore
71.571,-0.699837,-4.29792,0.00246774,0.00258946,0.0027733,ignore
71.571,-0.699837,-4.29792,0.00246774,0.00258946,0.0027733,ignore
59.9129,1.56896,-7.40131,0.00246774,0.00258946,0.0027733,ignore
89.6856,1.3063,-8.81801,0.00246774,0.00258946,0.0027733,drawer
32.3915,4.14388,13.7905,0.00246774,0.00258946,0.0027733,ignore
21.1344,4.67351,-8.03074,0.00246774,0.00258946,0.0027733,ignore
77.3441,4.31929,-13.0234,0.00246774,0.00258946,0.0027733,ignore
25.0378,0.951868,16.2022,0.00246774,0.00258946,0.0027733,ignore
70.8633,6.56572,-2.86535,0.00246774,0.00258946,0.0027733,drawer_open
39.4446,4.28102,18.3299,0.00246774,0.00258946,0.0027733,ignore
81.7331,-12.0383,33.8129,0.00246774,0.00258946,0.0027733,container_yellow
43.5601,20.568,-50.6055,0.00246774,0.00258946,0.0027733,pitcher_lid
80.4649,3.90102,1.00883,0.00246774,0.00258946,0.0027733,drawer_handle
46.3953,19.4535,-43.9657,0.00246774,0.00258946,0.0027733,ignore
26.6644,28.0637,-54.7182,0.00246774,0.00258946,0.0027733,pitcher
22.4491,27.7114,-50.6717,0.00246774,0.00258946,0.0027733,ignore
43.3146,6.04499,21.0697,0.00246774,0.00258946,0.0027733,ignore
3.13349,1.62056,-0.147221,0.00246774,0.00258946,0.0027733,ignore
32.7525,0.691239,-8.48071,0.00246774,0.00258946,0.0027733,ignore
70.9822,0.503771,-5.38905,0.00246774,0.00258946,0.0027733,ignore
29.1901,2.54426,-11.1086,0.00246774,0.00258946,0.0027733,ignore
41.4833,3.59785,19.615,0.00246774,0.00258946,0.0027733,ignore
53.1328,1.22364,-7.98976,0.00246774,0.00258946,0.0027733,ignore
74.7105,-1.02877,-2.33183,0.00246774,0.00258946,0.0027733,ignore
12.4812,2.43966,-5.46028,0.00246774,0.00258946,0.0027733,ignore
15.9684,2.87829,6.97538,0.00246774,0.00258946,0.0027733,ignore
95.7974,0.426915,-2.99872,0.00246774,0.00258946,0.0027733,drawer
30.9513,2.64618,16.0065,0.00246774,0.00258946,0.0027733,ignore
37.7796,6.6823,14.4527,0.00246774,0.00258946,0.0027733,ignore
64.8141,3.75181,-5.38139,0.00246774,0.00258946,0.0027733,ignore
30.7627,6.99043,-9.43414,0.00246774,0.00258946,0.0027733,ignore
44.3008,8.76555,16.6155,0.00246774,0.00258946,0.0027733,ignore
70.2548,7.09565,0.634193,0.00246774,0.00258946,0.0027733,ignore
78.2426,8.66463,1.46382,0.00246774,0.00258946,0.0027733,drawer_open
20.8678,32.3519,-56.5809,0.00246774,0.00258946,0.0027733,pitcher
49.5371,8.32494,17.6258,0.00246774,0.00258946,0.0027733,ignore
46.5888,19.2622,-42.5063,0.00246774,0.00258946,0.0027733,ignore
40.6828,11.8104,-25.3367,0.00246774,0.00258946,0.0027733,ignore
41.4216,5.16325,15.8122,0.00246774,0.00258946,0.0027733,ignore
93.1359,1.88434,3.35873,0.00246774,0.00258946,0.0027733,drawer_handle
93.2963,-10.9672,39.4835,0.00246774,0.00258946,0.0027733,container_yellow
38.5691,13.0222,-37.1718,0.00246774,0.00258946,0.0027733,pitcher_lid
33.4069,23.0961,-54.2078,0.00246774,0.00258946,0.0027733,ignore
31.8625,4.20346,14.633,0.00246774,0.00258946,0.0027733,ignore
3.63108,0.583536,0.0523582,0.00246774,0.00258946,0.0027733,ignore
35.1123,1.44834,-8.37786,0.00246774,0.00258946,0.0027733,ignore
74.8203,0.887479,-3.2313,0.00246774,0.00258946,0.0027733,ignore
79.9725,0.791183,-3.68271,0.00246774,0.00258946,0.0027733,ignore
34.4527,4.45712,-13.39,0.00246774,0.00258946,0.0027733,ignore
67.8874,2.2106,0.107741,0.00246774,0.00258946,0.0027733,ignore
78.7538,0.345901,-3.28574,0.00246774,0.00258946,0.0027733,ignore
14.4434,3.01309,-6.56161,0.00246774,0.00258946,0.0027733,ignore
4.60822,3.58972,1.6146,0.00246774,0.00258946,0.0027733,ignore
74.8494,1.3652,-8.50003,0.00246774,0.00258946,0.0027733,ignore
96.1862,0.360292,-2.90969,0.00246774,0.00258946,0.0027733,drawer
41.063,7.04525,15.5926,0.00246774,0.00258946,0.0027733,ignore
59.5739,5.32501,-5.79135,0.00246774,0.00258946,0.0027733,ignore
55.4432,8.22068,2.56083,0.00246774,0.00258946,0.0027733,ignore
71.9304,7.16253,-1.39621,0.00246774,0.00258946,0.0027733,ignore
39.9038,4.50307,18.7943,0.00246774,0.00258946,0.0027733,ignore
78.7072,8.58191,1.1133,0.00246774,0.00258946,0.0027733,drawer_open
21.988,30.0061,-54.4146,0.00246774,0.00258946,0.0027733,pitcher
44.5522,23.2556,-49.4938,0.00246774,0.00258946,0.0027733,ignore
90.8213,2.86915,3.92377,0.00246774,0.00258946,0.0027733,drawer_handle
93.106,-10.6831,38.311,0.00246774,0.00258946,0.0027733,container_yellow
37.2937,14.0851,-38.8066,0.00246774,0.00258946,0.0027733,pitcher_lid
2.89294,2.14953,0.555219,0.00246774,0.00258946,0.0027733,ignore
37.1841,1.68865,-8.38616,0.00246774,0.00258946,0.0027733,ignore
84.8234,-0.0625799,-1.07275,0.00246774,0.00258946,0.0027733,ignore
32.9126,3.78742,16.0094,0.00246774,0.00258946,0.0027733,ignore
34.4661,5.27152,-14.0404,0.00246774,0.00258946,0.0027733,ignore
84.4693,1.12895,-2.26155,0.00246774,0.00258946,0.0027733,ignore
67.954,3.32797,-3.64499,0.00246774,0.00258946,0.0027733,ignore
5.66327,0.146496,0.319657,0.00246774,0.00258946,0.0027733,ignore
23.3214,2.36885,-4.41955,0.00246774,0.00258946,0.0027733,ignore
65.101,2.69738,-4.39455,0.00246774,0.00258946,0.0027733,ignore
94.6105,0.648745,-2.77298,0.00246774,0.00258946,0.0027733,drawer
78.9342,8.63214,0.893944,0.00246774,0.00258946,0.0027733,drawer_open
21.0378,31.9681,-56.3068,0.00246774,0.00258946,0.0027733,pitcher
91.3534,2.48073,4.13619,0.00246774,0.00258946,0.0027733,drawer_handle
91.8717,-10.3538,39.0011,0.00246774,0.00258946,0.0027733,container_yellow
37.3582,15.5029,-41.6378,0.00246774,0.00258946,0.0027733,pitcher_lid
93.4955,0.722326,-2.58924,0.00246774,0.00258946,0.0027733,drawer
78.3381,8.69329,1.16735,0.00246774,0.00258946,0.0027733,drawer_open
22.7955,28.9395,-53.5764,0.00246774,0.00258946,0.0027733,pitcher
92.0116,2.42287,3.56237,0.00246774,0.00258946,0.0027733,drawer_handle
92.6298,-10.1626,37.3369,0.00246774,0.00258946,0.0027733,container_yellow
37.763,14.9834,-40.7753,0.00246774,0.00258946,0.0027733,pitcher_lid
96.0095,0.343573,-2.94651,0.00246774,0.00258946,0.0027733,drawer
78.4972,8.71149,0.740835,0.00246774,0.00258946,0.0027733,drawer_open
22.122,29.9003,-54.4196,0.00246774,0.00258946,0.0027733,pitcher
93.5717,1.75551,3.45188,0.00246774,0.00258946,0.0027733,drawer_handle
92.7854,-9.95509,36.4278,0.00246774,0.00258946,0.0027733,container_yellow
36.969,15.3978,-41.3314,0.00246774,0.00258946,0.0027733,pitcher_lid
90.841,1.74638,-7.1764,0.00246774,0.00258946,0.0027733,drawer
90.6574,-14.5612,48.0491,0.00246774,0.00258946,0.0027733,container_yellow
14.6174,31.4338,-50.8404,0.00246774,0.00258946,0.0027733,pitcher
32.1664,14.4329,-26.5938,0.00246774,0.00258946,0.0027733,pitcher
51.7266,11.8341,-14.2634,0.00246774,0.00258946,0.0027733,pitcher
46.6738,23.8201,-56.5203,0.00246774,0.00258946,0.0027733,pitcher_lid
93.2108,2.55851,-0.754723,0.00246774,0.00258946,0.0027733,drawer_handle
90.6653,1.80894,-7.15491,0.00237353,0.00246774,0.00258946,drawer
90.0859,-14.5822,47.3353,0.00237353,0.00246774,0.00258946,container_yellow
15.6287,30.6228,-50.3854,0.00237353,0.00246774,0.00258946,pitcher
67.2826,10.3769,-1.79505,0.00237353,0.00246774,0.00258946,drawer_open
31.179,15.2605,-28.2663,0.00237353,0.00246774,0.00258946,pitcher
56.1322,8.70198,-8.35092,0.00237353,0.00246774,0.00258946,ignore
40.7703,20.8658,-49.7673,0.00237353,0.00246774,0.00258946,ignore
46.7485,21.4796,-52.4916,0.00237353,0.00246774,0.00258946,pitcher_lid
93.988,2.27559,-0.198013,0.00237353,0.00246774,0.00258946,drawer_handle
60.0918,11.4202,-5.39211,0.00237353,0.00246774,0.00258946,ignore
41.5231,18.4142,-31.4235,0.00237353,0.00246774,0.00258946,ignore
50.8182,12.8668,-14.0122,0.00237353,0.00246774,0.00258946,ignore
54.5935,18.301,-7.34587,0.00237353,0.00246774,0.00258946,ignore
24.56,18.6852,-37.0174,0.00237353,0.00246774,0.00258946,ignore
92.167,1.74949,-7.41805,0.00237353,0.00246774,0.00258946,drawer
91.0761,-14.788,48.0489,0.00237353,0.00246774,0.00258946,container_yellow
14.9788,30.7557,-50.1424,0.00237353,0.00246774,0.00258946,pitcher
32.0663,14.8195,-27.3061,0.00237353,0.00246774,0.00258946,pitcher
61.448,9.75228,-8.93324,0.00237353,0.00246774,0.00258946,ignore
47.7613,19.4444,-48.3732,0.00237353,0.00246774,0.00258946,pitcher_lid
93.5361,2.49661,-0.921298,0.00237353,0.00246774,0.00258946,drawer_handle
45.9266,13.967,-22.4847,0.00237353,0.00246774,0.00258946,pitcher
52.1865,13.888,-12.0729,0.00237353,0.00246774,0.00258946,ignore
61.116,15.6526,-7.09277,0.00237353,0.00246774,0.00258946,ignore
22.1461,20.8626,-39.8089,0.00237353,0.00246774,0.00258946,ignore
40.7319,29.9389,-65.1277,0.00237353,0.00246774,0.00258946,ignore
44.3841,6.93221,22.572,0.00237353,0.00246774,0.00258946,ignore
91.7851,1.79535,-7.7056,0.00237353,0.00246774,0.00258946,drawer
90.418,-14.4599,46.5375,0.00237353,0.00246774,0.00258946,container_yellow
14.956,32.2949,-51.9574,0.00237353,0.00246774,0.00258946,pitcher
55.5838,10.682,-7.88798,0.00237353,0.00246774,0.00258946,ignore
31.733,15.1125,-26.733,0.00237353,0.00246774,0.00258946,pitcher
46.8511,23.2074,-56.0663,0.00219657,0.00237353,0.00246774,pitcher_lid
94.2361,2.01189,-0.494037,0.00219657,0.00237353,0.00246774,drawer_handle
34.6758,15.898,-34.4977,0.00219657,0.00237353,0.00246774,ignore
50.9203,12.5743,-15.1699,0.00219657,0.00237353,0.00246774,ignore
42.8625,17.914,-28.9052,0.00219657,0.00237353,0.00246774,ignore
56.9749,17.0162,-4.84068,0.00219657,0.00237353,0.00246774,ignore
22.8292,18.9998,-37.2203,0.00219657,0.00237353,0.00246774,ignore
88.6188,3.97422,-13.3132,0.00193681,0.00219657,0.00237353,drawer
54.8123,7.22548,-9.91367,0.00193681,0.00219657,0.00237353,ignore
22.2745,2.235,13.4145,0.00193681,0.00219657,0.00237353,ignore
22.0309,4.19964,8.21629,0.00193681,0.00219657,0.00237353,ignore
36.7324,8.18129,10.6024,0.00193681,0.00219657,0.00237353,ignore
28.5917,5.89402,9.05618,0.00193681,0.00219657,0.00237353,ignore
75.0089,5.9793,-16.3462,0.00193681,0.00219657,0.00237353,ignore
71.5726,10.7061,-7.5351,0.00193681,0.00219657,0.00237353,drawer_open
38.1626,24.3303,-52.9849,0.00193681,0.00219657,0.00237353,pitcher_lid
13.3096,29.059,-47.3862,0.00193681,0.00219657,0.00237353,pitcher
28.0309,22.3678,-45.1326,0.00193681,0.00219657,0.00237353,ignore
32.5146,7.71603,-14.6895,0.00193681,0.00219657,0.00237353,ignore
85.7268,5.85372,-3.11879,0.00193681,0.00219657,0.00237353,drawer_handle
22.6957,14.9977,-25.2047,0.00193681,0.00219657,0.00237353,ignore
35.3665,19.618,-34.4247,0.00193681,0.00219657,0.00237353,ignore
36.7322,16.8277,-34.6842,0.00193681,0.00219657,0.00237353,ignore
40.7034,11.9464,-18.7848,0.00193681,0.00219657,0.00237353,ignore
58.4442,16.2628,-7.14793,0.00193681,0.00219657,0.00237353,ignore
37.4079,6.52148,14.5101,0.00193681,0.00219657,0.00237353,ignore
90.8262,-12.6838,48.1787,0.00193681,0.00219657,0.00237353,container_yellow
41.6804,9.82594,15.3652,0.00193681,0.00219657,0.00237353,ignore
25.3167,4.57684,10.3836,0.00193681,0.00219657,0.00237353,ignore
1.91171,2.06842,-1.00641,0.00193681,0.00219657,0.00237353,ignore
