95.1537,1.57399,-3.34844,0.012057,0.012057,0.0126747,drawer
62.2664,10.6331,-15.5089,0.012057,0.012057,0.0126747,drawer
69.8411,10.3907,-18.1253,0.012057,0.012057,0.012057,drawer
68.5958,8.96666,-17.5277,0.012057,0.012057,0.012057,drawer
41.8161,10.6055,7.27151,0.012057,0.012057,0.012057,ignore
59.8704,11.404,-13.5824,0.012057,0.012057,0.012057,drawer
3.81092,4.02599,-1.72292,0.012057,0.012057,0.012057,bag
0.104219,0.396544,-0.302103,0.012057,0.012057,0.012057,ignore
49.9058,12.1589,8.26394,0.00410881,0.012057,0.012057,ignore
64.8534,12.3399,-11.9408,0.00410881,0.012057,0.012057,ignore
26.4894,8.67358,-10.3626,0.00410881,0.012057,0.012057,brown_drawer_handle
28.2515,-4.96151,9.72997,0.00410881,0.012057,0.012057,ignore
82.5574,10.654,-16.0895,0.00410881,0.012057,0.012057,ignore
30.7459,-22.9656,15.2119,0.00410881,0.012057,0.012057,repellent
38.9851,11.9129,-3.8969,0.00410881,0.0105818,0.012057,repellent
24.1531,7.06322,-6.52536,0.00410881,0.0105818,0.012057,brown_drawer_handle
24.2434,-7.5684,-1.11153,0.00410881,0.0105818,0.012057,repellent
38.7081,-18.4157,8.55319,0.00410881,0.0105818,0.012057,repellent
87.7087,5.65393,-5.01679,0.00410881,0.0105818,0.012057,drawer_handle
86.7447,8.52854,-12.2291,0.00410881,0.0105818,0.012057,drawer
39.6881,60.2814,22.0206,0.00410881,0.0105818,0.012057,rope
26.1538,48.5189,17.7169,0.00410881,0.00777842,0.0105818,ignore
14.3632,13.2983,6.02609,0.00410881,0.00777842,0.0105818,burner
53.0684,10.3306,-9.31483,0.00410881,0.00777842,0.0105818,flashlight_silver
17.4074,11.7864,-3.21515,0.00410881,0.00777842,0.0105818,pocket_knife
49.2393,74.867,32.9408,0.00410881,0.00777842,0.0105818,brush_red_red
63.2647,10.4146,-5.90452,0.00410881,0.00777842,0.0105818,battery_1.5V
15.4262,10.3188,-0.776029,0.00410881,0.00777842,0.0105818,ignore
80.8596,6.97332,-13.6202,0.00410881,0.00777842,0.00986278,flashlight_silver
24.1039,9.33253,-1.75918,0.00410881,0.00777842,0.00986278,burner
22.8314,24.0972,-35.0038,0.00410881,0.00777842,0.00986278,sunblock_cap
37.8147,10.4747,-10.4322,0.00410881,0.00777842,0.00986278,pocket_knife
51.7159,7.71472,0.911332,0.00410881,0.00777842,0.00986278,flashlight_silver
27.5112,22.9979,6.06478,0.00410881,0.00777842,0.00986278,brush_red_red
53.6667,31.6118,18.4865,0.00410881,0.00777842,0.00986278,sunblock
40.4856,60.5192,14.318,0.00410881,0.00777842,0.00986278,brush_red_red
50.2123,59.1328,24.8664,0.00410881,0.00777842,0.00986278,brush_red_red
72.9539,5.90444,-2.80305,0.00410881,0.00777842,0.00986278,ignore
48.6014,38.3042,1.09662,0.00410881,0.00712812,0.00777842,ignore
36.6951,22.838,10.1248,0.00410881,0.00712812,0.00777842,ignore
74.974,6.26097,0.928362,0.00410881,0.00712812,0.00777842,harmonica
53.8049,7.37873,-3.11336,0.00410881,0.00712812,0.00777842,stove_lid
28.9144,24.3559,-11.2813,0.00410881,0.00712812,0.00777842,jello
31.7495,7.24352,-3.99396,0.00410881,0.00712812,0.00777842,stove_lid
9.74908,22.4702,-2.55476,0.00410881,0.00712812,0.00777842,lamp
22.927,30.7609,4.69247,0.00410881,0.00712812,0.00777842,lamp
40.5245,34.5057,-16.7746,0.00410881,0.00712812,0.00777842,jello
51.7549,20.2313,-20.2059,0.00410881,0.00712812,0.00777842,jello
63.4324,7.86075,-8.53154,0.00410881,0.00712812,0.00777842,stove_lid
19.0815,8.61573,-5.69535,0.00410881,0.00712812,0.00777842,lamp
87.3009,2.32011,-2.37956,0.00410881,0.00712812,0.00777842,stove_lid
11.3723,23.0447,5.2945,0.00410881,0.00712812,0.00777842,emergency_kit
11.3723,23.0447,5.2945,0.00410881,0.00712812,0.00777842,first_aid_kit
67.9679,7.77552,0.959161,0.00410881,0.00712812,0.00777842,stove_lid
55.3082,6.30493,-3.62558,0.00410881,0.00712812,0.00777842,stove_lid
73.7337,3.87685,-4.15228,0.00410881,0.00712812,0.00777842,stove_lid
51.3742,70.3493,24.5082,0.00410881,0.00712812,0.00777842,first_aid_kit
49.2763,7.31093,-7.33618,0.00410881,0.00712812,0.00777842,stove_lid
52.2971,66.2571,17.2145,0.00410881,0.00712812,0.00777842,first_aid_kit
25.6763,43.7263,17.9651,0.00410881,0.00712812,0.00777842,first_aid_kit
30.626,43.0248,5.67572,0.00410881,0.00712812,0.00777842,first_aid_kit
31.4963,30.4383,13.3264,0.00410881,0.00712812,0.00777842,first_aid_kit
22.9607,19.1498,5.91625,0.00410881,0.00712812,0.00777842,first_aid_kit
94.1776,0.32332,-3.2872,0.00410881,0.00678973,0.00712812,drawer
67.367,4.74356,-12.4869,0.00410881,0.00678973,0.00712812,drawer
67.4851,0.420257,-11.304,0.00410881,0.00678973,0.00712812,drawer
61.3454,5.52087,-10.195,0.00410881,0.00678973,0.00712812,drawer
43.7446,6.40026,11.2299,0.00410881,0.00678973,0.00712812,ignore
57.3673,5.98715,-5.68386,0.00410881,0.00678973,0.00712812,drawer
3.43728,2.21209,-0.291885,0.00410881,0.00678973,0.00712812,bag
66.7948,4.90203,-12.3004,0.00410881,0.00678973,0.00712812,ignore
0.0664343,0.273074,-0.495776,0.00410881,0.00678973,0.00712812,ignore
64.8474,7.88721,-9.33826,0.00410881,0.00678973,0.00712812,ignore
27.3355,5.05995,-6.33236,0.00410881,0.00678973,0.00712812,brown_drawer_handle
23.5608,-17.3219,14.2775,0.00410881,0.00678973,0.00712812,ignore
28.5268,-24.0219,18.3923,0.00410881,0.00678973,0.00712812,repellent
42.5861,-20.8825,13.9283,0.00410881,0.00678973,0.00712812,repellent
49.4128,7.0401,14.7034,0.00410881,0.00550343,0.00678973,ignore
27.6938,4.93184,-4.04502,0.00410881,0.00550343,0.00678973,brown_drawer_handle
39.0551,9.20001,1.19449,0.00410881,0.00550343,0.00678973,ignore
29.7192,-5.27127,-1.52634,0.00410881,0.00550343,0.00678973,repellent
87.2929,3.82013,-4.14922,0.00410881,0.00550343,0.00678973,drawer_handle
18.0483,4.86448,-2.96539,0.00410881,0.00550343,0.00678973,brown_drawer_handle
50.1902,7.87319,16.1049,0.00410881,0.00550343,0.00678973,ignore
37.7033,55.9277,25.2617,0.00410881,0.00550343,0.00678973,rope
24.5253,46.2858,25.4272,0.00410881,0.00550343,0.00678973,ignore
63.8607,3.98278,-9.31684,0.00410881,0.00550343,0.00678973,flashlight_silver
15.3509,9.37939,9.88808,0.00410881,0.00550343,0.00678973,burner
21.3451,7.36195,0.526739,0.00410881,0.00550343,0.00678973,pocket_knife
6.76183,5.97658,1.33405,0.00410881,0.00550343,0.00678973,ignore
21.5922,6.06051,2.76865,0.00410881,0.00550343,0.00678973,burner
23.559,11.3186,11.2417,0.00410881,0.00550343,0.00678973,brush_red_red
20.5409,21.7759,-36.2975,0.00410881,0.00550343,0.00678973,sunblock_cap
45.106,56.6998,31.5995,0.00410881,0.00550343,0.00678973,brush_red_red
44.6608,68.7618,36.4845,0.00410881,0.00550343,0.00678973,rope
42.1653,8.11127,1.47187,0.00410881,0.00550343,0.00678973,battery_1.5V
62.9594,3.24992,-1.19566,0.00410881,0.00550343,0.00678973,flashlight_silver
32.2595,6.65444,-7.20054,0.00410881,0.00550343,0.00678973,pocket_knife
41.2472,58.4898,29.1294,0.00410881,0.00550343,0.00678973,brush_red
48.3279,69.359,12.3526,0.00410881,0.00550343,0.00678973,brush_red
65.7017,1.30107,24.7068,0.00410881,0.00550343,0.00678973,apple_juice
59.2444,30.8796,20.5276,0.00410881,0.00550343,0.00678973,sunblock
29.9247,18.7385,13.0542,0.00410881,0.00550343,0.00678973,brush_red
77.7015,-2.89567,35.5836,0.00410881,0.00550343,0.00678973,apple_juice
65.2228,10.5344,4.08427,0.00410881,0.00550343,0.00678973,apple_juice
46.5549,27.297,27.9226,0.00410881,0.00550343,0.00678973,sunblock
84.4373,-13.5562,54.8888,0.00410881,0.00550343,0.00678973,apple_juice
72.7744,-1.77277,39.0972,0.00410881,0.00550343,0.00678973,apple_juice
62.5445,33.5056,23.4248,0.00410881,0.00550343,0.00678973,sunblock
48.0755,34.071,19.7014,0.00410881,0.00550343,0.00678973,sunblock
72.7636,7.83261,20.4734,0.00410881,0.00550343,0.00678973,apple_juice
76.0231,3.58579,3.36498,0.00410881,0.00550343,0.00678973,harmonica
50.5702,26.5904,33.1332,0.00410881,0.00550343,0.00678973,sunblock
26.1333,24.965,-6.17409,0.00410881,0.00550343,0.00678973,jello
62.741,16.6112,5.21883,0.00410881,0.00550343,0.00678973,apple_juice
30.5188,3.21062,2.64848,0.00410881,0.00550343,0.00678973,stove_lid
53.5567,1.95712,2.32563,0.00410881,0.00550343,0.00678973,stove_lid
44.9026,16.5846,-15.37,0.00410881,0.00550343,0.00678973,battery_1.5V
15.2699,25.0847,1.91479,0.00410881,0.00550343,0.00678973,lamp
51.0839,23.7719,-10.912,0.00410881,0.00550343,0.00678973,jello
20.6599,28.2881,4.98826,0.00410881,0.00550343,0.00678973,lamp
21.9235,6.19216,-2.66773,0.00410881,0.00550343,0.00678973,lamp
65.5242,2.8487,-0.244053,0.00410881,0.00550343,0.00678973,ignore
55.2149,7.25582,0.648001,0.00410881,0.00550343,0.00678973,jello
21.6899,4.66702,9.95389,0.00410881,0.00550343,0.00678973,lamp
72.6016,15.3358,-13.4795,0.00410881,0.00550343,0.00678973,jello
58.9887,2.04081,3.44219,0.00410881,0.00550343,0.00678973,stove_lid
50.9997,14.1535,-6.36003,0.00410881,0.00550343,0.00678973,jello
66.2002,1.63179,-1.31672,0.00410881,0.00550343,0.00678973,ignore
16.4353,24.7322,10.6287,0.00410881,0.00550343,0.00678973,first_aid_kit
70.4454,1.05637,-0.134619,0.00410881,0.00550343,0.00678973,stove_lid
31.9681,42.0286,15.0132,0.00410881,0.00550343,0.00678973,first_aid_kit
78.8738,-0.557005,-26.6258,0.00410881,0.00550343,0.00678973,poncho
41.4627,52.4504,22.9607,0.00410881,0.00550343,0.00678973,first_aid_kit
41.308,50.594,14.5092,0.00410881,0.00550343,0.00678973,first_aid_kit
64.0415,3.09794,1.61152,0.00410881,0.00550343,0.00569133,stove_lid
34.468,19.1736,18.0649,0.00410881,0.00550343,0.00569133,first_aid_kit
93.4307,0.516741,-3.50291,0.00410881,0.00550343,0.00569133,drawer
62.0115,4.9189,-10.0394,0.00410881,0.00550343,0.00569133,drawer
68.6776,5.41258,-12.341,0.00410881,0.00550343,0.00569133,drawer
39.015,5.70338,12.6294,0.00410881,0.00550343,0.00569133,ignore
63.676,5.26464,-10.9581,0.00410881,0.00550343,0.00569133,drawer
50.958,4.35045,-3.48088,0.00410881,0.00550343,0.00569133,drawer
27.126,-2.58594,14.0497,0.00410881,0.00550343,0.00569133,ignore
62.3137,6.08856,-8.62744,0.00410881,0.00550343,0.00569133,drawer
3.52033,2.18055,-0.238886,0.00410881,0.00550343,0.00569133,bag
45.1858,6.62887,13.3036,0.00410881,0.00550343,0.00569133,ignore
0.0791795,0.314378,-0.587562,0.00410881,0.00550343,0.00569133,ignore
82.2084,6.46926,-9.73134,0.00410881,0.00550343,0.00569133,drawer
79.6815,6.04408,-10.718,0.00410881,0.00550343,0.00569133,drawer
51.2508,8.19824,16.5661,0.00410881,0.00493115,0.00550343,ignore
24.2163,-13.0928,17.1142,0.00410881,0.00493115,0.00550343,ignore
31.2764,-26.3446,18.5689,0.00410881,0.00493115,0.00550343,repellent
39.0693,-21.7021,10.9651,0.00410881,0.00493115,0.00550343,repellent
87.6942,4.16901,-7.85459,0.00410881,0.00493115,0.00550343,ignore
41.6274,12.1218,1.47346,0.00410881,0.00493115,0.00550343,repellent
26.9824,4.37338,-3.37997,0.00410881,0.00493115,0.00550343,brown_drawer_handle
87.2227,3.56217,-2.98685,0.00410881,0.00493115,0.00550343,drawer_handle
17.0711,-16.9378,8.7543,0.00410881,0.00493115,0.00550343,repellent
20.0001,4.7367,-0.426558,0.00410881,0.00493115,0.00550343,brown_drawer_handle
38.1192,-4.98782,18.8158,0.00410881,0.00493115,0.00550343,ignore
38.1718,56.9097,25.7079,0.00410881,0.00493115,0.00550343,rope
24.9813,47.1233,23.992,0.00410881,0.00493115,0.00550343,ignore
14.1934,9.47234,11.5025,0.00410881,0.00493115,0.00550343,burner
15.9888,7.78555,-0.053821,0.00410881,0.00493115,0.00550343,pocket_knife
21.5166,6.78889,5.03248,0.00410881,0.00493115,0.00550343,burner
32.8333,6.96166,9.37708,0.00410881,0.00493115,0.00550343,ignore
72.1889,3.87999,-10.9589,0.00410881,0.00493115,0.00550343,flashlight_silver
53.5712,3.76607,-1.93597,0.00410881,0.00493115,0.00550343,flashlight_silver
41.9939,9.01015,1.17527,0.00410881,0.00493115,0.00550343,battery_1.5V
21.3855,19.9815,-31.9412,0.00410881,0.00493115,0.00550343,sunblock_cap
80.8885,3.43492,-9.50529,0.00410881,0.00493115,0.00550343,flashlight_silver
46.1463,64.0726,26.359,0.00410881,0.00493115,0.00550343,brush_red_red
44.7102,68.5828,36.2155,0.00410881,0.00493115,0.00550343,rope
23.9117,14.4156,11.6612,0.00410881,0.00493115,0.00550343,brush_red_red
33.6451,5.87959,-5.89967,0.00410881,0.00493115,0.00550343,pocket_knife
69.6157,1.0904,41.9473,0.00410881,0.00493115,0.00550343,apple_juice
40.1689,61.3108,30.7939,0.00410881,0.00493115,0.00550343,brush_red_red
62.9674,3.41593,-4.08032,0.00410881,0.00493115,0.00550343,flashlight_silver
20.0079,12.0565,3.033,0.00410881,0.00493115,0.00550343,brush_red_red
77.8349,-4.28265,40.4051,0.00410881,0.00493115,0.00550343,apple_juice
81.6768,-11.3632,38.5308,0.00410881,0.00493115,0.00541976,apple_juice
53.477,29.0873,21.2931,0.00410881,0.00493115,0.00541976,sunblock
47.7046,33.8415,22.9269,0.00410881,0.00493115,0.00541976,sunblock
41.5169,2.02136,11.4204,0.00410881,0.00493115,0.00541976,flashlight_silver
79.1989,-8.18897,33.9836,0.00410881,0.00493115,0.00541976,apple_juice
43.9616,27.3539,15.2147,0.00410881,0.00493115,0.00541976,sunblock
60.498,9.94851,13.7849,0.00410881,0.00493115,0.00541976,apple_juice
46.8656,65.5499,19.9847,0.00410881,0.00493115,0.00541976,brush_red_red
61.6914,15.0022,8.91396,0.00410881,0.00493115,0.00541976,apple_juice
80.2585,2.53776,2.91749,0.00410881,0.00493115,0.00541976,harmonica
66.462,21.0101,-3.34862,0.00410881,0.00493115,0.00541976,apple_juice
30.6285,15.6285,-4.94632,0.00410881,0.00493115,0.00541976,ignore
47.3716,12.9158,-7.21998,0.00410881,0.00493115,0.00541976,jello
54.4385,2.05627,1.28773,0.00410881,0.00493115,0.00541976,stove_lid
19.6025,33.2295,10.0917,0.00410881,0.00493115,0.00541976,lamp
74.3983,3.81657,-3.18942,0.00410881,0.00493115,0.00541976,ignore
35.8195,26.3896,-3.46773,0.00410881,0.00493115,0.00541976,ignore
25.1469,26.956,8.7728,0.00410881,0.00493115,0.00541976,lamp
57.0635,22.2572,-10.1089,0.00410881,0.00493115,0.00541976,ignore
61.6184,2.44784,0.790181,0.00410881,0.00493115,0.00541976,stove_lid
65.3005,17.4062,-11.1022,0.00410881,0.00493115,0.00541976,jello
34.3602,6.11126,14.3163,0.00410881,0.00493115,0.00541976,ignore
19.4936,6.40607,3.57147,0.00410881,0.00493115,0.00541976,lamp
47.8565,14.6982,-3.68637,0.00410881,0.00493115,0.00541976,jello
74.4505,2.29455,1.1418,0.00410881,0.00493115,0.00541976,ignore
10.0818,19.8447,4.95859,0.00410881,0.00493115,0.00541976,first_aid_kit
52.599,1.28466,3.70535,0.00410881,0.00493115,0.00541976,stove_lid
79.8413,0.511008,-0.792374,0.00410881,0.00493115,0.00541976,stove_lid
35.0744,48.8403,18.7032,0.00410881,0.00493115,0.00541976,first_aid_kit
45.6839,56.7369,25.5536,0.00410881,0.00493115,0.00541976,first_aid_kit
79.1582,-0.915086,-25.7011,0.00410881,0.00493115,0.00541976,poncho
72.6964,0.995557,-0.360211,0.00410881,0.00493115,0.00541976,stove_lid
42.079,47.6082,17.8774,0.00410881,0.00493115,0.00541976,first_aid_kit
16.528,25.9982,6.1511,0.00410881,0.00493115,0.00541976,first_aid_kit
29.3459,21.9015,16.7523,0.00410881,0.00493115,0.00541976,first_aid_kit
0.580044,1.73605,-1.0778,0.019255,0.019255,0.0289876,brown_drawer
1.57417,2.23121,-0.736404,0.019255,0.019255,0.0289876,brown_drawer
96.6659,0.944187,-1.47153,0.019255,0.019255,0.0289876,drawer
67.7297,7.07537,-14.6375,0.019255,0.019255,0.0219235,drawer
61.1911,6.76641,-12.2694,0.019255,0.019255,0.0219235,drawer
48.3578,8.54032,10.0716,0.0170077,0.019255,0.019255,ignore
73.2668,7.33167,-14.8182,0.0122578,0.0170077,0.019255,ignore
65.0895,8.91969,-9.82414,0.0122578,0.0170077,0.019255,drawer
74.8552,8.65774,-12.125,0.0122578,0.0170077,0.019255,drawer
83.4544,8.1259,-15.8132,0.00653014,0.0110816,0.0122578,drawer
4.31927,3.5064,-1.41521,0.00653014,0.0110816,0.0122578,bag
3.00884,3.75937,0.170408,0.00653014,0.0110816,0.0122578,brown_drawer
65.6346,9.46595,-9.57514,0.00653014,0.00961649,0.00961649,drawer
0.114334,0.699227,-1.33713,0.00653014,0.00961649,0.00961649,ignore
54.4378,11.115,11.7702,0.00653014,0.00961649,0.00961649,ignore
30.2342,6.14866,-6.44662,0.00653014,0.00961649,0.00961649,brown_drawer_handle
29.4384,1.29689,14.4755,0.00653014,0.00961649,0.00961649,ignore
36.1059,-28.6664,20.6915,0.00653014,0.00961649,0.00961649,repellent
34.5981,5.90097,-6.29296,0.00653014,0.00961649,0.00961649,brown_drawer-handle
87.4653,7.85194,-7.33687,0.00653014,0.00936854,0.00936854,drawer_open_first
29.4384,1.29689,14.4755,0.00653014,0.00936854,0.00936854,ignore
36.1059,-28.6664,20.6915,0.00653014,0.00936854,0.00936854,repellent
34.5981,5.90097,-6.29296,0.00653014,0.00936854,0.00936854,brown_drawer_handle
68.0332,9.81592,-9.41938,0.00653014,0.00936854,0.00936854,drawer
46.2363,-21.6538,11.1601,0.00653014,0.00936854,0.00936854,repellent
34.0525,-13.2617,7.67418,0.00653014,0.00885114,0.00936854,repellent
40.3529,56.9249,21.436,0.00653014,0.00885114,0.00936854,rope
26.2938,12.9146,8.34125,0.00653014,0.00885114,0.00936854,pocket_knife
11.6425,6.2661,-7.82338,0.00653014,0.00885114,0.00936854,pocket_knife
66.9517,5.51338,-7.22743,0.00653014,0.00885114,0.00936854,flashlight_silver
36.0924,8.82448,-1.28684,0.00653014,0.00885114,0.00936854,pocket_knife
40.6458,57.1577,24.5512,0.00653014,0.00885114,0.00936854,brush_red_red
11.5724,13.5949,9.27712,0.00653014,0.00885114,0.00936854,ignore
17.2135,9.72083,10.204,0.00653014,0.00885114,0.00936854,ignore
93.8369,2.4947,-0.433505,0.00653014,0.00885114,0.00936854,drawer_handle
43.6948,66.3305,27.2049,0.00653014,0.00885114,0.00936854,rope
28.7911,50.8856,27.4281,0.00653014,0.00885114,0.00936854,rope
69.8919,4.88189,-1.23546,0.00653014,0.00885114,0.00936854,flashlight_silver
25.0951,20.8375,3.80858,0.00653014,0.00885114,0.00936854,brush_red_red
23.8426,8.81393,2.85157,0.00653014,0.00885114,0.00936854,burner
23.4203,21.7511,-36.4828,0.00653014,0.00885114,0.00936854,sunblock_cap
46.0505,65.5249,35.5427,0.00653014,0.00885114,0.00936854,brush_red_red
27.9934,36.8529,2.78367,0.00653014,0.00885114,0.00936854,brush_red_red
60.9769,6.74188,-0.691563,0.00653014,0.00885114,0.00936854,flashlight_silver
41.3348,11.1667,-0.934987,0.00653014,0.00885114,0.00936854,jello
69.7179,35.2775,37.8609,0.00653014,0.00860086,0.00885114,ignore
48.9779,32.9905,26.0971,0.00653014,0.00860086,0.00885114,sunblock
53.0802,31.9054,11.5603,0.00653014,0.00860086,0.00885114,sunblock
72.2887,7.92941,5.74828,0.00653014,0.00860086,0.00885114,battery_1.5V
78.9646,5.04652,14.5741,0.00653014,0.00860086,0.00885114,ignore
49.9646,18.693,-9.95033,0.00653014,0.00860086,0.00885114,jello
72.9139,32.2987,13.4157,0.00653014,0.00860086,0.00885114,sunblock
62.0693,37.5549,19.9781,0.00653014,0.00860086,0.00885114,sunblock
63.8638,12.3176,-6.61983,0.00653014,0.00860086,0.00885114,jello
78.1914,-1.19236,24.3908,0.00653014,0.00860086,0.00885114,apple_juice
68.2663,11.5749,11.0636,0.00653014,0.00860086,0.00885114,ignore
52.3395,30.4047,35.8685,0.00653014,0.00860086,0.00885114,sunblock
76.8647,4.25578,1.47481,0.00653014,0.00860086,0.00885114,harmonica
61.5726,4.66183,0.73946,0.00653014,0.00860086,0.00885114,stove_lid
72.0906,13.294,12.0077,0.00653014,0.00860086,0.00885114,apple_juice
33.0959,4.20676,3.49074,0.00653014,0.00860086,0.00885114,stove_lid
55.0221,3.92249,1.02511,0.00653014,0.00856225,0.00860086,stove_lid
22.1768,28.6701,2.35822,0.00653014,0.00856225,0.00860086,lamp
12.621,22.8379,3.69483,0.00653014,0.00856225,0.00860086,lamp
18.8357,17.1565,-3.25631,0.00653014,0.00856225,0.00860086,lamp
80.482,6.33193,23.3363,0.00653014,0.00856225,0.00860086,apple_juice
18.7582,7.56038,1.50284,0.00653014,0.00856225,0.00860086,lamp
71.1301,5.1021,-0.340117,0.00653014,0.00856225,0.00860086,stove_lid
15.0167,26.7943,9.00801,0.00653014,0.00856225,0.00860086,first_aid_kit
65.9185,4.8726,-5.217,0.00653014,0.00856225,0.00860086,stove_lid
15.7386,29.2224,11.4134,0.00653014,0.00856225,0.00860086,first_aid_kit
77.8588,5.33474,-4.24099,0.00653014,0.00856225,0.00860086,stove_lid
34.7892,46.9043,16.9633,0.00653014,0.00856225,0.00860086,first_aid_kit
44.7253,56.8804,21.489,0.00653014,0.00856225,0.00860086,first_aid_kit
63.7965,3.08636,1.52292,0.00653014,0.00856225,0.00860086,ignore
92.4508,0.861265,-4.68725,0.00653014,0.00856225,0.00860086,poncho
82.8602,2.58041,-2.06401,0.00499957,0.00653014,0.00856225,ignore
50.7206,60.4098,16.5639,0.00499957,0.00653014,0.00856225,ignore
78.8916,2.50095,0.86894,0.00499957,0.00653014,0.00773012,ignore
2.87667,3.41189,-0.433259,0.00499957,0.00647993,0.00653014,ignore
70.3053,5.20269,-22.2402,0.00499957,0.00647993,0.00653014,ignore
8.10761,0.997577,-1.85591,0.00499957,0.00647993,0.00653014,nimbus
7.27217,3.89118,-2.25944,0.00499957,0.00647993,0.00653014,nimbus
13.1348,3.29538,-3.37528,0.00499957,0.00647993,0.00653014,nimbus
3.26929,3.62005,0.0644483,0.00499957,0.00647993,0.00653014,nimbus
70.7331,4.24789,-13.8322,0.00499957,0.00647993,0.00653014,nimbus
4.89789,2.86718,-2.92434,0.00499957,0.00647993,0.00653014,nimbus
49.4194,4.54965,-4.42743,0.00499957,0.00506639,0.00647993,ignore
39.1554,5.09059,-17.812,0.00492924,0.00499957,0.00506639,ignore
73.48,3.85741,-16.1584,0.00492924,0.00499957,0.00506639,nimbus
16.4733,3.11351,-11.9037,0.00492924,0.00499957,0.00506639,ignore
73.2728,2.44009,-4.99004,0.00492924,0.00499957,0.00506639,nimbus
17.2347,3.60421,-5.42715,0.00492924,0.00499957,0.00506639,nimbus
23.1269,2.00417,-5.30707,0.00452855,0.00492924,0.00499957,ignore
2.36243,1.7342,-0.992074,0.00452855,0.00452855,0.00492924,brown_drawer
0.667275,1.70339,-0.81043,0.00452855,0.00452855,0.00492924,brown_drawer
96.4334,0.918234,-1.43152,0.00452855,0.00452855,0.00492924,drawer
73.8904,6.78627,-13.7374,0.00452855,0.00452855,0.00492924,drawer
58.5415,6.76751,-9.45858,0.00452855,0.00452855,0.00492924,drawer
72.1849,6.97889,-14.2345,0.00452855,0.00452855,0.00492924,drawer
40.7064,7.17423,9.13559,0.00452855,0.00452855,0.00492924,ignore
1.15985,2.55391,-1.18608,0.00452855,0.00452855,0.00492924,brown_drawer
73.8712,8.43736,-11.974,0.00452855,0.00452855,0.00492924,drawer
66.6105,8.84523,-10.6739,0.00452855,0.00452855,0.00492924,drawer
4.36936,3.49179,-0.982576,0.00452855,0.00452855,0.00492924,bag
0.955011,1.95179,-0.394043,0.00452855,0.00452855,0.00492924,brown_drawer
65.0072,9.12672,-7.6766,0.00452855,0.00452855,0.00492924,drawer
30.6751,5.98314,-6.51073,0.00452855,0.00452855,0.00492924,brown_drawer_handle
0.0880075,0.405072,-0.780777,0.00452855,0.00452855,0.00492924,ignore
87.8515,7.54742,-7.03045,0.00452855,0.00452855,0.00492924,drawer_open_first
33.4901,2.33865,14.7384,0.00452855,0.00452855,0.00475815,ignore
31.6827,-4.80531,-1.07022,0.00452855,0.00452855,0.00475815,repellent
37.9599,-25.3691,17.7535,0.00452855,0.00452855,0.00475815,repellent
27.3254,4.31774,-3.73111,0.00452855,0.00452855,0.00475815,flashdfdfdf
27.3254,4.31774,-3.73111,0.00452855,0.00452855,0.00475815,brown_drawer_handle
1.52308,1.61519,0.00857765,0.00452855,0.00452855,0.00475815,brown_drawer
72.2041,9.99577,-2.27585,0.00452855,0.00452855,0.00475815,ignore
33.3225,-16.6412,5.96932,0.00452855,0.00452855,0.00475815,ignore
12.9127,7.17628,2.712,0.00452855,0.00452855,0.00475815,brown_drawer
55.1607,10.8829,8.08806,0.00452855,0.00452855,0.00475815,ignore
61.6871,5.22258,-2.1665,0.00452855,0.00452855,0.00475815,flashlight_silver
13.909,11.3722,6.80659,0.00452855,0.00452855,0.00475815,pocket_knife
40.3175,60.9688,24.0062,0.00452855,0.00452855,0.00475815,rope
11.198,6.21421,-5.87752,0.00452855,0.00452855,0.00475815,pocket_knife
31.3769,53.1765,21.8071,0.00452855,0.00452855,0.00475815,rope
14.6889,12.3189,13.9502,0.00452855,0.00452855,0.00475815,burner
37.1695,8.94279,1.06239,0.00452855,0.00452855,0.00475815,pocket_knife
13.0076,11.6889,3.02345,0.00452855,0.00452855,0.00475815,burner
95.281,2.21334,-0.0265458,0.00452855,0.00452855,0.00475815,drawer_handle
51.1043,9.76359,-2.98536,0.00452855,0.00452855,0.00475815,ignore
40.3643,57.3148,22.1707,0.00452855,0.00452855,0.00475815,brush_red_red
23.7679,7.68917,1.83228,0.00452855,0.00452855,0.00475815,burner
45.7816,69.0274,34.4563,0.00452855,0.00452855,0.00475815,rope
42.09,65.0841,31.5442,0.00452855,0.00452855,0.00475815,brush_red_red
26.7879,19.5825,-25.7616,0.00452855,0.00452855,0.00475815,sunblock_cap
18.3299,11.0465,3.2425,0.00452855,0.00452855,0.00475815,brush_red_red
25.7937,8.68601,2.92672,0.00452855,0.00452855,0.00475815,burner
59.6213,30.7302,15.173,0.00452855,0.00452855,0.00475815,sunblock
61.9508,6.15314,1.64157,0.00452855,0.00452855,0.00475815,flashlight_silver
40.0008,48.3694,25.51,0.00452855,0.00452855,0.00475815,lamp
41.837,11.4869,-5.55089,0.00452855,0.00452855,0.00475815,jello
47.1024,25.3534,23.0366,0.00452855,0.00452855,0.00475815,sunblock
53.1906,34.1831,13.1581,0.00452855,0.00452855,0.00475815,sunblock
63.5926,11.3682,3.42239,0.00452855,0.00452855,0.00475815,battery_1.5V
54.8446,14.5571,-9.81938,0.00452855,0.00452855,0.00475815,jello
86.8827,-3.21721,25.3868,0.00452855,0.00452855,0.00475815,apple_juice
86.6204,-2.84992,25.4858,0.00452855,0.00452855,0.00475815,apple_juice
77.3344,3.33712,4.45263,0.00452855,0.00452855,0.00475815,harmonica
53.1482,42.1409,15.5334,0.00452855,0.00452855,0.00475815,sunblock
50.3384,20.6835,28.8064,0.00452855,0.00452855,0.00475815,sunblock
59.0449,4.40256,1.08734,0.00452855,0.00452855,0.00475815,stove_lid
17.4091,32.999,11.2491,0.00452855,0.00452855,0.00475815,lamp
68.6094,12.3755,10.2283,0.00452855,0.00452855,0.00475815,ignore
51.6215,5.5118,-2.76866,0.00452855,0.00452855,0.00475815,ignore
73.1617,8.40744,26.4025,0.00452855,0.00452855,0.00475815,apple_juice
22.687,31.4245,5.35241,0.00452855,0.00452855,0.00475815,lamp
80.0722,9.58156,0.841726,0.00452855,0.00452855,0.00475815,ignore
78.051,4.34727,-1.74745,0.00452855,0.00452855,0.00475815,ignore
17.2177,10.7689,-1.68841,0.00452855,0.00452855,0.00475815,lamp
62.6947,4.20287,2.22163,0.00452855,0.00452855,0.00475815,ignore
14.9271,26.9492,7.61747,0.00452855,0.00452855,0.00475815,first_aid_kit
39.9969,49.5898,23.4793,0.00452855,0.00452855,0.00475815,first_aid_kit
45.4275,58.1127,20.0087,0.00452855,0.00452855,0.00475815,first_aid_kit
64.5385,3.24365,1.32927,0.00452855,0.00452855,0.00475815,ignore
90.9111,1.81924,-5.07938,0.00452855,0.00452855,0.00475815,poncho
81.2371,2.78455,-0.679317,0.00452855,0.00452855,0.00475815,ignore
49.6474,59.7047,15.9639,0.00452855,0.00452855,0.00475815,ignore
15.7475,27.1962,5.95889,0.00452855,0.00452855,0.00475815,ignore
18.2051,31.715,14.9344,0.00452855,0.00452855,0.00475815,ignore
8.44714,9.9222,-0.893305,0.00452855,0.00452855,0.00475815,ignore
37.4706,4.26306,-7.61623,0.00452855,0.00452855,0.00475815,ignore
77.1274,1.88115,0.403917,0.00452855,0.00452855,0.00475815,ignore
28.4166,25.0262,18.0118,0.00452855,0.00452855,0.00475815,ignore
70.182,5.14498,-1.38524,0.00452855,0.00452855,0.00475815,ignore
7.52827,1.43498,-2.4526,0.00452855,0.00452855,0.00475815,nimbus
63.7533,6.92335,-41.9291,0.00452855,0.00452855,0.00475815,poncho
10.3697,4.09037,-2.06761,0.00452855,0.00452855,0.00475815,nimbus
12.2106,3.34784,-2.69631,0.00452855,0.00452855,0.00475815,nimbus
4.47056,4.35459,0.437043,0.00452855,0.00452855,0.00475815,nimbus
69.7548,4.30688,-13.6486,0.00452855,0.00452855,0.00475815,nimbus
4.89424,3.0306,-2.84223,0.00452855,0.00452855,0.00475815,nimbus
42.9375,1.69426,-5.5173,0.00452855,0.00452855,0.00475815,ignore
1.80646,1.91284,-3.32963,0.00452855,0.00452855,0.00475815,ignore
69.8349,3.73276,-13.6141,0.00452855,0.00452855,0.00475815,nimbus
49.5096,4.72292,-20.0515,0.00452855,0.00452855,0.00475815,ignore
12.1053,4.54198,-13.2628,0.00452855,0.00452855,0.00475815,ignore
69.1603,0.827322,0.961543,0.00404042,0.00452855,0.00452855,ignore
34.6011,2.76977,-9.48375,0.00404042,0.00439596,0.00452855,ignore
34.6011,2.76977,-9.48375,0.00404042,0.00439596,0.00452855,ignore
1.15153,1.24545,-0.47541,0.00404042,0.00439596,0.00452855,brown_drawer
2.07838,1.96251,-0.408242,0.00404042,0.00439596,0.00452855,brown_drawer
97.2865,0.391798,-0.944581,0.00404042,0.00439596,0.00452855,drawer
69.9174,6.37371,-10.1623,0.00404042,0.00439596,0.00452855,drawer
75.5257,5.97796,-11.5197,0.00404042,0.00439596,0.00452855,drawer
72.5395,5.72325,-12.8443,0.00404042,0.00439596,0.00452855,drawer
40.2851,4.36527,6.67315,0.00404042,0.00439596,0.00452855,ignore
46.2901,6.66911,4.13305,0.00404042,0.00439596,0.00452855,ignore
65.7355,7.76008,-6.21247,0.00404042,0.00439596,0.00452855,drawer
63.3026,29.0955,15.2843,0.00404042,0.00439596,0.00452855,sunblock
63.1677,32.7359,28.8624,0.00404042,0.00439596,0.00452855,sunblock
55.6212,31.027,13.5021,0.00404042,0.00439596,0.00452855,sunblock
34.9858,3.07718,5.53068,0.00404042,0.00439596,0.00452855,ignore
56.5728,3.52523,-11.8669,0.00404042,0.00439596,0.00452855,ignore
74.1556,8.39877,-8.30663,0.00404042,0.00439596,0.00452855,ignore
44.4125,-21.0533,7.98312,0.00404042,0.00439596,0.00452855,repellent
43.8837,3.6815,-8.40606,0.00404042,0.00439596,0.00452855,ignore
32.7717,4.24045,-5.23686,0.00404042,0.00439596,0.00452855,brown_drawer_handle
88.406,6.01101,-6.25265,0.00404042,0.00439596,0.00452855,drawer_open_first
90.5143,4.63994,-2.0615,0.00404042,0.00439596,0.00452855,drawer
47.6423,-20.3995,14.5172,0.00404042,0.00439596,0.00452855,repellent
36.0277,-9.06658,6.6413,0.00404042,0.00439596,0.00452855,repellent
62.2584,31.6353,28.8531,0.00404042,0.00439596,0.00452855,sunblock
38.141,20.4095,-27.0908,0.00404042,0.00439596,0.00452855,sunblock_cap
70.451,21.6303,-6.96744,0.00404042,0.00439596,0.00452855,sunblock
28.4987,3.97451,-4.84423,0.00404042,0.00439596,0.00452855,brown_drawer_handle
49.8325,-18.8819,12.8102,0.00404042,0.00439596,0.00452855,repellent
46.8497,1.22898,1.58716,0.00404042,0.00439596,0.00452855,repellent
0.997081,1.39865,-0.455319,0.00404042,0.00439596,0.00452855,brown_drawer
96.6127,0.719862,-0.931099,0.00404042,0.00439596,0.00452855,drawer
68.4927,6.15623,-10.2301,0.00404042,0.00439596,0.00452855,drawer
75.6205,6.28215,-11.7308,0.00404042,0.00439596,0.00452855,drawer
72.9589,6.45648,-10.8089,0.00404042,0.00439596,0.00452855,drawer
1.40639,2.28118,-1.29876,0.00404042,0.00439596,0.00452855,brown_drawer
46.547,6.959,3.95824,0.00404042,0.00439596,0.00452855,ignore
64.932,7.27313,-6.83564,0.00404042,0.00439596,0.00452855,drawer
36.4595,3.58619,6.79178,0.00404042,0.00439596,0.00452855,ignore
3.98444,3.87404,0.112352,0.00404042,0.00439596,0.00452855,brown_drawer
58.7681,21.5304,14.8251,0.00404042,0.00439596,0.00452855,sunblock
62.8028,31.7833,22.2554,0.00404042,0.00439596,0.00452855,sunblock
54.2664,4.35374,-11.0809,0.00404042,0.00439596,0.00452855,ignore
43.3707,4.49629,-9.97164,0.00404042,0.00439596,0.00452855,ignore
44.1569,-21.381,8.32043,0.00404042,0.00439596,0.00452855,ignore
38.5322,6.65722,-4.69068,0.00404042,0.00439596,0.00452855,ignore
24.5445,3.63373,-4.43054,0.00404042,0.00439596,0.00452855,brown_drawer_handle
88.5762,6.0634,-6.04571,0.00404042,0.00439596,0.00452855,drawer_open_first
48.6538,3.41962,-8.27597,0.00404042,0.00439596,0.00452855,ignore
41.4564,4.84701,-6.64055,0.00404042,0.00439596,0.00452855,brown_drawer_handle
73.444,8.38981,-5.59722,0.00404042,0.00439596,0.00452855,drawer
47.6372,-24.7539,17.1016,0.00404042,0.00439596,0.00452855,repellent
44.1146,22.9199,-23.0968,0.00404042,0.00439596,0.00452855,sunblock_cap
28.0999,4.67184,-5.66156,0.00404042,0.00439596,0.00452855,brown_drawer_handle
42.8208,-9.48126,5.99912,0.00404042,0.00439596,0.00452855,repellent
76.0264,19.7371,-6.03072,0.00404042,0.00439596,0.00452855,ignore
61.3871,9.05517,-2.74359,0.00404042,0.00439596,0.00452855,ignore
52.2065,-11.9565,9.16489,0.00404042,0.00439596,0.00452855,repellent
57.108,25.1629,5.75543,0.00404042,0.00439596,0.00452855,ignore
11.5414,5.12551,-5.35939,0.00404042,0.00439596,0.00452855,pocket_knife
26.2628,9.6352,3.89273,0.00404042,0.00439596,0.00452855,brush_red_red
49.8818,45.5404,12.9184,0.00404042,0.00439596,0.00452855,brush_red_red
54.38,47.594,10.6364,0.00404042,0.00439596,0.00452855,rope
54.7692,36.9562,11.0889,0.00404042,0.00439596,0.00452855,rope
92.3055,2.94627,-1.10982,0.00404042,0.00439596,0.00452855,drawer_handle
19.5385,6.45712,5.23487,0.00404042,0.00439596,0.00452855,burner
44.0969,8.24992,-4.15487,0.00404042,0.00439596,0.00452855,pocket_knife
27.414,6.46135,0.600711,0.00404042,0.00439596,0.00452855,pocket_knife
26.1558,5.43958,1.24054,0.00404042,0.00439596,0.00452855,brown_drawer_handle
40.9258,6.91902,-11.105,0.00404042,0.00439596,0.00452855,water_bottle
23.2814,21.7876,-40.4663,0.00404042,0.00439596,0.00452855,water_bottle
95.6673,0.330152,-3.06469,0.00404042,0.00439596,0.00452855,poncho
64.4072,3.74348,-4.41415,0.00404042,0.00439596,0.00452855,flashlight_silver
81.5258,2.06536,1.84748,0.00404042,0.00439596,0.00452855,harmonica
86.0167,0.915562,5.93063,0.00404042,0.00439596,0.00452855,poncho
9.5558,18.2853,0.419934,0.00404042,0.00439596,0.00452855,lamp
20.4154,10.6741,-2.09784,0.00404042,0.00439596,0.00452855,lamp
27.5285,26.7765,6.84894,0.00404042,0.00439596,0.00452855,lamp
59.3129,3.57759,-1.45531,0.00404042,0.00439596,0.00452855,stove_lid
16.3009,20.2044,6.77174,0.00404042,0.00439596,0.00452855,first_aid_kit
46.7237,17.3474,-11.0896,0.00404042,0.00439596,0.00452855,jello
8.50779,1.47257,-2.45675,0.00404042,0.00439596,0.00452855,nimbus
9.4456,3.66561,-2.55226,0.00404042,0.00439596,0.00452855,nimbus
4.36608,3.00129,-0.54753,0.00404042,0.00439596,0.00452855,nimbus
74.5355,3.42294,-11.5164,0.00404042,0.00439596,0.00452855,nimbus
6.25231,2.84331,-3.68522,0.00404042,0.00439596,0.00452855,nimbus
42.0672,2.09188,-5.22252,0.00404042,0.00439596,0.00452855,ignore
67.8105,2.76091,-11.0261,0.00404042,0.00439596,0.00452855,nimbus
30.9883,2.15945,-13.1576,0.00404042,0.00439596,0.00452855,nimbus
70.2606,0.906116,-2.18574,0.00404042,0.00439596,0.00452855,nimbus
81.7836,1.49782,-9.55981,0.00404042,0.00439596,0.00452855,nimbus
0.83791,1.20188,-0.225658,0.00343704,0.00404042,0.00439596,brown_drawer
3.63643,2.58798,1.20519,0.00343704,0.00404042,0.00439596,brown_drawer
96.9065,0.624792,-1.19945,0.00343704,0.00404042,0.00439596,drawer
76.6221,5.77761,-11.6202,0.00343704,0.00404042,0.00439596,drawer
69.4671,4.11038,-11.4669,0.00343704,0.00404042,0.00439596,drawer
73.2979,6.65797,-10.0403,0.00343704,0.00404042,0.00439596,drawer
37.1264,4.36545,6.00564,0.00343704,0.00404042,0.00439596,ignore
46.9936,6.94888,4.19973,0.00343704,0.00404042,0.00439596,ignore
66.9289,7.92098,-6.48514,0.00343704,0.00404042,0.00439596,drawer
59.232,4.46476,-10.6812,0.00343704,0.00404042,0.00439596,drawer
2.64683,2.84269,-0.459551,0.00343704,0.00404042,0.00439596,brown_drawer
73.9032,7.4599,-10.0731,0.00343704,0.00404042,0.00439596,drawer
4.363,4.38056,1.76699,0.00343704,0.00404042,0.00439596,brown_drawer
58.526,20.2513,13.3192,0.00343704,0.00404042,0.00439596,sunblock
62.6375,31.6643,16.039,0.00343704,0.00404042,0.00439596,sunblock
67.7409,33.038,23.9226,0.00343704,0.00404042,0.00439596,sunblock
66.6204,31.476,13.61,0.00343704,0.00404042,0.00439596,sunblock
25.5325,4.48076,-6.21984,0.00343704,0.00404042,0.00439596,brown_drawer_handle
88.5462,5.98661,-6.14256,0.00343704,0.00404042,0.00439596,drawer_open_first
66.759,28.3748,16.4716,0.00343704,0.00404042,0.00439596,sunblock
46.9541,-24.8301,17.4464,0.00343704,0.00404042,0.00439596,repellent
39.4624,5.2013,-6.73538,0.00343704,0.00404042,0.00439596,brown_drawer_handle
8.06778,5.75904,3.82714,0.00343704,0.00404042,0.00439596,brown_drawer_open
44.0334,-1.77801,3.34838,0.00343704,0.00404042,0.00439596,repellent
49.4015,-5.95144,5.15887,0.00343704,0.00404042,0.00439596,repellent
41.0142,19.1129,-26.9847,0.00343704,0.00404042,0.00439596,sunblock_cap
60.2366,33.5682,38.2461,0.00343704,0.00404042,0.00439596,sunblock
42.3547,6.18156,-4.99475,0.00343704,0.00404042,0.00439596,ignore
48.3732,-16.0228,10.1022,0.00343704,0.00404042,0.00439596,repellent
59.8157,20.1943,6.74293,0.00343704,0.00404042,0.00439596,ignore
17.8366,8.32228,3.61909,0.00343704,0.00404042,0.00439596,pocket_knife
50.5039,46.3882,3.2766,0.00343704,0.00404042,0.00439596,ignore
49.8944,45.3363,13.0805,0.00343704,0.00404042,0.00439596,brush_red_red
51.9422,40.6265,9.92349,0.00343704,0.00404042,0.00439596,rope
38.3114,6.44909,-2.68904,0.00343704,0.00404042,0.00439596,pocket_knife
27.4339,11.3562,2.86601,0.00343704,0.00404042,0.00439596,brush_red_red
93.4233,2.44691,-1.15798,0.00343704,0.00404042,0.00439596,drawer_handle
18.0217,6.78521,5.83518,0.00343704,0.00404042,0.00439596,burner
29.4111,6.98956,0.869683,0.00343704,0.00404042,0.00439596,burner
79.92,9.69721,7.7279,0.00343704,0.00404042,0.00439596,ignore
28.0875,5.19705,2.16548,0.00343704,0.00404042,0.00439596,brown_drawer_handle
40.666,6.36811,-11.7132,0.00343704,0.00404042,0.00439596,water_bottle
53.8043,2.96332,-3.12634,0.00343704,0.00404042,0.00439596,flashlight_silver
38.381,7.10222,-7.82534,0.00343704,0.00404042,0.00439596,water_bottle
23.9547,21.2686,-40.2065,0.00343704,0.00404042,0.00439596,water_bottle
95.2415,0.491776,-3.14354,0.00343704,0.00404042,0.00439596,poncho
83.2473,2.001,0.522118,0.00343704,0.00404042,0.00439596,harmonica
87.4011,0.356394,6.82023,0.00343704,0.00404042,0.00439596,apple_juice
62.495,4.39974,-4.52767,0.00343704,0.00404042,0.00439596,flashlight_silver
12.3184,19.7747,3.45843,0.00343704,0.00404042,0.00439596,lamp
58.3378,11.069,-2.54624,0.00343704,0.00404042,0.00439596,apple_juice
28.9264,24.9745,-2.42687,0.00343704,0.00404042,0.00439596,lamp
26.251,25.0698,0.593999,0.00343704,0.00404042,0.00439596,lamp
73.2618,10.0902,6.28335,0.00343704,0.00404042,0.00439596,apple_juice
90.1198,-3.75029,10.98,0.00343704,0.00404042,0.00439596,apple_juice
62.7327,3.43053,-2.06573,0.00343704,0.00404042,0.00439596,stove_lid
16.6967,5.21051,-1.43983,0.00343704,0.00404042,0.00439596,lamp
18.324,21.5391,5.15418,0.00343704,0.00404042,0.00439596,emedfdfdf
18.324,21.5391,5.15418,0.00343704,0.00404042,0.00439596,first_aid_kit
79.5437,14.9554,-9.54446,0.00343704,0.00404042,0.00439596,jello
69.1946,7.6476,-7.14571,0.00343704,0.00404042,0.00439596,ignore
40.8817,32.9365,12.4185,0.00343704,0.00404042,0.00439596,ignore
43.5284,39.6195,11.8044,0.00343704,0.00404042,0.00439596,ignore
80.9363,12.3705,3.42097,0.00343704,0.00404042,0.00439596,apple_juice
42.8006,14.4229,-11.9461,0.00343704,0.00404042,0.00439596,jello
52.1272,15.992,-7.78215,0.00343704,0.00404042,0.00439596,jello
55.6155,2.55199,-4.9666,0.00343704,0.00404042,0.00439596,ignore
65.8883,3.07075,-0.956774,0.00343704,0.00404042,0.00439596,ignore
8.41845,0.520595,-1.99327,0.00343704,0.00404042,0.00439596,nimbus
7.08729,3.03159,-2.31669,0.00343704,0.00404042,0.00439596,nimbus
10.7945,2.60937,-3.16108,0.00343704,0.00404042,0.00439596,nimbus
7.94994,2.83902,-3.49124,0.00343704,0.00404042,0.00439596,nimbus
72.0944,3.42991,-11.4084,0.00343704,0.00404042,0.00439596,nimbus
4.56937,3.02885,0.330296,0.00343704,0.00404042,0.00439596,nimbus
3.05283,1.02613,-1.76639,0.00343704,0.00404042,0.00439596,nimbus
51.0734,6.57559,-12.9401,0.00343704,0.00404042,0.00439596,nimbus
42.8518,1.89959,-7.91763,0.00343704,0.00404042,0.00439596,nimbus
70.4694,3.02785,-7.01261,0.00343704,0.00404042,0.00439596,nimbus
36.1944,3.58163,-14.9921,0.00343704,0.00404042,0.00439596,nimbus
75.1499,2.26689,-3.35067,0.00343704,0.00404042,0.00439596,nimbus
80.6137,1.67609,-10.9914,0.00343704,0.00404042,0.00439596,nimbus
31.8163,2.94091,-6.89925,0.00343704,0.00404042,0.00439596,ignore
31.5698,4.52633,-14.4834,0.00343704,0.00404042,0.00439596,ignore
89.1361,2.87172,-6.90681,0.00343704,0.00404042,0.00439596,ignore
85.8666,1.51717,-14.4508,0.0384698,0.0579512,0.0756636,drawer
57.7086,3.0144,-10.6599,0.0384698,0.0384698,0.0579512,drawer
56.8761,1.99123,-8.45709,0.013043,0.0384698,0.0384698,drawer
23.0183,-0.248049,14.7523,0.00980376,0.013043,0.0384698,ignore
57.4182,3.92041,-8.23459,0.00980376,0.013043,0.0296459,drawer
25.4356,0.0166044,16.2301,0.00980376,0.013043,0.0150894,ignore
34.518,3.52249,13.2359,0.00980376,0.010045,0.013043,ignore
70.4157,-12.909,28.8801,0.00980376,0.010045,0.013043,ziplock
52.0826,3.02865,-6.3181,0.00980376,0.010045,0.013043,drawer
65.7926,-12.7505,24.6868,0.00980376,0.010045,0.013043,ziplock
69.7147,0.984233,4.74866,0.00569007,0.00980376,0.010045,ziplock
10.1527,2.2784,-9.46535,0.00569007,0.00980376,0.010045,water_bottle
53.7667,4.00459,27.7206,0.00569007,0.00728756,0.00980376,ziplock
54.4101,2.87087,13.2776,0.00569007,0.00728756,0.00980376,ziplock
51.0715,-7.05686,34.7722,0.00569007,0.00728756,0.00980376,ziplock
31.9509,-18.6956,18.9278,0.00569007,0.00728756,0.00980376,repellent
4.66703,16.1932,-28.8851,0.00569007,0.00728756,0.00980376,water_bottle
42.4851,3.59382,24.1137,0.00569007,0.00728756,0.00980376,ignore
45.704,33.1073,36.6189,0.00569007,0.00728756,0.00980376,sunblock
20.9884,6.80284,0.11641,0.00569007,0.00728756,0.00980376,ignore
33.3733,18.2299,9.77057,0.00569007,0.00728756,0.00980376,repellent
35.2166,-9.44429,10.4667,0.00569007,0.00728756,0.00980376,repellent
37.7822,-29.2877,29.6239,0.00569007,0.00728756,0.00980376,repellent
75.5872,4.90766,-9.44744,0.00569007,0.00728756,0.00980376,drawer
93.1215,1.59051,-6.90168,0.00569007,0.00728756,0.00980376,drawer
36.5142,19.8168,16.3434,0.00569007,0.00728756,0.00980376,sunblock
76.7102,4.57994,-15.1804,0.00569007,0.00728756,0.00980376,drawer
46.669,6.43582,10.5589,0.00569007,0.00728756,0.00980376,ignore
61.53,5.16709,1.27081,0.00569007,0.00728756,0.00980376,ignore
51.7264,3.40989,40.2917,0.00569007,0.00728756,0.00980376,multitool
43.6583,42.0858,14.4093,0.00569007,0.00728756,0.00980376,sunblock
77.8804,3.40863,-1.67236,0.00569007,0.00728756,0.00980376,drawer
49.114,6.10683,44.3154,0.00569007,0.00728756,0.00980376,multitool
42.2648,31.0302,32.9857,0.00569007,0.00728756,0.00980376,sunblock
11.5749,28.199,-40.7235,0.00569007,0.00728756,0.00980376,sunblock
53.3327,26.9368,33.9616,0.00569007,0.00728756,0.00894552,raisins
52.9275,29.1756,31.5275,0.00569007,0.00728756,0.00894552,raisins
66.8675,17.8959,34.5233,0.00569007,0.00612023,0.00728756,raisins
24.236,31.617,-56.9503,0.00569007,0.00612023,0.00728756,basket
52.1218,0.339748,26.965,0.00569007,0.00612023,0.00728756,basket
43.8679,11.9818,16.0342,0.00569007,0.00612023,0.00728756,ignore
27.0313,10.9484,-24.7153,0.00569007,0.00612023,0.00728756,basket
49.4096,45.5624,26.0789,0.00569007,0.00612023,0.00684935,raisins
37.298,7.15301,-4.75084,0.00569007,0.00612023,0.00684935,chocolate_milk
55.6248,48.6863,42.9787,0.00417328,0.00569007,0.00612023,raisins
3.64969,1.97302,1.21185,0.00417328,0.00569007,0.00612023,flashlight
40.0805,7.61508,5.06752,0.00417328,0.00569007,0.00612023,chocolate_milk
7.75426,2.43947,0.131904,0.00417328,0.00569007,0.00612023,gloves
65.9576,1.40319,50.0431,0.00417328,0.00569007,0.00612023,multitool
41.2387,6.69888,8.90434,0.00417328,0.00569007,0.00612023,chocolate_milk
25.2897,3.45125,-4.49591,0.00417328,0.00569007,0.00612023,gloves
26.2633,31.7398,-56.8528,0.00417328,0.00569007,0.00612023,basket
39.0959,-0.925079,-7.06195,0.00417328,0.00569007,0.00612023,soda
48.9525,2.03279,16.0896,0.00417328,0.00569007,0.00612023,basket
12.5673,0.0233906,3.99384,0.00417328,0.00569007,0.00612023,gloves
36.8341,3.87427,9.84917,0.00417328,0.00569007,0.00612023,ignore
51.8328,0.765314,-6.5308,0.00417328,0.00569007,0.00612023,gloves
20.0106,4.56058,-1.82771,0.00417328,0.00569007,0.00612023,gloves
27.735,47.1586,23.2993,0.00417328,0.00569007,0.00612023,rope
32.7188,6.34663,17.1667,0.00417328,0.00569007,0.00612023,ignore
25.0355,21.3692,-39.9244,0.00417328,0.00569007,0.00612023,ignore
33.2622,13.482,-29.8904,0.00417328,0.00569007,0.00612023,ignore
18.0003,-0.0906183,8.49515,0.00417328,0.00569007,0.00612023,ignore
35.9761,8.2477,-0.205039,0.00417328,0.00569007,0.00612023,chocolate_milk
37.3493,29.7713,-61.8079,0.00417328,0.00569007,0.00612023,ignore
22.3965,-7.99417,6.92463,0.00417328,0.00569007,0.00612023,soda
47.077,-2.45342,-6.87718,0.00417328,0.00569007,0.00612023,soda
33.5948,3.37842,13.7753,0.00417328,0.00569007,0.00612023,chocolate_milk
29.2987,-1.67646,12.6765,0.00417328,0.00569007,0.00612023,soda
49.4285,8.41705,-8.11048,0.00417328,0.00569007,0.00612023,chocolate_milk
48.0573,3.55083,7.42775,0.00417328,0.00569007,0.00612023,chocolate_milk
69.059,-3.88185,51.556,0.00417328,0.00569007,0.00612023,apple_juice
78.0049,-7.07934,42.5767,0.00417328,0.00569007,0.00612023,apple_juice
21.5739,9.12609,-21.7726,0.00417328,0.00569007,0.00612023,basket
25.564,17.9322,-37.3944,0.00417328,0.00569007,0.00612023,basket
53.3333,7.40359,27.7538,0.00417328,0.00569007,0.00612023,apple_juice
66.3109,2.851,-5.54789,0.00417328,0.00569007,0.00612023,tape
80.1133,-1.56292,31.8436,0.00417328,0.00569007,0.00612023,apple_juice
42.2382,28.2821,15.2148,0.00417328,0.00569007,0.00612023,ignore
6.15187,23.9124,-37.215,0.00417328,0.00569007,0.00612023,bowl_blue
55.9039,15.7336,11.7676,0.00417328,0.00569007,0.00612023,apple_juice
89.8179,-16.0526,47.2162,0.00417328,0.00569007,0.00612023,bowl_yellow
59.5766,10.5027,10.983,0.00417328,0.00569007,0.00612023,apple_juice
98.3855,-4.73587,13.9888,0.00417328,0.00569007,0.00612023,ignore
17.3702,35.3407,-56.8665,0.00417328,0.00569007,0.00612023,ignore
35.7204,45.6943,18.4971,0.00417328,0.00569007,0.00612023,ignore
24.9628,14.1111,-27.4287,0.00417328,0.00569007,0.00612023,ignore
27.2841,2.94285,-0.551646,0.00417328,0.00569007,0.00612023,ignore
78.9596,0.0668083,0.946232,0.00417328,0.00569007,0.00612023,battery_9V
62.6534,0.791456,48.3003,0.00417328,0.00569007,0.00612023,basket
58.1047,2.4501,16.7621,0.00417328,0.00569007,0.00612023,basket
19.983,9.93383,-20.8376,0.00417328,0.00569007,0.00612023,basket
34.5406,2.9499,-9.13422,0.00417328,0.00569007,0.00612023,battery_1.5V
29.3816,4.95311,-7.94984,0.00417328,0.00569007,0.00612023,battery_1.5V
34.8387,8.63575,-17.7861,0.00417328,0.00569007,0.00612023,battery_1.5V
29.4804,6.19154,-18.0217,0.00417328,0.00569007,0.00612023,battery_1.5V
66.3495,1.13072,47.6873,0.00417328,0.00569007,0.00612023,ignore
63.4314,2.99715,47.6113,0.00417328,0.00569007,0.00612023,basket
28.2322,6.01113,-19.7488,0.00417328,0.00569007,0.00612023,ignore
20.892,6.31298,-7.99971,0.00417328,0.00569007,0.00612023,ignore
31.1397,0.535388,-7.79103,0.00417328,0.00569007,0.00612023,ignore
8.21167,2.42448,0.580717,0.00417328,0.00569007,0.00612023,ignore
67.9185,2.21715,-9.93395,0.00417328,0.00569007,0.00612023,ignore
31.5899,2.2565,-11.7837,0.00417328,0.00569007,0.00612023,ignore
60.0717,1.49802,-7.89888,0.00417328,0.00569007,0.00612023,ignore
70.3338,-0.90939,-1.44492,0.00417328,0.00569007,0.00612023,ignore
20.3961,2.08989,-3.10464,0.00417328,0.00569007,0.00612023,ignore
16.2357,3.44124,8.1261,0.00417328,0.00569007,0.00612023,ignore
16.2357,3.44124,8.1261,0.00417328,0.00569007,0.00612023,ignore
90.6502,1.79902,-9.708,0.00417328,0.00569007,0.00612023,drawer
62.9867,7.07709,-13.0968,0.00417328,0.00569007,0.00612023,drawer
61.554,5.35351,-11.9348,0.00417328,0.00569007,0.00612023,drawer
61.192,7.74226,-11.0511,0.00417328,0.00569007,0.00612023,drawer
59.5201,7.88814,-5.67563,0.00417328,0.00569007,0.00612023,drawer
31.6648,3.61345,13.6633,0.00417328,0.00569007,0.00612023,ignore
34.3202,7.09322,9.8352,0.00417328,0.00569007,0.00612023,ignore
71.674,-9.92873,31.7037,0.00417328,0.00569007,0.00612023,ziplock
78.6604,-7.17053,14.4634,0.00417328,0.00569007,0.00612023,ziplock
64.967,5.90918,13.618,0.00417328,0.00569007,0.00612023,ziplock
11.9128,5.83405,-12.0816,0.00417328,0.00569007,0.00612023,water_bottle
61.6776,6.35237,10.3312,0.00417328,0.00569007,0.00612023,ziplock
64.9442,-5.54447,38.0478,0.00417328,0.00569007,0.00612023,ziplock
34.6667,-11.1269,13.4219,0.00417328,0.00569007,0.00612023,repellent
61.0559,-6.79773,42.0537,0.00417328,0.00569007,0.00612023,ziplock
38.3978,6.18571,17.5875,0.00417328,0.00569007,0.00612023,ignore
6.61365,20.0942,-32.0617,0.00417328,0.00569007,0.00612023,water_bottle
6.61365,20.0942,-32.0617,0.00417328,0.00569007,0.00612023,water_bottle
47.9054,7.85292,17.5266,0.00417328,0.00569007,0.00612023,ignore
80.4229,7.92156,-13.773,0.00417328,0.00569007,0.00612023,ignore
38.86,-25.6357,29.4626,0.00417328,0.00569007,0.00612023,repellent
51.9287,42.4816,32.2595,0.00417328,0.00569007,0.00612023,sunblock
44.4982,34.616,33.1135,0.00417328,0.00569007,0.00612023,sunblock
78.4705,8.37724,-13.1977,0.00417328,0.00569007,0.00612023,drawer
46.4331,17.0201,3.9382,0.00417328,0.00569007,0.00612023,repellent
79.5803,7.89199,-12.2463,0.00417328,0.00569007,0.00612023,drawer
52.0401,15.7159,26.4346,0.00417328,0.00569007,0.00612023,sunblock
86.6584,5.33207,-12.5921,0.00417328,0.00569007,0.00612023,drawer
96.3768,1.88652,-3.97938,0.00417328,0.00569007,0.00612023,drawer
40.5778,-17.6982,26.5567,0.00417328,0.00569007,0.00612023,ignore
36.7216,20.0791,23.4476,0.00417328,0.00569007,0.00612023,ignore
51.0298,8.47296,3.66682,0.00417328,0.00569007,0.00612023,ignore
44.1813,33.7163,30.0398,0.00417328,0.00569007,0.00612023,ignore
32.3446,7.52914,12.0738,0.00417328,0.00569007,0.00612023,ignore
51.0658,46.299,31.8959,0.00417328,0.00569007,0.00612023,sunblock
60.169,8.53421,41.389,0.00417328,0.00569007,0.00612023,multitool
35.3905,5.74898,14.7265,0.00417328,0.00569007,0.00612023,ignore
75.2384,7.32016,-0.247607,0.00417328,0.00569007,0.00612023,drawer
43.3125,6.91507,38.7946,0.00417328,0.00569007,0.00612023,multitool
53.0215,9.82756,41.3248,0.00417328,0.00569007,0.00612023,multitool
44.2804,36.4179,28.966,0.00417328,0.00569007,0.00612023,sunblock
46.423,46.4175,33.1008,0.00417328,0.00569007,0.00612023,sunblock
22.6161,23.3843,-26.2079,0.00417328,0.00569007,0.00612023,sunblock
62.1068,24.508,42.523,0.00417328,0.00569007,0.00612023,raisins
70.0306,20.1424,35.5267,0.00417328,0.00569007,0.00612023,raisins
53.3732,3.36442,24.6432,0.00417328,0.00569007,0.00612023,basket
43.6686,49.1401,21.1566,0.00417328,0.00569007,0.00612023,ignore
31.6784,19.5365,-41.1438,0.00417328,0.00569007,0.00612023,basket
56.6622,6.53394,20.3582,0.00417328,0.00569007,0.00612023,basket
40.8679,9.07767,-10.6252,0.00417328,0.00569007,0.00612023,chocolate_milk
56.6613,47.9863,22.863,0.00417328,0.00569007,0.00612023,raisins
50.5278,56.2546,27.2648,0.00417328,0.00569007,0.00612023,raisins
25.5069,26.3589,-45.174,0.00417328,0.00569007,0.00612023,basket
65.2422,6.23484,40.0245,0.00417328,0.00569007,0.00612023,basket
2.98361,2.50211,1.19639,0.00417328,0.00569007,0.00612023,flashlight
12.0702,6.38858,-3.46363,0.00417328,0.00569007,0.00612023,gloves
48.3125,11.6353,3.8171,0.00417328,0.00569007,0.00612023,chocolate_milk
29.1243,6.15047,-7.44448,0.00417328,0.00569007,0.00612023,ignore
43.551,10.6371,14.1003,0.00417328,0.00569007,0.00612023,chocolate_milk
44.481,1.87593,-8.57852,0.00417328,0.00569007,0.00612023,soda
9.77178,4.51387,-1.39947,0.00417328,0.00569007,0.00612023,gloves
53.9165,4.28157,-4.43795,0.00417328,0.00569007,0.00612023,gloves
30.1436,9.02268,15.5301,0.00417328,0.00569007,0.00612023,chocolate_milk
38.6948,13.7273,-1.87673,0.00417328,0.00569007,0.00612023,chocolate_milk
34.004,51.7689,19.9912,0.00417328,0.00569007,0.00612023,rope
67.997,3.34038,39.2043,0.00417328,0.00569007,0.00612023,ignore
49.4594,10.5655,-2.83355,0.00417328,0.00569007,0.00612023,chocolate_milk
37.6212,31.7175,-62.4256,0.00417328,0.00569007,0.00612023,basket
29.4663,-1.40966,-0.262391,0.00417328,0.00569007,0.00612023,soda
44.7236,-2.32146,-6.26084,0.00417328,0.00569007,0.00612023,soda
39.6551,10.4287,-0.841333,0.00417328,0.00569007,0.00612023,chocolate_milk
39.7246,12.7093,-10.7361,0.00417328,0.00569007,0.00612023,chocolate_milk
26.2048,9.52517,-7.43547,0.00417328,0.00569007,0.00612023,ignore
69.4115,-2.05498,49.1575,0.00417328,0.00569007,0.00612023,apple_juice
39.3105,10.9158,9.64043,0.00417328,0.00569007,0.00612023,ignore
54.1027,7.32555,5.06498,0.00417328,0.00569007,0.00612023,chocolate_milk
41.7489,1.57773,18.7424,0.00417328,0.00569007,0.00612023,ignore
36.0691,3.21185,14.2494,0.00417328,0.00569007,0.00612023,ignore
83.5708,-9.85376,49.4374,0.00417328,0.00569007,0.00612023,apple_juice
71.739,2.02587,42.7533,0.00417328,0.00569007,0.00612023,apple_juice
60.3325,10.8271,15.0016,0.00417328,0.00569007,0.00612023,apple_juice
36.1274,-1.41334,20.017,0.00417328,0.00569007,0.00612023,gloves
72.6397,5.98915,-6.35829,0.00417328,0.00569007,0.00612023,tape
7.23665,27.3878,-41.1085,0.00417328,0.00569007,0.00612023,bowl_blue
99.6596,-1.08762,3.28226,0.00417328,0.00569007,0.00612023,bowl_yellow
60.0126,23.3797,6.75754,0.00417328,0.00569007,0.00612023,apple_juice
55.3666,24.4925,6.03288,0.00417328,0.00569007,0.00612023,apple_juice
94.875,-13.1723,45.6129,0.00417328,0.00569007,0.00612023,bowl_yellow
61.3994,18.6056,11.166,0.00417328,0.00422975,0.00569007,ignore
49.3449,5.0262,1.98729,0.00417328,0.00422975,0.00422975,ignore
84.2193,4.87067,-1.90704,0.00417328,0.00422975,0.00422975,battery_9V
25.8105,12.9573,-20.5615,0.00417328,0.00422975,0.00422975,ignore
38.9979,51.4067,17.4556,0.00417328,0.00422975,0.00422975,ignore
27.9076,5.69889,4.4651,0.00417328,0.00422975,0.00422975,ignore
35.8422,16.4231,-34.4708,0.00417328,0.00422975,0.00422975,ignore
22.5653,4.38176,-6.09535,0.00417328,0.00422975,0.00422975,ignore
19.9525,10.845,-18.0787,0.00417328,0.00422975,0.00422975,ignore
27.0884,18.7982,-12.7677,0.00417328,0.00422975,0.00422975,ignore
71.4799,3.91925,57.9111,0.00417328,0.00422975,0.00422975,ignore
53.9822,6.56559,-10.7218,0.00417328,0.00422975,0.00422975,ignore
31.1412,8.93344,-16.4096,0.00417328,0.00422975,0.00422975,battery_1.5V
44.0398,14.8023,-13.7574,0.00417328,0.00422975,0.00422975,battery_1.5V
50.2392,4.57569,-16.4501,0.00417328,0.00422975,0.00422975,battery_1.5V
42.8617,6.58616,17.9076,0.00417328,0.00422975,0.00422975,ignore
34.2383,3.71676,-9.66792,0.00417328,0.00422975,0.00422975,ignore
88.858,-11.4878,48.8997,0.00417328,0.00422975,0.00422975,ignore
23.212,4.97928,9.77682,0.00417328,0.00422975,0.00422975,ignore
77.5393,3.00358,-9.98403,0.00417328,0.00422975,0.00422975,ignore
34.5278,6.02468,-15.1715,0.00417328,0.00422975,0.00422975,ignore
93.1071,0.0711731,-1.62554,0.00417328,0.00422975,0.00422975,ignore
68.0256,1.52858,-8.39768,0.00417328,0.00422975,0.00422975,ignore
14.2073,3.93506,-5.11832,0.00417328,0.00422975,0.00422975,ignore
14.2073,3.93506,-5.11832,0.00417328,0.00422975,0.00422975,ignore
91.2066,1.60569,-9.0416,0.00417328,0.00422975,0.00422975,drawer
61.0414,7.61208,-12.2796,0.00417328,0.00422975,0.00422975,drawer
61.3409,5.85632,-12.2506,0.00417328,0.00422975,0.00422975,drawer
31.62,3.41698,13.1978,0.00417328,0.00422975,0.00422975,ignore
33.9796,7.29366,9.90907,0.00417328,0.00422975,0.00422975,ignore
57.9483,7.41937,-5.07406,0.00417328,0.00422975,0.00422975,drawer
61.4151,7.04462,9.97915,0.00417328,0.00422975,0.00422975,ziplock
61.4151,7.04462,9.97915,0.00417328,0.00422975,0.00422975,ziplock
75.2451,-10.6762,31.2507,0.00417328,0.00422975,0.00422975,ziplock
79.2088,-5.98516,12.7002,0.00417328,0.00422975,0.00422975,ziplock
12.9955,4.82188,-10.9771,0.00417328,0.00422975,0.00422975,water_bottle
54.5319,5.28815,12.5047,0.00417328,0.00422975,0.00422975,ziplock
55.132,-2.25594,32.7191,0.00417328,0.00422975,0.00422975,ziplock
41.7814,-11.6875,9.20122,0.00417328,0.00422975,0.00422975,ignore
7.96905,17.768,-28.6188,0.00417328,0.00422975,0.00422975,water_bottle
67.1892,7.94117,-11.8257,0.00417328,0.00422975,0.00422975,ignore
80.4025,7.33621,-12.7352,0.00417328,0.00422975,0.00422975,drawer
31.6672,-8.53328,13.3173,0.00417328,0.00422975,0.00422975,repellent
51.8834,37.4582,34.3638,0.00417328,0.00422975,0.00422975,sunblock
70.2536,8.92572,-16.774,0.00417328,0.00422975,0.00422975,drawer
48.3013,9.05284,6.67675,0.00417328,0.00422975,0.00422975,ignore
38.9517,25.1927,10.0803,0.00417328,0.00422975,0.00422975,ignore
85.0255,6.4365,-14.051,0.00417328,0.00422975,0.00422975,drawer
40.7197,-30.9309,30.0531,0.00417328,0.00422975,0.00422975,repellent
30.3307,-0.780359,1.64073,0.00417328,0.00422975,0.00422975,repellent
30.786,-24.3233,32.3542,0.00417328,0.00422975,0.00422975,repellent
38.3388,-13.8143,16.0936,0.00417328,0.00422975,0.00422975,repellent
29.1978,1.90748,18.5856,0.00417328,0.00422975,0.00422975,ignore
90.9862,3.83621,-7.72303,0.00417328,0.00422975,0.00422975,drawer
47.3844,42.1142,27.6297,0.00417328,0.00422975,0.00422975,sunblock
43.7669,-10.5832,30.9142,0.00417328,0.00422975,0.00422975,ignore
49.3776,39.1466,28.7968,0.00417328,0.00422975,0.00422975,sunblock
38.4384,27.0162,25.9328,0.00417328,0.00422975,0.00422975,sunblock
79.8224,6.00809,-3.04011,0.00417328,0.00422975,0.00422975,drawer
59.9474,7.84257,40.566,0.00417328,0.00422975,0.00422975,multitool
35.9295,5.63115,15.9942,0.00417328,0.00422975,0.00422975,ignore
40.5665,9.74387,30.1686,0.00417328,0.00422975,0.00422975,multitool
45.3032,47.035,4.27727,0.00417328,0.00422975,0.00422975,ignore
56.9026,11.8325,10.8477,0.00407293,0.00417328,0.00422975,ignore
41.8829,27.0316,29.1942,0.00407293,0.00417328,0.00422975,ignore
18.9503,26.6362,-31.4049,0.00407293,0.00417328,0.00422975,sunblock
68.4413,18.6898,29.1199,0.00407293,0.00417328,0.00422975,raisins
68.3636,15.9723,43.0266,0.00407293,0.00417328,0.00422975,raisins
28.1842,26.4745,-50.6581,0.00407293,0.00417328,0.00422975,basket
49.1534,51.3371,30.5453,0.00407293,0.00417328,0.00422975,raisins
63.9918,3.94886,41.4859,0.00407293,0.00417328,0.00422975,basket
51.1621,4.86105,16.559,0.00407293,0.00417328,0.00422975,basket
40.5298,9.07301,-7.13722,0.00407293,0.00417328,0.00422975,chocolate_milk
51.1621,4.86105,16.559,0.00407293,0.00417328,0.00422975,basket
40.5298,9.07301,-7.13722,0.00407293,0.00417328,0.00422975,ignore
61.5432,4.78864,29.9152,0.00407293,0.00417328,0.00422975,ignore
23.9477,31.4685,-52.5891,0.00407293,0.00417328,0.00422975,basket
52.7559,59.3022,31.1468,0.00407293,0.00417328,0.00422975,raisins
57.0869,47.7905,10.8463,0.00407293,0.00417328,0.00422975,raisins
3.52237,3.21565,1.43058,0.00407293,0.00417328,0.00422975,flashlight
39.8582,9.91587,10.3742,0.00407293,0.00417328,0.00422975,chocolate_milk
10.0921,6.15451,-3.30659,0.00407293,0.00417328,0.00422975,gloves
28.2871,7.40977,-8.13092,0.00407293,0.00417328,0.00422975,ignore
14.7584,3.19203,2.64319,0.00407293,0.00417328,0.00422975,gloves
52.7348,5.13015,-4.86353,0.00407293,0.00417328,0.00422975,gloves
34.9293,50.4677,18.8349,0.00407293,0.00417328,0.00422975,rope
45.7324,12.8145,2.13485,0.00407293,0.00417328,0.00422975,ignore
43.1168,12.9502,-1.33931,0.00407293,0.00417328,0.00422975,chocolate_milk
40.8815,23.3163,-49.2949,0.00407293,0.00417328,0.00422975,basket
34.1084,-0.920946,13.0804,0.00407293,0.00417328,0.00422975,ignore
50.1985,10.1297,-1.70201,0.00407293,0.00417328,0.00422975,chocolate-milk
59.1782,2.02719,-9.83066,0.00407293,0.00417328,0.00422975,soda
37.7766,8.34107,8.20825,0.00407293,0.00417328,0.00422975,ignore
25.2053,-5.80288,0.0426665,0.00407293,0.00417328,0.00422975,soda
82.5602,-6.73691,63.1805,0.00407293,0.00417328,0.00422975,apple_juice
49.605,7.61424,4.9222,0.00407293,0.00417328,0.00422975,chocolate_milk
69.5129,1.44736,43.4797,0.00407293,0.00417328,0.00422975,apple_juice
75.8832,-2.65029,50.0005,0.00407293,0.00417328,0.00422975,apple_juice
72.5708,-0.47364,34.0893,0.00407293,0.00417328,0.00422975,applE_juice
58.4963,9.75725,17.5575,0.00407293,0.00417328,0.00422975,ignore
25.7429,7.85014,-5.94412,0.00407293,0.00417328,0.00422975,ignore
72.1302,5.94444,-6.48785,0.00407293,0.00417328,0.00422975,tape
68.203,8.94229,20.6224,0.00407293,0.00417328,0.00422975,apple_juice
6.97485,27.7553,-41.3622,0.00407293,0.00417328,0.00422975,bowl_blue
41.3326,38.8817,-75.0104,0.00407293,0.00417328,0.00422975,ignore
95.3565,-11.7187,39.5705,0.00407293,0.00417328,0.00422975,ignore
61.8137,35.431,-0.44124,0.00407293,0.00417328,0.00422975,ignore
66.1493,19.0129,-0.148131,0.00407293,0.00417328,0.00422975,apple_juice
57.5559,19.5973,9.87605,0.00407293,0.00417328,0.00422975,ignore
27.657,24.8804,-49.4708,0.00407293,0.00417328,0.00422975,ignore
99.2291,-0.522629,2.21092,0.00407293,0.00417328,0.00422975,ignore
83.4725,5.3875,-2.54792,0.00407293,0.00417328,0.00422975,battery_9V
57.4446,-1.62913,24.0301,0.00407293,0.00417328,0.00422975,ignore
52.6767,8.96776,-15.9031,0.0036275,0.00407293,0.00417328,battery_1.5V
24.7009,13.4366,-22.0014,0.0036275,0.00407293,0.00417328,basket
27.7449,6.95475,-1.2289,0.0036275,0.00407293,0.00417328,ignore
60.4806,4.53394,50.0654,0.0036275,0.00407293,0.00417328,ignore
54.8779,7.25031,-9.59112,0.0036275,0.00407293,0.00417328,ignore
34.9238,25.1577,-9.16154,0.0036275,0.00407293,0.00417328,ignore
70.0649,4.19064,56.479,0.0036275,0.00407293,0.00417328,basket
21.8113,6.79624,-12.7065,0.0036275,0.00407293,0.00417328,ignore
31.5276,12.2905,-19.0118,0.0036275,0.00407293,0.00417328,battery_1.5V
37.6058,7.69632,-17.5448,0.0036275,0.00407293,0.00417328,battery_1.5V
42.9342,7.10239,16.7471,0.0036275,0.00407293,0.00417328,ignore
34.314,3.9199,-10.1091,0.0036275,0.00407293,0.00417328,ignore
39.6471,3.92513,-5.7916,0.0036275,0.00407293,0.00417328,ignore
88.7633,-10.8882,45.8195,0.0036275,0.00407293,0.00417328,ignore
75.2954,1.56254,-3.13091,0.0036275,0.00407293,0.00417328,ignore
34.9537,5.99687,-15.0075,0.0036275,0.00407293,0.00417328,ignore
68.3255,-0.151255,-7.13003,0.0036275,0.00407293,0.00417328,ignore
95.0949,0.492659,-3.95982,0.0036275,0.00407293,0.00417328,drawer
70.3824,8.68268,-16.2323,0.0036275,0.00407293,0.00417328,drawer
61.5981,5.84432,-14.3723,0.0036275,0.00407293,0.00417328,drawer
65.7837,8.98599,-13.6203,0.0036275,0.00407293,0.00417328,drawer
38.322,3.10346,14.2541,0.0036275,0.00407293,0.00417328,ignore
31.2066,6.03941,4.312,0.0036275,0.00407293,0.00417328,ignore
62.1792,2.18512,32.4387,0.0036275,0.00407293,0.00417328,ignore
39.5029,8.92849,8.29344,0.0036275,0.00407293,0.00417328,ignore
20.4093,22.9245,-43.5798,0.0036275,0.00407293,0.00417328,basket
64.4598,9.49636,-8.66029,0.0036275,0.00407293,0.00417328,drawer
69.5473,7.62017,-15.3474,0.0036275,0.00407293,0.00417328,drawer
50.4917,44.7004,36.7834,0.0036275,0.00407293,0.00417328,sunblock
62.0653,42.5099,41.4433,0.0036275,0.00407293,0.00417328,sunblock
63.1776,7.41949,-12.5945,0.0036275,0.00407293,0.00417328,drawer
38.7986,6.99007,12.1012,0.0036275,0.00407293,0.00417328,ignore
38.2839,-13.752,16.0702,0.0036275,0.00407293,0.00417328,repellent
19.6274,28.0655,-42.5194,0.0036275,0.00407293,0.00417328,ignore
65.9683,5.09716,35.9307,0.0036275,0.00407293,0.00417328,basket
62.9921,8.95747,-7.22341,0.0036275,0.00407293,0.00417328,ignore
55.1667,-2.66306,35.2931,0.0036275,0.00407293,0.00417328,ignore
53.4666,38.7129,-2.25648,0.0036275,0.00407293,0.00417328,sunblock
34.9977,26.3245,-53.6795,0.0036275,0.00407293,0.00417328,basket
32.8475,-16.4347,28.6931,0.0036275,0.00407293,0.00417328,repellent
64.8893,0.6487,24.8297,0.0036275,0.00407293,0.00417328,ignore
40.9225,13.5116,5.12896,0.0036275,0.00407293,0.00417328,ignore
46.5115,39.1997,23.122,0.0036275,0.00407293,0.00417328,sunblock
53.8602,1.54142,29.6295,0.0036275,0.00407293,0.00417328,ignore
55.0997,62.5649,13.9089,0.0036275,0.00407293,0.00417328,ignore
33.0926,27.4668,-56.7246,0.0036275,0.00407293,0.00417328,basket
38.6479,2.08639,-0.113516,0.0036275,0.00407293,0.00417328,repellent
46.3878,-12.1337,9.7907,0.0036275,0.00407293,0.00417328,repellent
17.6625,19.5375,-34.5907,0.0036275,0.00407293,0.00417328,basket
37.9493,-21.0438,13.6027,0.0036275,0.00407293,0.00417328,repellent
23.8016,28.6195,-52.1862,0.0036275,0.00407293,0.00417328,basket
47.2117,-33.8791,33.6674,0.0036275,0.00407293,0.00417328,repellent
53.454,49.1934,36.0636,0.0036275,0.00407293,0.00417328,sunblock
56.6903,8.38267,3.67354,0.0036275,0.00407293,0.00417328,ignore
78.2368,11.3778,-9.07854,0.0036275,0.00407293,0.00417328,drawer_open
25.9691,32.1975,-49.7754,0.0036275,0.00407293,0.00417328,sunblock
40.0284,7.42176,-15.521,0.0036275,0.00407293,0.00417328,basket
59.0142,7.05235,42.172,0.0036275,0.00407293,0.00417328,basket
71.5283,5.14478,30.5222,0.0036275,0.00407293,0.00417328,basket
51.2613,-7.58634,30.6075,0.0036275,0.00407293,0.00417328,ignore
19.5144,27.0339,-48.2663,0.0036275,0.00407293,0.00417328,ignore
59.591,8.96664,46.3316,0.0036275,0.00407293,0.00417328,ignore
44.1594,10.8954,-7.37119,0.0036275,0.00407293,0.00417328,chocolate_milk
62.1138,11.973,0.360598,0.0036275,0.00407293,0.00417328,ignore
62.4708,32.3514,24.6926,0.0036275,0.00407293,0.00417328,raisins
43.9222,9.98218,3.26448,0.0036275,0.00407293,0.00417328,chocolate_milk
8.20283,7.75995,2.33308,0.0036275,0.00407293,0.00417328,flashlight
57.1286,12.5027,-0.64561,0.0036275,0.00407293,0.00417328,chocolate_milk
37.5779,8.43177,13.6948,0.0036275,0.00407293,0.00417328,chocolate_milk
90.3537,-3.5759,14.8475,0.0036275,0.00407293,0.00417328,ziplock
74.3054,24.2383,29.8623,0.0036275,0.00407293,0.00417328,raisins
94.3036,-18.5039,71.1931,0.0036275,0.00407293,0.00417328,multitool
90.0556,-7.49443,42.1413,0.0036275,0.00407293,0.00417328,ziplock
45.6204,58.5867,25.0399,0.0036275,0.00407293,0.00417328,raisins
56.7523,54.8777,28.1776,0.0036275,0.00407293,0.00417328,raisins
60.5584,43.6465,21.399,0.0036275,0.00407293,0.00417328,raisins
39.8217,7.56594,13.7296,0.0036275,0.00385765,0.00407293,ignore
45.9293,11.9497,2.28367,0.0036275,0.00385765,0.00407293,chocolate_milk
11.8856,7.21616,-3.59207,0.0036275,0.00385765,0.00407293,gloves
60.4203,52.5901,14.843,0.0036275,0.00385765,0.00407293,raisins
61.2234,12.9081,-11.6271,0.0036275,0.00385765,0.00407293,chocolate_milk
29.8511,8.76432,-4.08471,0.0036275,0.00385765,0.00407293,ignore
73.5038,-3.85548,55.7086,0.0036275,0.00385765,0.00407293,multitool
28.2245,14.5557,-12.214,0.0036275,0.00385765,0.00407293,ignore
24.1941,6.48288,-2.21134,0.0036275,0.00385765,0.00407293,ignore
43.2182,9.80452,-5.61872,0.0036275,0.00385765,0.00407293,ignore
55.7229,2.62329,-10.9096,0.0036275,0.00385765,0.00407293,soda
88.2395,4.83813,-1.42381,0.0036275,0.00385765,0.00407293,drawer_handle
40.8919,54.036,11.7649,0.0036275,0.00385765,0.00407293,rope
80.5539,-5.1533,55.2277,0.0036275,0.00385765,0.00407293,ziplock
63.408,6.61793,-0.981213,0.0036275,0.00385765,0.00407293,chocolate_milk
64.9678,15.0201,16.8235,0.0036275,0.00385765,0.00407293,ignore
72.1919,1.28745,45.7713,0.0036275,0.00385765,0.00407293,ziplock
57.814,7.69854,-9.08754,0.0036275,0.00385765,0.00407293,gloves
32.9638,50.6719,17.1908,0.0036275,0.00385765,0.00407293,rope
23.3791,5.76186,2.03909,0.0036275,0.00385765,0.00407293,gloves
68.8484,11.0489,9.98729,0.0036275,0.00385765,0.00407293,drawer_handle
37.203,-3.13294,7.20273,0.0036275,0.00385765,0.00407293,soda
75.2719,10.3953,21.7353,0.0036275,0.00385765,0.00407293,ziplock
92.3272,-6.54781,23.2115,0.0036275,0.00385765,0.00407293,bowl_yellow
45.5226,7.53414,13.2915,0.0036275,0.00385765,0.00407293,ignore
14.1245,33.861,-51.6691,0.0036275,0.00385765,0.00407293,bown_blue
32.7737,10.142,-16.1615,0.0036275,0.00385765,0.00407293,water_bottle
11.1029,34.0225,-50.0275,0.0036275,0.00385765,0.00407293,bowl_blue
24.0947,26.99,-46.1796,0.0036275,0.00385765,0.00407293,water_bottle
85.8096,4.62604,1.84647,0.0036275,0.00385765,0.00407293,battery_9V
57.5185,7.67465,-13.1954,2.57045e-07,0.0036275,0.00385765,battery_1.5V
49.8108,12.5249,6.24863,2.57045e-07,0.0036275,0.00385765,ignore
89.9239,-9.093,33.252,2.57045e-07,0.0036275,0.00385765,apple_juice
75.8459,6.28804,-4.60587,2.57045e-07,0.0036275,0.00385765,tape
81.335,3.20326,22.2114,2.57045e-07,0.0036275,0.00385765,apple_juice
49.9458,5.77449,-14.1526,2.57045e-07,0.0036275,0.00385765,battery_1.5V
90.1621,-7.54626,39.1017,2.57045e-07,0.0036275,0.00385765,apple_juice
23.9567,5.27897,-5.89676,2.57045e-07,0.0036275,0.00385765,battery_1.5V
27.4529,8.81077,-15.1867,2.57045e-07,0.0036275,0.00385765,battery_1.5V
78.8247,-4.48919,34.6692,2.57045e-07,0.0036275,0.00385765,bowl_yellow
38.2965,10.0651,-18.7283,2.57045e-07,0.0036275,0.00385765,battery_1.5V
74.4506,-0.579502,30.6032,2.57045e-07,0.0036275,0.00385765,apple_juice
46.4406,14.1637,-21.6924,2.57045e-07,0.0036275,0.00385765,battery_1.5V
45.7278,8.22497,-22.9099,2.57045e-07,0.0036275,0.00385765,battery_1.5V
32.4957,7.45318,-14.333,2.57045e-07,0.0036275,0.00385765,battery_1.5V
48.5895,7.05585,16.4612,2.57045e-07,0.0036275,0.00385765,ignore
66.5666,21.9548,6.18215,2.57045e-07,0.0036275,0.00385765,apple_juice
67.9975,22.6085,1.05634,2.57045e-07,0.0036275,0.00385765,apple_juice
37.1085,4.87604,-12.0241,2.57045e-07,0.0036275,0.00385765,ignore
84.7987,1.29384,-4.94572,2.57045e-07,0.0036275,0.00385765,ignore
38.461,7.59746,-18.3227,2.57045e-07,0.0036275,0.00385765,ignore
77.3858,0.664602,-5.46225,2.57045e-07,0.0036275,0.00385765,ignore
80.1972,0.635106,-5.71329,2.57045e-07,0.0036275,0.00385765,ignore
95.1301,0.593934,-3.88858,2.57045e-07,0.0036275,0.00385765,drawer
66.9931,8.56547,-14.2661,2.57045e-07,0.0036275,0.00385765,drawer
61.7395,6.21395,-14.8342,2.57045e-07,0.0036275,0.00385765,drawer
35.338,3.8139,11.0443,2.57045e-07,0.0036275,0.00385765,ignore
33.5908,5.66822,8.77384,2.57045e-07,0.0036275,0.00385765,ignore
38.2692,8.71908,7.08006,2.57045e-07,0.0036275,0.00385765,ignore
63.0118,9.25127,-10.9766,2.57045e-07,0.0036275,0.00385765,drawer
20.2139,21.2773,-40.872,2.57045e-07,0.0036275,0.00385765,basket
65.0524,1.7344,35.9813,2.57045e-07,0.0036275,0.00385765,basket
39.233,6.08669,12.9108,2.57045e-07,0.0036275,0.00385765,ignore
22.0198,28.0222,-51.0578,2.57045e-07,0.0036275,0.00385765,basket
66.5694,9.0866,-10.9521,2.57045e-07,0.0036275,0.00385765,drawer
53.4163,42.1523,38.958,2.57045e-07,0.0036275,0.00385765,sunblock
64.1331,-5.72398,37.5689,2.57045e-07,0.0036275,0.00385765,basket
48.0787,10.2908,7.41316,2.57045e-07,0.0036275,0.00385765,ignore
40.97,-8.56819,13.3106,2.57045e-07,0.0036275,0.00385765,ignore
36.3788,-24.0951,11.8672,2.57045e-07,0.0036275,0.00385765,repellent
47.6699,1.24332,29.0015,2.57045e-07,0.0036275,0.00385765,ignore
67.3317,2.13361,48.768,2.57045e-07,0.0036275,0.00385765,ignore
21.4784,27.4631,-41.9348,2.57045e-07,0.0036275,0.00385765,ignore
30.0532,33.4673,-61.7788,2.57045e-07,0.0036275,0.00385765,basket
51.9255,45.8119,28.3019,2.57045e-07,0.0036275,0.00385765,sunblock
29.7477,8.13497,1.45743,2.57045e-07,0.0036275,0.00385765,ignore
58.1608,50.875,26.5159,2.57045e-07,0.0036275,0.00385765,sunblock
55.8324,40.1581,34.5571,2.57045e-07,0.0036275,0.00385765,sunblock
63.3279,1.35144,7.78512,2.57045e-07,0.0036275,0.00385765,ignore
23.4553,35.2171,-61.3288,2.57045e-07,0.0036275,0.00385765,basket
55.8072,58.151,13.3318,2.57045e-07,0.0036275,0.00385765,sunblock
58.459,-0.776421,39.356,2.57045e-07,0.0036275,0.00385765,basket
42.3067,11.1142,0.53337,2.57045e-07,0.0036275,0.00385765,repellent
34.0115,18.7239,-43.4459,2.57045e-07,0.0036275,0.00385765,basket
33.9864,-7.90598,14.8611,2.57045e-07,0.0036275,0.00385765,repellent
51.9494,-16.7998,11.0511,2.57045e-07,0.0036275,0.00385765,repellent
50.0293,48.2429,43.2149,2.57045e-07,0.0036275,0.00385765,sunblock
48.463,-6.29499,26.7961,2.57045e-07,0.0036275,0.00385765,repellent
78.4708,11.3415,-9.13221,2.57045e-07,0.0036275,0.00385765,drawer_open
43.2572,-31.4067,31.3883,2.57045e-07,0.0036275,0.00385765,repellent
26.6224,34.0547,-50.0959,2.57045e-07,0.0036275,0.00385765,sunblock
23.4444,25.6818,-47.3016,2.57045e-07,0.0036275,0.00385765,ignore
69.698,10.9096,0.129347,2.57045e-07,0.0036275,0.00385765,ignore
64.6541,7.25647,32.9215,2.57045e-07,0.0036275,0.00385765,multitool
40.3688,7.80795,12.3274,2.57045e-07,0.00354062,0.0036275,ignore
56.7127,7.3442,39.8532,2.57045e-07,0.00354062,0.0036275,multitool
53.6471,-33.7123,29.8329,2.57045e-07,0.00354062,0.0036275,repellent
47.1658,9.40866,-10.4605,2.57045e-07,0.00354062,0.0036275,chocolate_milk
60.0982,12.444,1.87493,2.57045e-07,0.00354062,0.0036275,ignore
62.3606,30.2525,24.6071,2.57045e-07,0.00354062,0.0036275,raisins
6.27261,6.07876,2.10473,2.57045e-07,0.00354062,0.0036275,flashlight
81.4523,11.3126,29.4562,2.57045e-07,0.00354062,0.0036275,raisins
91.7027,-4.01806,14.7044,2.57045e-07,0.00354062,0.0036275,ziplock
43.5346,58.6831,29.4402,2.57045e-07,0.00354062,0.0036275,raisins
58.68,49.7233,27.7075,2.57045e-07,0.00354062,0.0036275,raisins
92.3636,-19.1427,74.8555,2.57045e-07,0.00354062,0.0036275,ziplock
95.371,-20.3611,88.701,2.57045e-07,0.00354062,0.0036275,ziplock
52.5668,14.0203,-8.73438,2.57045e-07,0.00354062,0.0036275,chocolate_milk
45.1122,10.5577,4.31438,2.57045e-07,0.00354062,0.0036275,chocolate_milk
93.4291,-15.2223,63.3829,2.57045e-07,0.00354062,0.0036275,ziplock
61.5187,52.2887,13.0353,2.57045e-07,0.00354062,0.0036275,raisins
58.8448,50.9334,16.8049,2.57045e-07,0.00354062,0.0036275,raisins
11.805,7.0126,-6.58443,2.57045e-07,0.00354062,0.0036275,gloves
36.5259,10.1393,1.44134,2.57045e-07,0.00354062,0.0036275,chocolate_milk
88.4337,2.95095,10.0609,2.57045e-07,0.00354062,0.0036275,ziplock
58.5493,8.75962,-1.2664,2.57045e-07,0.00354062,0.0036275,chocolate_milk
29.0053,8.99541,0.613704,2.57045e-07,0.00354062,0.0036275,gloves
84.3714,-13.1085,71.8187,2.57045e-07,0.00354062,0.0036275,ziplock
68.867,1.39986,49.5448,2.57045e-07,0.00354062,0.0036275,ziplock
71.8412,-1.08648,54.0314,2.57045e-07,0.00354062,0.0036275,ziplock
47.5934,3.3282,-13.1351,2.57045e-07,0.00354062,0.0036275,soda
43.2128,13.2759,5.02716,2.57045e-07,0.00354062,0.0036275,chocolate_milk
79.8905,7.59507,0.918553,2.57045e-07,0.00354062,0.0036275,drawer_handle
33.7767,55.2218,20.4635,2.57045e-07,0.00354062,0.0036275,rope
54.1019,5.21714,4.40128,2.57045e-07,0.00354062,0.0036275,ignore
83.0408,-0.929856,31.8013,2.57045e-07,0.00354062,0.0036275,ziplock
61.1038,5.50402,-1.23473,2.57045e-07,0.00354062,0.0036275,loves
61.1038,5.50402,-1.23473,2.57045e-07,0.00354062,0.0036275,gloves
58.1074,16.6491,13.2544,2.57045e-07,0.00354062,0.0036275,ignore
19.6371,5.76076,0.620563,2.57045e-07,0.00354062,0.0036275,gloves
51.3344,-1.46352,-10.1438,2.57045e-07,0.00354062,0.0036275,soda
70.5742,11.1828,22.4499,2.57045e-07,0.00354062,0.0036275,ziplock
88.0122,0.101486,35.391,2.57045e-07,0.00354062,0.0036275,ziplock
30.8378,-4.74361,3.24413,2.57045e-07,0.00354062,0.0036275,soda
91.2579,-5.92795,22.6924,2.57045e-07,0.00354062,0.0036275,bowl_yellow
51.2031,30.6101,10.6699,2.57045e-07,0.00354062,0.0036275,ignore
39.4699,53.3802,10.9929,2.57045e-07,0.00354062,0.0036275,ignore
15.8906,35.9915,-55.4892,2.57045e-07,0.00354062,0.0036275,ignore
32.7769,9.35621,-15.1789,2.57045e-07,0.00354062,0.0036275,water_bottle
12.1193,32.7577,-49.0832,2.57045e-07,0.00354062,0.0036275,ignore
24.8255,27.0138,-46.2177,2.57045e-07,0.00354062,0.0036275,water_bottle
86.4126,4.17348,2.1337,2.57045e-07,0.00354062,0.0036275,battery_9V
10.5723,35.279,-51.0616,2.57045e-07,0.00354062,0.0036275,ignore
89.3172,-5.52166,26.867,2.57045e-07,0.00354062,0.0036275,apple_juice
48.4612,6.64701,-5.41324,2.57045e-07,0.00354062,0.0036275,battery_1.5V
75.8376,6.58999,-4.36859,2.57045e-07,0.00354062,0.0036275,tape
79.5577,-3.48307,32.7603,2.57045e-07,0.00354062,0.0036275,apple_juice
30.1326,12.0427,-18.9184,2.57045e-07,0.00354062,0.0036275,ignore
86.5371,-9.81152,39.8839,2.57045e-07,0.00354062,0.0036275,apple_juice
31.9636,5.23773,-2.60907,2.57045e-07,0.00354062,0.0036275,battery_1.5V
42.8564,9.54021,-12.3576,2.57045e-07,0.00354062,0.0036275,battery_1.5V
85.5674,0.762042,21.0089,2.57045e-07,0.00354062,0.0036275,apple_juice
52.5515,8.94051,3.84429,2.57045e-07,0.00354062,0.0036275,ignore
71.7862,-0.744404,38.3017,2.57045e-07,0.00354062,0.0036275,apple_juice
69.5596,21.3253,3.47274,2.57045e-07,0.00354062,0.0036275,apple_juice
59.8966,18.9326,7.59479,2.57045e-07,0.00354062,0.0036275,ignore
69.1736,23.7655,-2.68604,2.57045e-07,0.00354062,0.0036275,ignore
25.6315,6.73509,-7.14345,2.57045e-07,0.00354062,0.0036275,ignore
