31.6231,7.06016,12.518,0.0232327,0.367643,0.529615,ignore
35.1753,6.61077,14.954,0.0232327,0.0397789,0.0987659,ignore
76.2844,-1.37112,7.38408,0.00727239,0.0173563,0.0232327,ignore
67.8507,-0.962574,22.6558,0.00727239,0.0173563,0.0232327,ziplock
29.071,5.36052,13.1315,0.00727239,0.0149,0.0173563,ignore
29.071,5.36052,13.1315,0.00727239,0.0149,0.0173563,ignore
67.1034,-12.5277,48.1979,0.00727239,0.0149,0.0173563,ignore
34.9131,54.1499,34.1112,0.00727239,0.0149,0.0173563,rope
55.6042,-3.99662,50.1498,0.00727239,0.00783083,0.0149,ziplock
61.361,5.64825,49.9329,0.00727239,0.00783083,0.0149,apple_juice
37.6538,7.70491,13.3085,0.00727239,0.00783083,0.0116965,ignore
66.9434,-5.47822,60.623,0.00727239,0.00783083,0.0116965,apple_juice
70.6655,-0.0254839,52.8574,0.00727239,0.00783083,0.0116965,apple_juice
70.6655,-0.0254839,52.8574,0.00727239,0.00783083,0.0116965,apple_juice
54.3083,17.2426,23.2144,0.00727239,0.00783083,0.0111378,apple_juice
59.4307,25.0134,12.6038,0.00651227,0.00727239,0.00783083,apple_juice
36.3544,8.60071,16.4462,0.00651227,0.00727239,0.0077476,ignore
5.37761,3.84199,-1.37365,0.00651227,0.00727239,0.0077476,knife
73.6494,7.40519,5.62493,0.00651227,0.00727239,0.0077476,tape
47.1821,17.9532,-25.4568,0.00651227,0.00727239,0.0077476,battery
45.4578,20.3849,-17.5327,0.00651227,0.00727239,0.0077476,battery
2.90376,1.74922,-2.38898,0.00651227,0.00727239,0.0074183,ignore
29.3734,3.72447,-10.9715,0.00651227,0.00727239,0.0074183,ignore
61.8776,3.9169,-8.65858,0.00651227,0.00727239,0.0074183,ignore
25.6302,6.04839,-14.8267,0.00651227,0.00727239,0.0074183,ignore
2.27185,1.94314,-1.94746,0.00651227,0.00686808,0.00727239,ignore
65.6192,4.44366,-4.39278,0.00651227,0.00686808,0.00727239,ignore
65.6192,4.44366,-4.39278,0.00651227,0.00686808,0.00727239,ignore
31.5328,6.85725,13.136,0.00651227,0.00686808,0.00727239,ignore
76.8868,-2.8221,9.8028,0.00651227,0.00686808,0.00727239,ignore
54.36,0.314586,32.6716,0.00651227,0.00686808,0.00727239,ziplock
61.3161,-2.29431,35.4632,0.00647089,0.00651227,0.00686808,ziplock
72.1823,-3.58274,24.5814,0.00647089,0.00651227,0.00686808,ziplock
63.8083,-12.764,48.0975,0.00647089,0.00651227,0.00686808,ziplock
41.0902,7.67067,2.39588,0.00647089,0.00651227,0.00686808,ignore
39.2287,10.4325,11.6576,0.0037011,0.00647089,0.00651227,ignore
36.0859,7.56338,14.803,0.0037011,0.00647089,0.00651227,ignore
34.9652,54.1845,34.4526,0.0037011,0.00647089,0.00651227,rope
23.6695,4.51284,10.9982,0.0037011,0.00647089,0.00651227,ignore
73.3391,3.62142,59.9559,0.0037011,0.00647089,0.00651227,apple_juice
42.1398,8.4994,3.19163,0.0037011,0.00647089,0.00651227,ignore
52.0664,7.9512,22.2275,0.0037011,0.00647089,0.00651227,ignore
68.5481,-1.36668,58.466,0.0037011,0.00647089,0.00651227,apple_juice
66.5443,2.81017,51.6431,0.0037011,0.00647089,0.00651227,apple_juice
55.6457,15.1588,31.4611,0.0037011,0.00647089,0.00651227,apple_juice
61.3028,5.75036,53.6442,0.0037011,0.00647089,0.00651227,apple_juice
62.7637,17.7977,17.7824,0.0037011,0.00647089,0.00651227,apple_juice
35.3719,7.37869,17.1912,0.0037011,0.00647089,0.00651227,ignore
4.24948,3.16202,-1.96171,0.0037011,0.00647089,0.00651227,knife
71.83,6.9482,6.13331,0.0037011,0.00647089,0.00651227,tape
47.2436,18.6619,-22.5553,0.0037011,0.00647089,0.00651227,battery
3.56145,2.06038,-3.60304,0.0037011,0.00647089,0.00651227,ignore
30.8669,3.94021,-10.9375,0.0037011,0.00647089,0.00651227,ignore
54.8123,3.49132,-7.86431,0.0037011,0.00647089,0.00651227,ignore
26.7661,5.83257,-14.4684,0.0037011,0.00647089,0.00651227,ignore
77.3729,0.880706,1.01141,0.0037011,0.00647089,0.00651227,ignore
77.3729,0.880706,1.01141,0.0037011,0.00647089,0.00651227,ignore
34.9914,8.6887,13.1438,0.0037011,0.00647089,0.00651227,ignore
29.6812,6.28061,11.9385,0.0037011,0.00647089,0.00651227,ignore
30.386,5.93952,13.6118,0.0037011,0.00647089,0.00651227,ignore
71.7525,-7.6232,26.9611,0.0037011,0.00647089,0.00651227,ignore
34.3965,7.69836,12.3001,0.0037011,0.00647089,0.00651227,ignore
60.0913,-11.1826,48.8907,0.0037011,0.00647089,0.00651227,ziplock
72.1537,-4.53909,24.614,0.0037011,0.00647089,0.00651227,ziplock
53.7852,4.74528,20.0245,0.0037011,0.00647089,0.00651227,ziplock
35.0472,53.9831,34.1548,0.0037011,0.00647089,0.00651227,rope
57.0821,-5.40438,57.0201,0.0037011,0.00589424,0.00647089,ziplock
40.7061,7.30748,15.538,0.0037011,0.00589424,0.00647089,ignore
39.4066,10.5727,12.6813,0.00347443,0.0037011,0.00589424,ignore
72.3256,4.6634,58.6484,0.00347443,0.0037011,0.00589424,apple_juice
66.1194,4.19559,26.8627,0.00347443,0.0037011,0.00589424,ignore
60.9242,4.20421,45.0882,0.00347443,0.0037011,0.00589424,apple_juice
71.6412,-5.7947,62.1429,0.00347443,0.0037011,0.00589424,apple_juice
56.8904,21.07,14.9888,0.00347443,0.0037011,0.00589424,apple_juice
60.6559,9.58486,48.1098,0.00347443,0.0037011,0.00589424,apple_juice
62.2894,17.4088,13.5259,0.00347443,0.0037011,0.00589424,apple_juice
9.02499,5.13708,0.768174,0.00347443,0.0037011,0.00589424,knife
74.0746,6.67927,6.93642,0.00347443,0.0037011,0.00589424,tape
38.7608,19.6182,-16.4129,0.00347443,0.0037011,0.00589424,battery
51.2531,19.9303,-26.0919,0.00347443,0.0037011,0.00589424,battery
3.07372,2.16689,-4.84999,0.00347443,0.0037011,0.00589424,ignore
31.0386,3.5954,-10.205,0.00347443,0.0037011,0.00589424,ignore
81.1602,1.65766,-3.73843,0.00347443,0.0037011,0.00589424,ignore
27.6704,5.94453,-14.8786,0.00347443,0.0037011,0.00589424,ignore
66.2985,4.2261,-9.70786,0.00347443,0.0037011,0.00589424,ignore
55.4868,3.45172,-9.22184,0.00347443,0.0037011,0.00589424,ignore
31.7801,6.98834,14.0832,0.00347443,0.0037011,0.00589424,ignore
72.8407,-3.87746,14.5717,0.00347443,0.0037011,0.00561897,ignore
68.4941,-3.91263,27.2497,0.00347443,0.0037011,0.00561897,ziplock
57.6406,2.09035,27.6257,0.00347443,0.0037011,0.00561897,ziplock
46.3634,0.355694,19.0282,0.00347443,0.0037011,0.00561897,ziplock
66.2301,-12.6606,49.6332,0.00347443,0.0037011,0.00561897,ignore
40.3933,10.2507,12.0768,0.00347443,0.0037011,0.00402674,ignore
35.0247,53.5699,33.1314,0.00347443,0.0037011,0.00402674,rope
37.561,8.4382,10.5328,0.00347443,0.0037011,0.00402674,ignore
29.2361,5.59663,13.6288,0.00347443,0.0037011,0.00402674,ignore
62.0191,5.76513,49.5901,0.00347443,0.0037011,0.00402674,apple_juice
62.6788,3.67008,39.5837,0.00347443,0.0037011,0.00402674,ignore
67.7836,-10.3969,63.8425,0.00347443,0.0037011,0.00402674,ignore
75.5237,-4.35315,65.2252,0.00347443,0.0037011,0.00402674,ignore
82.3704,-2.17139,58.4339,0.00347443,0.0037011,0.00402674,ignore
57.5435,16.3585,16.2592,0.00347443,0.0037011,0.00402674,apple_juice
52.8753,21.1612,24.9431,0.00347443,0.0037011,0.00402674,apple_juice
65.515,14.4403,16.447,0.00347443,0.0037011,0.00402674,apple_juice
7.29281,5.01449,0.0888339,0.00347443,0.0037011,0.00402674,knife
71.9888,7.34987,5.4113,0.00347443,0.0037011,0.00402674,tape
47.947,19.3761,-26.8424,0.00347443,0.0037011,0.00402674,battery
46.4984,18.5209,-18.0362,0.00347443,0.0037011,0.00402674,battery
1.93617,1.95321,-2.71992,0.00347443,0.0037011,0.00402674,ignore
30.6389,3.7988,-10.521,0.00347443,0.0037011,0.00402674,ignore
83.0664,1.61494,-2.63819,0.00347443,0.0037011,0.00402674,ignore
26.6733,6.06234,-14.729,0.00347443,0.0037011,0.00402674,ignore
81.473,0.247572,-5.36095,0.00347443,0.0037011,0.00402674,ignore
81.559,2.52853,-3.35002,0.00347443,0.0037011,0.00402674,ignore
2.53507,1.49244,-1.94338,0.00347443,0.0037011,0.00402674,ignore
6.60524,3.57471,-8.76367,0.00347443,0.0037011,0.00402674,ignore
31.5145,7.08265,13.1938,0.00347443,0.0037011,0.00402674,ignore
76.8239,-2.48528,9.96382,0.00347443,0.0037011,0.00402674,ignore
74.1602,-5.35481,25.7043,0.00347443,0.0037011,0.00402674,ziplock
36.174,7.18983,10.3662,0.00347443,0.0037011,0.00402674,ignore
56.2362,6.12018,17.45,0.00347443,0.0037011,0.00402674,ziplock
38.1585,9.76857,11.8551,0.00347443,0.0037011,0.00375233,ignore
64.4824,-11.9702,49.9026,0.00347443,0.0037011,0.00375233,ziplock
34.8075,54.4733,33.9416,0.00347443,0.0037011,0.00375233,rope
56.8707,-4.48482,51.1288,0.00347443,0.0037011,0.00375233,ziplock
47.0763,8.32667,12.6989,0.00347443,0.0037011,0.00375233,ignore
42.6233,11.5934,12.7762,0.00297748,0.00347443,0.0037011,ignore
75.7029,2.55299,63.793,0.00297748,0.00347443,0.0037011,apple_juice
71.2461,-2.37175,59.2872,0.00297748,0.00347443,0.0037011,apple_juice
28.8604,5.64048,14.1221,0.00297748,0.00347443,0.0037011,ignore
63.1129,-0.00900107,33.5679,0.00297748,0.00347443,0.0037011,ziplock
76.0895,-8.28503,63.3464,0.00297748,0.00347443,0.0037011,apple_juice
66.2017,3.08993,50.056,0.00297748,0.00347443,0.0037011,apple_juice
51.3589,18.991,20.0118,0.00297748,0.00347443,0.0037011,apple_juice
58.0146,5.78846,48.5642,0.00297748,0.00347443,0.0037011,apple_juice
64.5544,15.2357,15.4254,0.00297748,0.00347443,0.0037011,apple_juice
60.0074,25.5581,9.78101,0.00297748,0.00347443,0.0037011,apple_juice
6.41973,4.24674,-0.756592,0.00297748,0.00347443,0.0037011,knife
73.1987,6.81169,5.25378,0.00297748,0.00347443,0.0037011,tape
45.3571,18.4551,-21.8312,0.00297748,0.00347443,0.0037011,battery
2.29838,1.8309,-2.40611,0.00297748,0.00347443,0.0037011,ignore
29.8964,4.03518,-10.543,0.00297748,0.00347443,0.0037011,ignore
88.026,1.37328,-2.12014,0.00297748,0.00347443,0.0037011,ignore
25.2448,5.6924,-13.5167,0.00297748,0.00347443,0.0037011,ignore
73.0551,0.288629,0.164233,0.00297748,0.00347443,0.0037011,ignore
8.48941,4.31907,-9.18327,0.00297748,0.00347443,0.0037011,ignore
68.4481,3.05511,-2.72961,0.00297748,0.00347443,0.0037011,ignore
68.4481,3.05511,-2.72961,0.00297748,0.00347443,0.0037011,ignore
29.2386,5.54383,14.4606,0.00297748,0.00347443,0.0037011,ignore
34.7661,8.4499,13.7722,0.00297748,0.00347443,0.0037011,ignore
39.2606,7.07501,12.9888,0.00297748,0.00347443,0.0037011,ignore
73.4716,-2.90939,13.6165,0.00297748,0.00347443,0.0037011,ignore
71.0329,-5.75633,29.8118,0.00297748,0.00347443,0.0037011,ziplock
54.0993,4.4084,22.8451,0.00297748,0.00347443,0.0037011,ziplock
40.1085,10.0044,12.7099,0.00297748,0.00347443,0.0037011,ignore
60.4321,-10.9462,47.0389,0.00297748,0.00347443,0.0037011,ignore
34.5063,53.6012,34.7029,0.00297748,0.00347443,0.0037011,rope
64.0656,3.8916,49.856,0.00297748,0.00347443,0.0037011,apple_juice
24.9832,4.12443,14.8762,0.00297748,0.00347443,0.0037011,ignore
60.8028,2.89079,47.0823,0.00297748,0.00347443,0.0037011,ignore
58.1297,-1.36251,33.8187,0.00297748,0.00347443,0.0037011,ignore
76.4143,-4.42463,59.922,0.00297748,0.00347443,0.0037011,apple_juice
68.4346,-1.11712,54.8412,0.00297748,0.00347443,0.0037011,apple_juice
59.6113,18.1688,18.2806,0.00297748,0.00347443,0.0037011,apple_juice
59.9771,16.9112,14.1106,0.00297748,0.00347443,0.0037011,apple_juice
6.23223,4.67881,-0.0254082,0.00297748,0.00347443,0.0037011,knife
73.6293,6.44875,2.3101,0.00297748,0.00347443,0.0037011,tape
65.705,7.515,13.9108,0.00297748,0.00347443,0.0037011,tape
48.9883,18.4397,-24.3498,0.00297748,0.00347443,0.0037011,battery
48.6662,20.8852,-10.5916,0.00297748,0.00347443,0.0037011,battery
4.21937,3.29644,-5.71203,0.00297748,0.00347443,0.0037011,ignore
31.6189,3.58558,-10.1269,0.00297748,0.00347443,0.0037011,ignore
66.8604,3.39866,-3.7585,0.00297748,0.00347443,0.0037011,ignore
27.7438,5.76315,-14.3661,0.00297748,0.00347443,0.0037011,ignore
2.42537,0.889555,-1.49759,0.00297748,0.00347443,0.0037011,ignore
2.42537,0.889555,-1.49759,0.00297748,0.00347443,0.0037011,ignore
33.0656,3.40617,15.0464,0.00297748,0.00347443,0.0037011,ignore
34.8851,5.38397,15.3612,0.00297748,0.00347443,0.0037011,ignore
34.0619,54.2242,34.7122,0.00297748,0.00347443,0.0037011,rope
42.3542,5.54226,16.1099,0.00297748,0.00347443,0.0037011,ignore
90.9974,-10.3527,24.2833,0.00297748,0.00347443,0.0037011,ignore
49.8459,6.58329,15.5174,0.00297748,0.00347443,0.0037011,ignore
78.7775,-17.7501,54.6939,0.00297748,0.00347443,0.0037011,ziplock
80.499,-16.9883,65.4004,0.00297748,0.00347443,0.0037011,ziplock
84.0922,-1.67432,7.11522,0.00297748,0.00347443,0.0037011,ziplock
62.8602,1.17346,16.0471,0.00297748,0.00347443,0.0037011,ziplock
67.6238,-5.24714,30.7133,0.00297748,0.00347443,0.0037011,ziplock
66.4882,-7.40044,40.715,0.00297748,0.00347443,0.0037011,ziplock
33.7006,16.8822,-11.3655,0.00297748,0.00347443,0.0037011,battery
5.86028,1.82366,1.95685,0.00297748,0.00347443,0.0037011,knife
42.0081,16.6547,-23.7452,0.00297748,0.00347443,0.0037011,battery
71.3051,2.8506,13.5407,0.00297748,0.00347443,0.0037011,tape
35.4205,2.47644,18.1449,0.00297748,0.00347443,0.0037011,ignore
78.3358,-4.13395,49.0925,0.00297748,0.00347443,0.0037011,apple_juice
80.3299,-11.9721,47.0798,0.00297748,0.00347443,0.0037011,apple_juice
85.3087,-12.4114,64.7368,0.00297748,0.00347443,0.0037011,apple_juice
77.5524,-5.94245,38.7376,0.00297748,0.00347443,0.0037011,apple_juice
67.0485,25.1301,2.80011,0.00297748,0.00347443,0.0037011,apple_juice
48.3383,7.03456,23.1552,0.00297748,0.00347443,0.0037011,apple_juice
62.3328,16.0118,5.03453,0.00297748,0.00347443,0.0037011,apple_juice
66.4016,16.9855,6.18283,0.00297748,0.00347443,0.0037011,apple_juice
3.66771,0.64729,-2.5699,0.00297748,0.00347443,0.0037011,ignore
34.0932,0.562416,-8.28065,0.00297748,0.00347443,0.0037011,ignore
78.8293,2.65005,-4.92192,0.00297748,0.00347443,0.0037011,ignore
6.42961,2.28065,-9.09306,0.00297748,0.00347443,0.0037011,ignore
29.9145,3.03972,-12.798,0.00297748,0.00347443,0.0037011,ignore
85.9122,-0.914996,-4.85967,0.00297748,0.00347443,0.0037011,ignore
4.23967,2.02766,0.772351,0.00297748,0.00347443,0.0037011,ignore
4.23967,2.02766,0.772351,0.00297748,0.00347443,0.0037011,ignore
30.7518,2.32947,13.6341,0.00520763,0.0134675,0.0134675,ignore
38.0661,5.92391,14.8899,0.00520763,0.00520763,0.0134675,ignore
56.2219,2.46753,38.8272,0.00520763,0.00520763,0.0134675,apple_juice
70.3769,-12.4439,53.5799,0.00520763,0.00520763,0.00721642,apple_juice
60.5824,-0.660138,42.6149,0.00520763,0.00520763,0.00721642,apple_juice
67.1317,-2.17629,54.8461,0.00520763,0.00520763,0.00721642,apple_juice
11.3866,4.97091,-0.194951,0.00520763,0.00520763,0.00721642,knife
58.8272,12.725,17.4436,0.00520763,0.00520763,0.00721642,apple_juice
74.3974,-7.74896,26.4067,0.00520763,0.00520763,0.00721642,ziplock
79.6729,4.30063,-5.75908,0.00503665,0.00520763,0.00520763,ziplock
72.0309,4.67123,9.29208,0.00503665,0.00520763,0.00520763,ziplock
67.097,-8.05139,36.1118,0.00503665,0.00520763,0.00520763,ziplock
83.4669,-9.79963,17.5309,0.00503665,0.00520763,0.00520763,ziplock
37.7751,1.11761,22.9093,0.00503665,0.00520763,0.00520763,ignore
60.5772,-6.41753,21.7238,0.00503665,0.00520763,0.00520763,ignore
63.3933,-14.1702,50.9729,0.00503665,0.00520763,0.00520763,ziplock
63.7035,-15.2319,48.0954,0.00503665,0.00520763,0.00520763,ziplock
73.3297,2.87514,12.4313,0.00503665,0.00520763,0.00520763,tape
61.1039,-4.7661,28.3297,0.00503665,0.00520763,0.00520763,ziplock
38.8234,10.3687,-17.3948,0.00503665,0.00520763,0.00520763,battery
46.002,19.7001,-26.5611,0.00503665,0.00520763,0.00520763,battery
41.8569,64.6074,42.1352,0.00503665,0.00520763,0.00520763,rope
28.4884,45.2273,32.4673,0.00503665,0.00520763,0.00520763,rope
42.1993,66.1865,42.2472,0.00503665,0.00520763,0.00520763,rope
38.5484,4.62001,16.8485,0.00503665,0.00520763,0.00520763,ignore
4.52466,1.46882,-2.5396,0.00503665,0.00520763,0.00520763,ignore
32.9663,1.23747,-9.66826,0.00503665,0.00520763,0.00520763,ignore
72.4805,0.998358,-4.1131,0.00503665,0.00520763,0.00520763,ignore
29.76,3.99687,-14.284,0.00503665,0.00520763,0.00520763,ignore
74.0837,1.58492,-6.08546,0.00503665,0.00520763,0.00520763,ignore
80.0374,-0.0581162,-5.88261,0.00503665,0.00520763,0.00520763,ignore
80.0374,-0.0581162,-5.88261,0.00503665,0.00520763,0.00520763,ignore
35.3559,4.61305,14.2284,0.00503665,0.00520763,0.00520763,ignore
32.7542,1.85183,15.185,0.00503665,0.00520763,0.00520763,ignore
72.8015,-0.00040416,52.2691,0.00503665,0.00520763,0.00520763,apple_juice
51.6927,1.84122,37.6327,0.00503665,0.00520763,0.00520763,apple_juice
66.642,-3.01137,58.5731,0.00503665,0.00520763,0.00520763,apple_juice
74.4502,-4.95136,48.3231,0.00503665,0.00520763,0.00520763,apple_juice
68.7739,-4.63338,55.3186,0.00503665,0.00520763,0.00520763,apple_juice
59.111,14.4589,18.3717,0.00503665,0.00520763,0.00520763,apple_juice
10.9329,5.01872,-0.109804,0.00503665,0.00520763,0.00520763,knife
59.4942,15.5604,17.1076,0.00503665,0.00520763,0.00520763,apple_juice
73.0841,-9.34739,29.2932,0.00503665,0.00520763,0.00520763,ziplock
74.9317,3.85796,8.74919,0.00503665,0.00520763,0.00520763,ziplock
67.7809,3.76386,10.0898,0.00503665,0.00520763,0.00520763,ziplock
85.6103,-6.64828,8.35209,0.00503665,0.00520763,0.00520763,ziplock
60.4473,-6.77932,40.1615,0.00503665,0.00520763,0.00520763,ziplock
70.0208,-5.91384,22.8413,0.00503665,0.00520763,0.00520763,ziplock
65.6284,-14.9412,48.3114,0.00503665,0.00520763,0.00520763,ziplock
65.6284,-14.9412,48.3114,0.00503665,0.00520763,0.00520763,ziplock
73.1937,3.09917,11.559,0.00503665,0.00520763,0.00520763,tape
35.6117,18.4232,-10.5737,0.00503665,0.00520763,0.00520763,battery
49.1415,15.5456,-29.0712,0.00503665,0.00520763,0.00520763,battery
40.8908,9.44956,-18.6018,0.00503665,0.00520763,0.00520763,battery
40.5699,62.857,40.6931,0.00503665,0.00520763,0.00520763,rope
27.9508,44.5158,31.7282,0.00503665,0.00520763,0.00520763,rope
35.2343,3.82585,17.0625,0.00503665,0.00520763,0.00520763,ignore
3.67926,1.25529,-1.97201,0.00503665,0.00520763,0.00520763,ignore
33.3349,0.75493,-9.28188,0.00503665,0.00520763,0.00520763,ignore
66.1782,3.42996,-6.11046,0.00503665,0.00520763,0.00520763,ignore
31.9142,3.07606,-12.5711,0.00503665,0.00520763,0.00520763,ignore
59.5325,1.16253,-10.5695,0.00503665,0.00520763,0.00520763,ignore
68.3052,1.47222,-5.52948,0.00503665,0.00520763,0.00520763,ignore
14.277,3.34903,-9.52783,0.00503665,0.00520763,0.00520763,ignore
28.2882,2.16372,13.6033,0.00503665,0.00520763,0.00520763,ignore
37.2621,5.37935,15.7331,0.00503665,0.00520763,0.00520763,ignore
59.6106,0.198254,44.5699,0.00503665,0.00520763,0.00520763,apple_juice
68.1073,-3.38828,49.0314,0.00503665,0.00520763,0.00520763,apple_juice
62.206,1.37599,51.6081,0.00503665,0.00520763,0.00520763,apple_juice
10.2496,4.98808,0.0577318,0.00503665,0.00520763,0.00520763,knife
60.6533,14.2006,16.1729,0.00503665,0.00520763,0.00520763,apple_juice
55.4581,11.5598,19.5571,0.00503665,0.00520763,0.00520763,apple_juice
73.6275,-7.60723,25.6864,0.00503665,0.00520763,0.00520763,ziplock
42.959,6.76681,14.7366,0.00503665,0.00520763,0.00520763,ignore
69.5044,3.73436,13.8801,0.00503665,0.00520763,0.00520763,ignore
64.6905,-5.81316,32.512,0.00503665,0.00520763,0.00520763,ziplock
33.9046,2.02031,18.2786,0.00503665,0.00520763,0.00520763,ignore
73.1151,-11.1572,29.4599,0.00503665,0.00520763,0.00520763,ziplock
68.3878,-13.0544,35.9949,0.00503665,0.00520763,0.00520763,ziplock
71.0858,-18.8639,51.9521,0.00503665,0.00520763,0.00520763,ziplock
73.477,3.25358,10.5962,0.00503665,0.00520763,0.00520763,tape
61.1818,-13.3207,46.1137,0.00503665,0.00520763,0.00520763,ziplock
37.3121,12.9287,-15.1791,0.00503665,0.00520763,0.00520763,battery
47.9568,15.2875,-25.0849,0.00503665,0.00520763,0.00520763,battery
37.2383,58.23,38.4462,0.00503665,0.00520763,0.00520763,rope
37.4407,3.84936,17.0134,0.00503665,0.00520763,0.00520763,ignore
4.20488,1.95701,-2.57887,0.00503665,0.00520763,0.00520763,ignore
32.502,0.841485,-9.03603,0.00503665,0.00520763,0.00520763,ignore
6.13562,-0.555086,-1.89552,0.00503665,0.00520763,0.00520763,ignore
33.7391,4.04651,14.6261,0.00503665,0.00520763,0.00520763,ignore
55.5295,-1.51791,38.0917,0.00503665,0.00520763,0.00520763,apple_juice
69.6273,-1.38091,53.9806,0.00503665,0.00520763,0.00520763,apple_juice
25.9074,1.27549,15.8443,0.00503665,0.00520763,0.00520763,ignore
70.1101,-4.05415,53.095,0.00503665,0.00520763,0.00520763,apple_juice
52.0937,10.5469,25.8763,0.00503665,0.00520763,0.00520763,apple_juice
9.47664,5.12674,0.330624,0.00503665,0.00520763,0.00520763,knife
44.4864,6.4208,14.5359,0.00503665,0.00520763,0.00520763,ignore
62.3819,16.066,13.178,0.00503665,0.00520763,0.00520763,apple_juice
46.8421,20.2903,13.763,0.00503665,0.00520763,0.00520763,apple_juice
72.4437,-8.89797,29.4657,0.00503665,0.00520763,0.00520763,ziplock
72.507,4.18999,13.598,0.00503665,0.00520763,0.00520763,ignore
63.7572,0.565507,7.63599,0.00503665,0.00520763,0.00520763,ignore
72.4748,-9.76694,39.2519,0.00503665,0.00520763,0.00520763,ziplock
67.4623,-6.77972,23.1535,0.00503665,0.00520763,0.00520763,ziplock
63.3199,-10.6987,44.6737,0.00503665,0.00520763,0.00520763,ziplock
72.298,3.31719,11.9459,0.00503665,0.00520763,0.00520763,tape
67.3197,-7.7567,32.9852,0.00503665,0.00520763,0.00520763,ziplock
34.0375,10.3337,-14.3583,0.00503665,0.00520763,0.00520763,battery
49.9416,14.8517,-26.9733,0.00503665,0.00520763,0.00520763,battery
42.1202,65.8506,43.9869,0.00503665,0.00520763,0.00520763,rope
29.0741,42.8991,30.4245,0.00503665,0.00520763,0.00520763,rope
1.75464,1.90569,-0.169459,0.00503665,0.00520763,0.00520763,ignore
30.7426,3.73253,15.1944,0.00503665,0.00520763,0.00520763,ignore
33.2219,0.725094,-9.07604,0.00503665,0.00520763,0.00520763,ignore
66.7444,1.71234,-5.10168,0.00503665,0.00520763,0.00520763,ignore
29.27,3.60418,-13.2029,0.00503665,0.00520763,0.00520763,ignore
29.27,3.60418,-13.2029,0.00503665,0.00520763,0.00520763,ignore
30.232,2.46416,14.3243,0.00503665,0.00520763,0.00520763,ignore
35.1737,6.06609,13.4899,0.00503665,0.00520763,0.00520763,ignore
32.9838,54.899,30.9789,0.00503665,0.00520763,0.00520763,rope
23.3202,40.4101,27.8828,0.00503665,0.00520763,0.00520763,rope
70.3817,-12.9132,50.5202,0.00503665,0.00520763,0.00520763,ziplock
4.24312,6.03388,-1.54556,0.00503665,0.00520763,0.00520763,knife
70.9911,-6.53857,21.0679,0.00503665,0.00520763,0.00520763,ziplock
76.1429,-4.15693,26.285,0.00503665,0.00520763,0.00520763,ziplock
39.6868,5.41393,18.713,0.00503665,0.00520763,0.00520763,ignore
64.1706,-4.82604,25.582,0.00503665,0.00520763,0.00520763,ignore
75.3333,4.138,7.14271,0.00503665,0.00520763,0.00520763,tape
43.5986,7.02434,19.1359,0.00503665,0.00520763,0.00520763,ignore
40.1517,21.904,0.901118,0.00503665,0.00520763,0.00520763,battery
36.038,14.4001,-21.3274,0.00503665,0.00520763,0.00520763,battery
67.9974,9.47736,16.0464,0.00503665,0.00520763,0.00520763,ignore
47.7066,18.595,-21.3847,0.00503665,0.00520763,0.00520763,battery
82.1244,2.45229,16.9991,0.00503665,0.00520763,0.00520763,apple_juice
76.3434,-3.52343,38.7523,0.00503665,0.00520763,0.00520763,apple_juice
77.2966,18.4057,11.6342,0.00503665,0.00520763,0.00520763,apple_juice
68.3461,22.4612,16.3115,0.00503665,0.00520763,0.00520763,apple_juice
10.9623,5.51325,-4.89779,0.00503665,0.00520763,0.00520763,ignore
32.9558,2.57398,-10.324,0.00503665,0.00520763,0.00520763,ignore
30.8156,3.88911,12.3182,0.00503665,0.00520763,0.00520763,ignore
36.2971,6.70557,13.3347,0.00503665,0.00520763,0.00520763,ignore
32.2341,53.1724,30.115,0.00503665,0.00520763,0.00520763,rope
69.5908,-15.3001,54.4757,0.00503665,0.00520763,0.00520763,ziplock
3.82702,4.77305,-0.409789,0.00503665,0.00520763,0.00520763,knife
67.4768,-4.66848,14.2961,0.00503665,0.00513038,0.00520763,ziplock
72.137,-2.43676,2.26073,0.00503665,0.00513038,0.00520763,ziplock
73.2381,-3.08023,28.0626,0.00503665,0.00513038,0.00520763,ziplock
83.29,-4.49351,10.6798,0.00503665,0.00513038,0.00520763,ziplock
74.879,4.80325,8.61203,0.00503665,0.00513038,0.00520763,tape
38.6433,12.7288,-16.0088,0.00503665,0.00513038,0.00520763,battery
40.1781,18.7358,-15.1915,0.00503665,0.00513038,0.00520763,battery
39.0516,5.84933,17.2348,0.00503665,0.00513038,0.00520763,ignore
79.7374,1.89373,22.4976,0.00503665,0.00513038,0.00520763,apple_juice
76.8762,15.1401,21.4219,0.00503665,0.00513038,0.00520763,apple_juice
71.8948,23.2305,20.7078,0.00503665,0.00513038,0.00520763,apple_juice
31.9099,52.6255,29.2403,0.0036456,0.00503665,0.00513038,rope
70.7306,-15.8699,58.6026,0.0036456,0.0036456,0.00503665,ziplock
3.57179,4.36805,-0.553483,0.0036456,0.0036456,0.00503665,knife
69.4691,-6.79095,21.6164,0.0036456,0.0036456,0.00503665,ziplock
72.4931,-7.60296,38.8355,0.0036456,0.0036456,0.00503665,ziplock
73.514,-6.34344,22.2787,0.0036456,0.0036456,0.00489444,ziplock
80.4033,1.5381,10.5922,0.0036456,0.0036456,0.00489444,ziplock
75.7687,5.01172,7.81221,0.0036456,0.0036456,0.00489444,tape
31.3495,18.3465,-5.04972,0.0036456,0.0036456,0.00489444,battery
43.8486,22.0888,-24.3015,0.0036456,0.0036456,0.00489444,battery
42.6184,13.3658,-19.4343,0.0036456,0.0036456,0.00489444,battery
80.2355,0.384541,18.8138,0.0036456,0.0036456,0.00489444,apple_juice
83.9141,-1.06984,31.3212,0.0036456,0.0036456,0.00489444,apple_juice
75.5028,18.3905,23.8003,0.0036456,0.0036456,0.00489444,apple_juice
71.5101,26.7273,17.9604,0.0036456,0.0036456,0.00489444,apple_juice
34.7126,2.06808,-9.88143,0.0036456,0.0036456,0.00489444,ignore
30.7759,49.422,27.3347,0.0036456,0.0036456,0.00489444,rope
71.3502,-15.1671,54.1315,0.0036456,0.0036456,0.00489444,ziplock
3.63114,4.21949,-1.00986,0.0036456,0.0036456,0.00489444,knife
70.0938,-3.6748,10.3502,0.0036456,0.0036456,0.00489444,ziplock
72.9014,-2.74528,6.33002,0.0036456,0.0036456,0.00489444,ziplock
70.8025,-9.15389,46.8247,0.0036456,0.0036456,0.00489444,ziplock
71.5616,-6.04725,21.4803,0.0036456,0.0036456,0.00489444,ziplock
81.1444,2.63153,8.13977,0.0036456,0.0036456,0.00489444,ziplock
44.3182,4.20885,24.475,0.0036456,0.0036456,0.00489444,ignore
73.9134,5.01577,7.92366,0.0036456,0.0036456,0.00489444,tape
37.1066,11.4571,-10.6305,0.0036456,0.0036456,0.00489444,batttery
46.5545,26.6112,-13.225,0.0036456,0.0036456,0.00489444,battery
39.9836,14.1726,-20.0502,0.0036456,0.0036456,0.00489444,battery
80.331,0.655668,22.5994,0.0036456,0.0036456,0.00489444,apple_juice
86.9746,-3.65428,34.6008,0.0036456,0.0036456,0.00489444,apple_juice
73.2169,8.88375,14.2936,0.0036456,0.0036456,0.00489444,apple_juice
75.1332,15.5462,24.6698,0.0036456,0.0036456,0.00489444,apple_juice
31.7237,52.1092,29.1871,0.0036456,0.0036456,0.00489444,rope
70.9284,-14.0784,52.2596,0.0036456,0.0036456,0.00489444,ziplock
4.16982,5.26644,-0.632247,0.0036456,0.0036456,0.00489444,knife
72.3573,-5.61207,23.5197,0.0036456,0.0036456,0.00421937,ziplock
71.898,-2.51778,2.80567,0.0036456,0.0036456,0.00421937,ziplock
71.4917,-9.06278,47.0385,0.0036456,0.0036456,0.00421937,ziplock
69.586,-4.166,20.8911,0.0036456,0.0036456,0.00421937,ziplock
83.3553,1.22929,6.70357,0.0036456,0.0036456,0.00421937,ziplock
73.7174,5.14168,8.49255,0.0036456,0.0036456,0.00421937,tape
34.9556,22.3623,-7.71574,0.0036456,0.0036456,0.00421937,battery
45.0556,17.5361,-18.5039,0.0036456,0.0036456,0.00421937,battery
78.8819,1.5071,19.8773,0.0036456,0.0036456,0.00421937,apple_juice
87.2869,-2.94638,32.6356,0.0036456,0.0036456,0.00421937,apple_juice
74.1417,17.514,21.5762,0.0036456,0.0036456,0.00421937,apple_juice
77.5516,-11.2216,61.0147,0.0036456,0.0036456,0.00421937,ziplock
73.1235,5.9987,4.61009,0.0036456,0.0036456,0.00421937,tape
75.2601,-3.1634,22.9746,0.0036456,0.0036456,0.00421937,ignore
76.9794,-2.70146,9.43958,0.0036456,0.0036456,0.00421937,ignore
77.5666,-6.64555,23.6338,0.0036456,0.0036456,0.00421937,ziplock
79.6078,-6.81455,47.8628,0.0036456,0.0036456,0.00421937,ziplock
30.1784,49.6402,24.5188,0.0036456,0.0036456,0.00421937,rope
11.5647,7.06585,0.741689,0.00308702,0.0036456,0.0036456,knife
63.9817,-1.08755,44.1717,0.00308702,0.0036456,0.0036456,apple_juice
82.8189,-6.87756,55.0192,0.00308702,0.0036456,0.0036456,apple_juice
74.5364,-7.61588,59.2042,0.00308702,0.0036456,0.0036456,apple_juice
77.4217,-5.04121,55.3012,0.00308702,0.0036456,0.0036456,apple_juice
80.3151,4.09146,20.8409,0.00308702,0.0036456,0.0036456,apple_juice
58.4377,23.83,16.6307,0.00308702,0.0036456,0.0036456,apple_juice
60.3616,23.9851,30.9915,0.00308702,0.0036456,0.0036456,apple_juice
65.4196,17.1404,6.25568,0.00308702,0.0036456,0.0036456,apple_juice
56.4273,9.03789,-6.58736,0.00308702,0.0036456,0.0036456,battery
54.0905,13.575,-23.1767,0.00308702,0.0036456,0.0036456,battery
77.0089,-12.0228,63.268,0.00308702,0.0036456,0.0036456,ziplock
74.4418,5.69544,3.55286,0.00308702,0.0036456,0.0036456,tape
76.2498,-7.16822,28.7801,0.00308702,0.0036456,0.0036456,ziplock
80.9645,-6.16991,44.8556,0.00308702,0.0036456,0.0036456,ziplock
30.0689,49.5311,25.2377,0.00308702,0.0036456,0.0036456,rope
11.61,6.39197,1.05084,0.00308702,0.0036456,0.0036456,knife
59.1174,3.67468,42.9033,0.00308702,0.0036456,0.0036456,apple_juice
78.9302,-12.2982,55.788,0.00308702,0.0036456,0.0036456,apple_juice
76.9488,-6.9815,60.0323,0.00308702,0.0036456,0.0036456,apple_juice
62.7253,10.3798,28.7093,0.00308702,0.0036456,0.0036456,apple_juice
64.1702,19.5732,13.8732,0.00308702,0.0036456,0.0036456,apple_juice
53.1548,8.15038,-4.86524,0.00308702,0.0036456,0.0036456,battery
57.6069,15.1707,-27.081,0.00308702,0.0036456,0.0036456,battery
79.4344,-16.6183,72.1587,0.00308702,0.0036456,0.0036456,ziplock
74.4597,5.65981,4.13136,0.00308702,0.0036456,0.0036456,tape
71.7381,2.52335,26.733,0.00308702,0.0036456,0.0036456,ziplock
77.737,-6.65048,47.1008,0.00308702,0.0036456,0.0036456,ziplock
30.2593,50.3526,24.6813,0.00308702,0.0036456,0.0036456,rope
12.6607,7.59027,-0.731959,0.00308702,0.0036456,0.0036456,knife
83.3646,-8.8289,54.7645,0.00308702,0.0036456,0.0036456,apple_juice
81.049,-11.221,62.8745,0.00308702,0.0036456,0.0036456,apple_juice
61.8837,2.20803,39.2594,0.00308702,0.0036456,0.0036456,apple_juice
76.7683,-6.2806,59.0414,0.00308702,0.0036456,0.0036456,apple_juice
79.5617,-4.08571,60.5066,0.00308702,0.0036456,0.0036456,apple_juice
65.8872,12.8997,31.0996,0.00308702,0.0036456,0.0036456,apple_juice
60.9016,20.2669,16.3215,0.00308702,0.0036456,0.0036456,apple_juice
67.2721,15.3383,9.30673,0.00308702,0.0036456,0.0036456,apple_juice
55.7248,8.58386,-13.6983,0.00308702,0.0036456,0.0036456,battery
58.1354,12.9336,-21.3442,0.00308702,0.0036456,0.0036456,battery
79.2717,-14.7749,67.0586,0.00308702,0.0036456,0.0036456,ziplock
74.8765,5.66526,3.67885,0.00308702,0.0036456,0.0036456,tape
71.0205,0.31991,31.0651,0.00308702,0.0036456,0.0036456,ziplock
77.4853,-7.06634,47.0797,0.00308702,0.0036456,0.0036456,ziplock
30.4036,50.5977,24.2075,0.00308702,0.0036456,0.0036456,rope
81.7501,-4.05588,57.1341,0.00308702,0.0036456,0.0036456,apple_juice
11.1594,7.0352,0.725445,0.00308702,0.0036456,0.0036456,knife
79.0567,-8.13849,60.8679,0.00308702,0.0036456,0.0036456,apple_juice
66.2606,-0.102318,45.0895,0.00308702,0.0036456,0.0036456,apple_juice
62.0266,15.6012,15.2189,0.00308702,0.0036456,0.0036456,apple_juice
62.6026,20.3404,17.0151,0.00308702,0.0036456,0.0036456,aplple_juice
68.2556,19.1415,2.41233,0.00308702,0.0036456,0.0036456,apple_juice
58.1238,10.6703,-18.3529,0.00308702,0.0036456,0.0036456,battery
6.00409,2.32198,-2.92276,0.00308702,0.0036456,0.0036456,ignore
83.2616,4.00739,-14.3227,0.00849957,0.0437217,0.194458,drawer
28.9838,4.5625,11.3472,0.00849957,0.0118767,0.0437217,ignore
30.1893,8.03133,-2.05435,0.00849957,0.0118767,0.0126334,ignore
13.4777,29.5037,-48.2274,0.00849957,0.0118767,0.0126334,pitcher
70.2851,8.11647,-7.42253,0.00849957,0.0118767,0.0126334,drawer_open
30.0323,6.21045,0.222067,0.00849957,0.0118767,0.0126334,ignore
27.5214,17.5855,-38.5235,0.00849957,0.0118767,0.0126334,pitcher
38.2947,7.6009,10.2431,0.00310867,0.00849957,0.0118767,ignore
36.9016,18.403,-39.9875,0.00310867,0.00849957,0.0118767,pitcher
87.7105,3.66664,-2.53226,0.00310867,0.00849957,0.0110287,drawer_handle
70.3144,7.59667,1.00497,0.00310867,0.00849957,0.0110287,drawer_handle
38.0845,6.01356,17.6746,0.00310867,0.00661312,0.00849957,ignore
38.2587,20.3575,-48.2177,0.00310867,0.00661312,0.00849957,pitcher_lid
80.4954,-12.7217,28.1073,0.00310867,0.00661312,0.00849957,container_yellow
53.2404,0.669881,20.8124,0.00310867,0.00661312,0.00849957,ignore
33.6286,4.41795,15.2554,0.00310867,0.00661312,0.00690315,ignore
5.80889,3.03711,-3.18328,0.00310867,0.00661312,0.00690315,ignore
30.3995,1.80047,-9.49908,0.00310867,0.00661312,0.00690315,ignore
71.2932,0.419963,-5.90863,0.00310867,0.00661312,0.00690315,ignore
23.6217,4.20178,-13.1505,0.00310867,0.00661312,0.00690315,ignore
73.7299,-1.3578,-8.37061,0.00310867,0.00661312,0.00690315,ignore
73.7299,-1.3578,-8.37061,0.00310867,0.00661312,0.00690315,ignore
54.7661,3.05162,-10.1747,0.00310867,0.00661312,0.00690315,ignore
26.4268,3.38053,12.7016,0.00310867,0.00661312,0.00690315,ignore
35.9596,6.15063,12.0505,0.00310867,0.00504059,0.00661312,ignore
45.9357,7.59658,-8.32593,0.00310867,0.00504059,0.00661312,ignore
29.8984,3.44815,15.4928,0.00310867,0.00504059,0.00661312,ignore
56.8256,7.949,-2.72791,0.00310867,0.00504059,0.00661312,ignore
13.3173,32.6414,-51.604,0.00310867,0.00504059,0.00661312,pitcher
31.3561,15.3621,-36.1907,0.00310867,0.00504059,0.00661312,pitcher
31.5236,7.84036,-6.79956,0.00310867,0.00504059,0.00661312,pitcher
39.0047,18.8601,-39.4725,0.00310867,0.00504059,0.00661312,pitcher
24.8171,16.3723,-33.8872,0.00310867,0.00504059,0.00661312,pitcher
83.1381,4.31411,-0.587651,0.00310867,0.00504059,0.00661312,drawer_handle
69.3583,8.53674,6.331,0.00310867,0.00504059,0.00661312,ignore
38.2133,18.4596,-44.548,0.00310867,0.00504059,0.00661312,pitcher_lid
79.8855,-12.8824,29.5348,0.00310867,0.00504059,0.00661312,container_yellow
2.11323,1.12205,-1.1918,0.00310867,0.00504059,0.00661312,ignore
28.4057,1.56835,-9.29887,0.00310867,0.00504059,0.00661312,ignore
77.3461,0.0978322,-2.95079,0.00310867,0.00504059,0.00661312,ignore
25.9828,4.34637,-13.4118,0.00310867,0.00504059,0.00661312,ignore
57.267,1.1576,-9.0573,0.00310867,0.00504059,0.00661312,ignore
69.4035,4.01274,-5.91276,0.00310867,0.00504059,0.00661312,ignore
50.6613,2.84486,-7.56855,0.00310867,0.00504059,0.00661312,ignore
66.6347,1.77472,-15.6044,0.00269502,0.00310867,0.00504059,ignore
85.8942,3.58256,-15.8146,0.00269502,0.00310867,0.00504059,drawer
32.1245,5.46395,11.4227,0.00269502,0.00310867,0.00504059,ignore
42.6928,7.37688,-2.29918,0.00269502,0.00310867,0.00504059,ignore
58.9326,7.55862,-2.12692,0.00269502,0.00310867,0.00504059,ignore
13.5589,32.3499,-51.5198,0.00269502,0.00310867,0.00504059,pitcher
69.9291,8.17292,-7.29724,0.00269502,0.00310867,0.00504059,drawer_open
31.7838,7.49772,-7.11006,0.00269502,0.00310867,0.00504059,ignore
30.7418,17.5516,-40.8045,0.00269502,0.00310867,0.00504059,ignore
24.7054,18.2882,-36.9093,0.00269502,0.00310867,0.00504059,ignore
83.9917,4.11621,-1.00783,0.00269502,0.00310867,0.00504059,drawer_handle
67.7175,8.58253,7.35796,0.00269502,0.00310867,0.00504059,ignore
31.3153,4.16709,16.1481,0.00269502,0.00310867,0.00504059,ignore
38.6453,21.459,-50.8638,0.00269502,0.00310867,0.00504059,pitcher_lid
79.3,-12.6836,29.4288,0.00269502,0.00310867,0.00504059,container_yellow
28.1311,11.8174,-24.9159,0.00269502,0.00310867,0.00504059,ignore
2.28273,1.71224,-2.00375,0.00269502,0.00310867,0.00504059,ignore
26.8146,2.11613,-9.94326,0.00269502,0.00310867,0.00504059,ignore
78.3903,1.13257,-4.607,0.00269502,0.00310867,0.00504059,ignore
71.3984,1.72844,-5.53349,0.00269502,0.00310867,0.00504059,ignore
25.3689,4.06253,-12.6605,0.00269502,0.00310867,0.00504059,ignore
59.1535,1.71532,-10.0004,0.00269502,0.00310867,0.00504059,ignore
62.3131,3.1199,-5.80746,0.00269502,0.00310867,0.00504059,ignore
62.3131,3.1199,-5.80746,0.00269502,0.00310867,0.00504059,ignore
59.077,2.91846,-12.5295,0.00269502,0.00310867,0.00504059,ignore
85.9812,3.62326,-15.8197,0.00269502,0.00310867,0.00504059,drawer
26.4491,2.88626,14.4157,0.00269502,0.00310867,0.00504059,ignore
23.2992,6.91218,-4.02737,0.00269502,0.00310867,0.00504059,ignore
32.6617,4.75344,13.0753,0.00269502,0.00310867,0.00504059,ignore
50.7498,6.1815,-6.20635,0.00269502,0.00310867,0.00504059,ignore
64.3356,7.52779,-6.66126,0.00269502,0.00310867,0.00504059,ignore
13.2645,32.8974,-51.828,0.00269502,0.00310867,0.00504059,pitcher
70.18,8.17645,-6.94242,0.00269502,0.00310867,0.00504059,drawer_open
31.1709,6.66184,-7.85991,0.00269502,0.00310867,0.00504059,ignore
25.3657,2.5964,14.3147,0.00269502,0.00310867,0.00504059,ignore
31.3388,15.549,-36.2018,0.00269502,0.00310867,0.00504059,ignore
33.5704,5.22182,16.069,0.00269502,0.00310867,0.00504059,ignore
74.2058,8.53657,-2.83984,0.00269502,0.00310867,0.00504059,ignore
82.1058,4.64643,-0.968499,0.00269502,0.00310867,0.00504059,drawer_handle
71.3127,7.74587,5.46396,0.00269502,0.00310867,0.00504059,ignore
38.0585,19.882,-47.6117,0.00269502,0.00310867,0.00504059,pitcher_lid
75.5862,-10.658,27.48,0.00269502,0.00310867,0.00504059,container_yellow
2.29941,0.872986,-0.683227,0.00269502,0.00310867,0.00504059,ignore
28.4551,1.82694,-9.97297,0.00269502,0.00310867,0.00504059,ignore
68.4018,2.08997,-8.63941,0.00269502,0.00310867,0.00504059,ignore
68.7553,1.30956,-3.71998,0.00269502,0.00310867,0.00504059,ignore
26.8856,3.79319,-12.3722,0.00269502,0.00310867,0.00504059,ignore
86.2207,1.06686,-4.07992,0.00269502,0.00310867,0.00504059,ignore
7.43994,1.99549,-7.01228,0.00269502,0.00310867,0.00504059,ignore
63.5043,1.80875,-14.3742,0.00269502,0.00310867,0.00504059,ignore
31.6132,4.94284,13.1358,0.00269502,0.00310867,0.00504059,ignore
25.6844,2.37253,15.1442,0.00269502,0.00310867,0.00504059,ignore
49.7592,4.57199,-10.7201,0.00269502,0.00310867,0.00504059,ignore
59.327,7.85946,0.801133,0.00269502,0.00310867,0.00504059,ignore
13.5504,32.6898,-51.7641,0.00269502,0.00310867,0.00504059,pitcher
71.1508,6.89735,-16.3687,0.00269502,0.00310867,0.00504059,ignore
32.2562,5.57338,2.42573,0.00269502,0.00310867,0.00504059,ignore
31.4744,20.7054,-46.6025,0.00269502,0.00310867,0.00504059,ignore
83.5827,4.20112,-1.16652,0.00269502,0.00310867,0.00504059,ignore
37.4066,5.75262,17.7368,0.00269502,0.00310867,0.00496263,ignore
38.1379,20.4481,-48.6842,0.00269502,0.00310867,0.00496263,pitcher_lid
79.0856,-12.4777,28.5594,0.00269502,0.00310867,0.00496263,container_yellow
2.60478,1.74839,-2.63968,0.00269502,0.00310867,0.00496263,ignore
28.0136,1.87437,-9.90031,0.00269502,0.00310867,0.00496263,ignore
65.734,1.95443,-9.02939,0.00269502,0.00310867,0.00496263,ignore
74.8668,1.75349,-5.18209,0.00269502,0.00310867,0.00496263,ignore
27.4984,4.01755,-13.3731,0.00269502,0.00310867,0.00496263,ignore
26.332,3.12605,12.6968,0.00269502,0.00310867,0.00496263,ignore
73.1941,3.72956,-6.89365,0.00269502,0.00310867,0.00496263,ignore
7.66835,3.6316,-10.4756,0.00269502,0.00310867,0.00496263,ignore
70.7806,0.179709,-5.19982,0.00269502,0.00310867,0.00496263,ignore
70.7806,0.179709,-5.19982,0.00269502,0.00310867,0.00496263,ignore
49.7214,3.3186,-9.31231,0.00269502,0.00310867,0.00496263,ignore
69.7482,5.49203,-11.7464,0.00269502,0.00310867,0.00496263,ignore
86.3507,3.5505,-15.9232,0.00269502,0.00310867,0.00496263,drawer
26.9249,2.39591,13.3196,0.00269502,0.00310867,0.00496263,ignore
32.1815,5.26823,13.3232,0.00269502,0.00310867,0.00496263,ignore
37.647,7.6854,-5.18883,0.00269502,0.00310867,0.00496263,ignore
44.3648,8.54866,-0.613431,0.00269502,0.00310867,0.00496263,ignore
13.4916,29.9095,-48.6618,0.00269502,0.00310867,0.00496263,pitcher
70.2757,8.19233,-7.07816,0.00269502,0.00310867,0.00496263,drawer_open
52.0345,7.62786,0.840805,0.00269502,0.00310867,0.00496263,ignore
41.3535,6.86059,12.5313,0.00269502,0.00310867,0.00476174,ignore
31.7954,6.40091,-4.63572,0.00269502,0.00310867,0.00476174,ignore
29.4644,17.4389,-38.9767,0.00269502,0.00310867,0.00476174,ignore
73.2243,8.54726,-2.27563,0.00269502,0.00310867,0.00476174,ignore
85.4831,3.60662,-0.823674,0.00269502,0.00310867,0.00476174,ignore
67.1668,8.66174,4.212,0.00269502,0.00310867,0.00476174,ignore
37.976,19.8922,-47.5697,0.00269502,0.00310867,0.00476174,pitcher_lid
78.4763,-12.3131,28.9879,0.00269502,0.00310867,0.00476174,container_yellow
33.4009,4.87956,17.9225,0.00269502,0.00310867,0.00476174,ignore
2.96297,1.47092,-1.51291,0.00269502,0.00310867,0.00476174,ignore
28.5498,1.81212,-9.91773,0.00269502,0.00310867,0.00476174,ignore
78.1686,0.210643,-2.70431,0.00269502,0.00310867,0.00476174,ignore
27.4042,3.76349,-12.8974,0.00269502,0.00310867,0.00476174,ignore
82.2861,2.42596,-3.80717,0.00269502,0.00310867,0.00476174,ignore
60.1065,0.866198,-8.93811,0.00269502,0.00310867,0.00476174,ignore
62.4843,1.71961,-14.2019,0.00269502,0.00310867,0.00476174,ignore
31.9993,5.12337,13.0585,0.00269502,0.00310867,0.00476174,ignore
24.91,1.61969,16.2417,0.00269502,0.00310867,0.00476174,ignore
50.1548,4.81579,-9.85365,0.00269502,0.00310867,0.00476174,ignore
44.828,7.51415,1.97639,0.00269502,0.00310867,0.00476174,ignore
13.6164,31.7111,-50.7857,0.00269502,0.00310867,0.00476174,pitcher
31.1231,17.5507,-40.6903,0.00269502,0.00310867,0.00476174,ignore
32.3147,6.67222,-3.84155,0.00269502,0.00310867,0.00476174,ignore
58.3962,6.35497,-1.74639,0.00269502,0.00310867,0.00476174,ignore
25.5127,16.4957,-34.9161,0.00269502,0.00310867,0.00476174,ignore
37.5369,5.81724,16.9277,0.00269502,0.00310867,0.00476174,ignore
84.22,4.09194,-1.20839,0.00269502,0.00310867,0.00476174,ignore
73.646,8.15465,-0.977772,0.00269502,0.00310867,0.00476174,ignore
67.593,8.42307,4.07531,0.00269502,0.00310867,0.00476174,ignore
38.1209,19.8528,-47.6457,0.00269502,0.00310867,0.00476174,pitcher_lid
78.4893,-12.4071,28.515,0.00269502,0.00310867,0.00476174,container_yellow
5.27755,2.03216,-3.89849,0.00269502,0.00310867,0.00476174,ignore
25.5051,3.49894,12.251,0.00269502,0.00310867,0.00476174,ignore
29.4457,1.48735,-9.64342,0.00269502,0.00310867,0.00476174,ignore
84.9644,0.476372,-2.77762,0.00269502,0.00310867,0.00476174,ignore
57.2859,3.21242,-8.9804,0.00269502,0.00310867,0.00476174,ignore
27.8478,4.27805,-14.1694,0.00269502,0.00310867,0.00476174,ignore
65.0765,4.50617,-7.82925,0.00269502,0.00310867,0.00476174,ignore
65.0765,4.50617,-7.82925,0.00269502,0.00310867,0.00476174,ignore
50.5088,3.71909,-8.96634,0.00835936,0.0744092,0.19685,ignore
26.6372,3.35745,13.3956,0.00835936,0.0149273,0.0744092,ignore
34.1186,5.63822,12.1376,0.00466743,0.00835936,0.0149273,ignore
35.738,8.70594,-5.82458,0.00466743,0.006598,0.00835936,ignore
60.0072,7.6606,-3.39215,0.00466743,0.006598,0.00835936,ignore
13.0955,30.8175,-49.5348,0.00466743,0.006598,0.00835936,pitcher
30.4528,12.0791,-28.0073,0.00466743,0.006598,0.00835936,pitcher
25.0881,15.6662,-33.1873,0.00466743,0.006598,0.00835936,pitcher
35.768,3.94094,18.3729,0.00466743,0.00535762,0.006598,ignore
85.4933,4.03187,-1.0587,0.00466743,0.00535762,0.006598,drawer_handle
72.1146,7.3154,-3.18008,0.00466743,0.00535762,0.006598,drawer_handle
37.553,18.2,-44.021,0.00466743,0.00535762,0.006598,pitcher_lid
80.1804,-12.2674,28.0583,0.00466743,0.00535762,0.006598,container_yellow
46.7816,3.94818,14.1122,0.00466743,0.00535762,0.006598,ignore
3.32391,1.83124,-1.37701,0.00466743,0.00535762,0.006598,ignore
30.6544,1.69395,-9.42061,0.00466743,0.00535762,0.006598,ignore
56.8593,2.97039,-8.37178,0.00466743,0.00535762,0.006598,ignore
24.9664,3.91934,-12.6669,0.00466743,0.00535762,0.006598,ignore
8.73874,3.78915,-10.7196,0.00466743,0.00535762,0.006598,ignore
73.5209,2.44104,-5.29619,0.00466743,0.00535762,0.006598,ignore
73.5209,2.44104,-5.29619,0.00466743,0.00535762,0.006598,ignore
26.7497,3.86027,11.2873,0.00466743,0.00535762,0.00646446,ignore
33.6741,4.70899,13.5082,0.00466743,0.00535762,0.00646446,ignore
43.3847,8.0211,-10.4584,0.00466743,0.00535762,0.00646446,ignore
13.547,31.952,-51.0351,0.00466743,0.00535762,0.00646446,pitcher
31.9904,6.49903,-0.0511947,0.00466743,0.00535762,0.00646446,ignore
29.9677,18.1594,-40.5709,0.00466743,0.00535762,0.00646446,ignore
29.5096,10.3213,-18.3426,0.00466743,0.00535762,0.00646446,ignore
82.2448,4.71977,-1.96326,0.00466743,0.00535762,0.00646446,ignore
37.6779,19.6169,-46.9699,0.00466743,0.00535762,0.00646446,pitcher_lid
58.8258,8.18883,5.85727,0.00466743,0.00535762,0.00646446,ignore
78.2637,-12.0729,28.3574,0.00466743,0.00535762,0.00646446,container_yellow
27.3379,3.30058,14.2605,0.00466743,0.00535762,0.00646446,ignore
2.25897,1.80285,-2.43996,0.00466743,0.00535762,0.00646446,ignore
29.1247,1.14562,-8.34337,0.00466743,0.00535762,0.00646446,ignore
70.0519,2.52988,-5.0732,0.00466743,0.00535762,0.00646446,ignore
25.7177,3.72254,-12.5978,0.00466743,0.00535762,0.00646446,ignore
78.014,0.906769,-7.7975,0.00466743,0.00535762,0.00646446,ignore
77.8574,2.8894,-3.03571,0.00466743,0.00535762,0.00646446,ignore
54.8158,5.1932,-14.4783,0.00445971,0.00466743,0.00535762,ignore
88.9882,3.79404,-13.6629,0.00445971,0.00466743,0.00535762,drawer
24.0718,2.67551,10.2277,0.00445971,0.00466743,0.00535762,ignore
33.3861,6.60393,8.55805,0.00445971,0.00466743,0.00535762,ignore
30.6172,4.29245,11.0213,0.00445971,0.00466743,0.00535762,ignore
64.2205,6.03714,-12.5014,0.00445971,0.00466743,0.00535762,ignore
12.9843,32.076,-50.4706,0.00445971,0.00466743,0.00535762,pitcher
42.8978,10.9971,3.75776,0.00445971,0.00466743,0.00535762,ignore
71.3713,10.547,-7.4059,0.00445971,0.00466743,0.00535762,drawer_open
26.4364,6.67954,-15.0175,0.00445971,0.00466743,0.00535762,ignore
35.3843,19.4643,-40.8429,0.00445971,0.00466743,0.00535762,pitcher
34.8214,6.87078,10.9944,0.00445971,0.00466743,0.00470555,ignore
35.9032,6.84864,12.9852,0.00445971,0.00466743,0.00470555,ignore
92.6919,-12.6261,46.5236,0.00445971,0.00466743,0.00470555,container_yellow
82.495,6.90801,-2.94393,0.00445971,0.00466743,0.00470555,ignore
37.0831,21.5705,-49.3377,0.00445971,0.00466743,0.00470555,pitcher_lid
37.2118,7.41585,8.67468,0.00445971,0.00466743,0.00470555,ignore
49.7998,18.1668,-47.5135,0.00445971,0.00466743,0.00470555,ignore
5.65838,2.73496,-4.72461,0.00445971,0.00466743,0.00470555,ignore
29.7053,3.63468,-11.9059,0.00445971,0.00466743,0.00470555,ignore
83.8533,3.13908,-2.57106,0.00445971,0.00466743,0.00470555,ignore
60.8552,3.48867,-7.48869,0.00445971,0.00466743,0.00470555,ignore
28.1581,5.71652,-15.2722,0.00445971,0.00466743,0.00470555,ignore
79.7217,2.98257,-4.08077,0.00445971,0.00466743,0.00470555,ignore
68.1002,3.96271,-16.6198,0.00445971,0.00466743,0.00470555,ignore
87.4071,4.34413,-13.5977,0.00445971,0.00466743,0.00470555,drawer
32.6458,7.13703,9.10069,0.00445971,0.00466743,0.00470555,ignore
53.8623,6.85119,-10.7541,0.00445971,0.00466743,0.00470555,ignore
22.3393,9.18295,-13.5373,0.00445971,0.00466743,0.00470555,ignore
13.2963,30.7796,-49.2736,0.00445971,0.00466743,0.00470555,pitcher
45.2987,10.8305,-1.6377,0.00445971,0.00466743,0.00470555,ignore
70.7935,11.2324,-7.84822,0.00445971,0.00466743,0.00470555,drawer_open
25.6335,3.9229,12.9069,0.00445971,0.00466743,0.00470555,ignore
35.2127,18.947,-39.3681,0.00445971,0.00466743,0.00470555,pitcher
92.3093,-13.0884,47.9293,0.00445971,0.00466743,0.00470555,container_yellow
89.4508,4.39405,-2.9552,0.00445971,0.00466743,0.00470555,drawer_handle
37.9118,6.76516,15.0218,0.00445971,0.00466743,0.00470555,ignore
37.28,17.3824,-40.8718,0.00445971,0.00466743,0.00470555,pitcher_lid
3.13054,1.3141,-1.43227,0.00445971,0.00466743,0.00470555,ignore
31.3523,3.45471,-11.6827,0.00445971,0.00466743,0.00470555,ignore
79.0707,1.95686,-4.4485,0.00445971,0.00466743,0.00470555,ignore
84.6773,1.8087,-2.86474,0.00445971,0.00466743,0.00470555,ignore
3.28992,2.10929,-1.99857,0.00445971,0.00466743,0.00470555,ignore
27.6545,4.74348,-13.4813,0.00445971,0.00466743,0.00470555,ignore
26.7749,5.27661,9.55724,0.00445971,0.00466743,0.00470555,ignore
64.4725,2.71557,-6.20798,0.00445971,0.00466743,0.00470555,ignore
9.30729,4.20177,-10.5281,0.00445971,0.00466743,0.00470555,ignore
86.5097,4.27863,-12.9514,0.00445971,0.00466743,0.00470555,drawer
32.4287,6.69378,9.8696,0.00445971,0.00466743,0.00470555,ignore
27.0709,4.4657,12.1487,0.00445971,0.00466743,0.00470555,ignore
60.1941,5.72237,-12.77,0.00445971,0.00466743,0.00470555,ignore
13.599,30.585,-49.2085,0.00445971,0.00466743,0.00470555,pitcher
48.5635,11.0989,-8.92798,0.00445971,0.00466743,0.00470555,ignore
71.3126,11.0682,-7.78841,0.00445971,0.00466743,0.00470555,drawer_open
25.2859,7.46872,-17.4534,0.00445971,0.00466743,0.00470555,ignore
34.8237,18.8762,-38.7202,0.00445971,0.00466743,0.00470555,pitcher
92.8064,-12.6353,46.1702,0.00445971,0.00466743,0.00470555,container_yellow
44.3488,10.2077,7.47361,0.00342484,0.00445971,0.00466743,ignore
32.4019,6.37435,11.9826,0.00342484,0.00445971,0.00466743,ignore
88.198,4.47319,-2.24156,0.00342484,0.00445971,0.00466743,drawer_handle
38.6065,19.4133,-45.3026,0.00342484,0.00445971,0.00466743,pitcher_lid
83.2675,-12.391,54.676,0.00342484,0.00445971,0.00466743,ignore
33.3383,28.2591,-59.5648,0.00342484,0.00445971,0.00466743,pitcher_lid
39.5168,8.01933,17.2473,0.00342484,0.00445971,0.00466743,ignore
4.24297,3.22325,-2.08605,0.00342484,0.00445971,0.00466743,ignore
30.7902,3.10378,-11.2604,0.00342484,0.00445971,0.00466743,ignore
71.6568,2.68757,-6.10525,0.00342484,0.00445971,0.00466743,ignore
82.2005,1.24193,-4.94081,0.00342484,0.00445971,0.00466743,ignore
27.9613,6.68773,-17.3033,0.00342484,0.00445971,0.00466743,ignore
72.3123,3.89351,-7.12092,0.00342484,0.00445971,0.00466743,ignore
8.13823,5.42035,-12.7404,0.00342484,0.00445971,0.00466743,ignore
49.823,4.0657,-10.9124,0.00342484,0.00445971,0.00466743,ignore
66.4764,8.51445,-6.07349,0.00342484,0.00445971,0.00466743,ignore
89.5499,3.70156,-13.7227,0.00342484,0.00445971,0.00466743,drawer
29.8933,6.0026,8.8352,0.00342484,0.00445971,0.00466743,ignore
37.3441,8.56132,10.9835,0.00342484,0.00445971,0.00466743,ignore
53.4406,10.3911,-15.5693,0.00342484,0.00445971,0.00466743,ignore
53.6121,7.19193,-10.5271,0.00342484,0.00445971,0.00466743,ignore
12.9237,31.9349,-50.3888,0.00342484,0.00445971,0.00466743,pitcher
46.0479,10.2798,-1.5744,0.00342484,0.00445971,0.00466743,ignore
29.8376,6.2565,-10.5213,0.00342484,0.00445971,0.00466743,ignore
73.8868,8.71231,-17.825,0.00342484,0.00445971,0.00466743,ignore
71.3238,11.076,-7.76628,0.00342484,0.00445971,0.00466743,drawer_open
29.528,5.36921,12.7972,0.00342484,0.00445971,0.00466743,ignore
41.6606,9.75514,9.6473,0.00342484,0.00419094,0.00445971,ignore
35.197,19.0211,-39.5648,0.00342484,0.00419094,0.00445971,pitcher
92.7966,-12.4828,45.7868,0.00342484,0.00419094,0.00445971,container_yellow
86.6583,5.09565,-1.81251,0.00342484,0.00419094,0.00445971,drawer_handle
30.1016,5.95479,10.2684,0.00342484,0.00419094,0.00445971,ignore
84.2772,-13.797,56.5135,0.00342484,0.00419094,0.00445971,container_yellow
38.6385,19.0268,-44.7899,0.00342484,0.00419094,0.00445971,pitcher_lid
33.7062,27.9326,-59.1796,0.00342484,0.00419094,0.00445971,pitcher_lid
39.464,7.45903,14.6543,0.00342484,0.00419094,0.00445971,ignore
4.8396,3.33181,-2.70774,0.00342484,0.00419094,0.00445971,ignore
29.2956,3.47248,-11.9143,0.00342484,0.00419094,0.00445971,ignore
78.1096,1.74528,-5.56515,0.00342484,0.00419094,0.00445971,ignore
68.9895,1.72132,-5.5726,0.00342484,0.00419094,0.00445971,ignore
29.8721,5.69491,-15.7136,0.00342484,0.00419094,0.00445971,ignore
81.8088,2.24046,-2.43179,0.00342484,0.00419094,0.00445971,ignore
69.2315,0.799445,-6.45689,0.00342484,0.00419094,0.00445971,ignore
10.4753,4.24499,-9.8886,0.00342484,0.00419094,0.00445971,ignore
58.7493,5.26554,-12.6363,0.00342484,0.00419094,0.00445971,ignore
86.5322,4.32442,-12.9766,0.00342484,0.00419094,0.00445971,drawer
30.0178,5.81806,9.61806,0.00342484,0.00419094,0.00445971,ignore
37.0176,8.78327,10.755,0.00342484,0.00419094,0.00445971,ignore
22.9876,9.40287,-11.5983,0.00342484,0.00419094,0.00445971,ignore
12.6337,32.9544,-51.3144,0.00342484,0.00419094,0.00445971,pitcher
71.2613,11.062,-7.63901,0.00342484,0.00419094,0.00445971,drawer_open
26.8716,6.33282,1.86084,0.00342484,0.00419094,0.00445971,ignore
30.3236,5.53039,-2.14655,0.00342484,0.00419094,0.00445971,ignore
40.419,9.23993,9.37912,0.00342484,0.00419094,0.00445971,ignore
35.3375,18.6989,-38.9731,0.00342484,0.00419094,0.00445971,pitcher
26.2717,27.0491,-51.9472,0.00342484,0.00419094,0.00445971,ignore
43.8588,10.7466,11.2776,0.00342484,0.00419094,0.00445971,ignore
91.9082,-12.8675,47.4652,0.00342484,0.00419094,0.00445971,container_yellow
86.2488,5.35217,-2.20462,0.00342484,0.00419094,0.00445971,drawer_handle
39.0209,20.5351,-47.3323,0.00342484,0.00419094,0.00445971,pitcher_lid
33.7574,28.3266,-59.6821,0.00342484,0.00419094,0.00445971,pitcher_lid
36.4944,7.79017,7.2295,0.00342484,0.00419094,0.00445971,ignore
1.90044,1.66571,-1.54358,0.00342484,0.00419094,0.00445971,ignore
28.2968,3.54215,-11.6943,0.00342484,0.00419094,0.00445971,ignore
26.9389,5.77098,10.2672,0.00342484,0.00419094,0.00445971,ignore
77.955,2.1997,-7.39356,0.00342484,0.00419094,0.00445971,ignore
81.7287,1.20548,-5.2816,0.00342484,0.00419094,0.00445971,ignore
28.2354,6.0761,-16.12,0.00342484,0.00419094,0.00445971,ignore
63.554,4.37822,-9.9872,0.00342484,0.00419094,0.00445971,ignore
10.1741,3.45829,-8.39549,0.00342484,0.00419094,0.00445971,ignore
74.6195,0.496911,-3.61423,0.00342484,0.00419094,0.00445971,ignore
64.7567,4.3897,-16.8005,0.00342484,0.00419094,0.00445971,ignore
36.9627,8.35412,10.6609,0.00342484,0.00419094,0.00445971,ignore
25.053,4.28678,8.8281,0.00342484,0.00419094,0.00445971,ignore
30.3941,9.56744,-14.9122,0.00342484,0.00419094,0.00445971,ignore
33.7845,6.95561,9.36345,0.00342484,0.00419094,0.00445971,ignore
51.3541,8.1252,-8.24556,0.00342484,0.00419094,0.00445971,ignore
12.6774,32.135,-50.4509,0.00342484,0.00419094,0.00445971,pitcher
48.0927,11.005,-5.45126,0.00342484,0.00419094,0.00445971,ignore
24.2425,3.01706,13.8301,0.00342484,0.00419094,0.00445971,ignore
59.2701,9.65696,-1.57143,0.00342484,0.00419094,0.00445971,ignore
43.122,9.81563,10.1557,0.00342484,0.00419094,0.00445971,ignore
26.6022,7.15508,-16.5128,0.00342484,0.00419094,0.00445971,ignore
34.9676,18.9581,-39.124,0.00342484,0.00419094,0.00445971,pitcher
91.6853,-12.5321,47.5882,0.00342484,0.00419094,0.00445971,container_yellow
85.6078,5.65823,-2.60665,0.00342484,0.00419094,0.00445971,drawer_handle
38.9886,8.08248,15.9521,0.00342484,0.00419094,0.00445971,ignore
38.3392,17.9391,-42.3355,0.00342484,0.00419094,0.00445971,pitcher_lid
33.7122,28.5486,-59.9003,0.00342484,0.00419094,0.00445971,pitcher_lid
4.81127,3.53734,-1.67562,0.00342484,0.00419094,0.00445971,ignore
28.6108,3.84473,-12.4638,0.00342484,0.00419094,0.00445971,ignore
73.7739,1.31588,-5.41568,0.00342484,0.00419094,0.00445971,ignore
68.0827,3.07572,-8.0783,0.00342484,0.00419094,0.00445971,ignore
29.272,6.55443,-16.436,0.00342484,0.00419094,0.00445971,ignore
27.3103,6.23381,9.86588,0.00342484,0.00419094,0.00445971,ignore
65.905,3.63011,-8.15828,0.00342484,0.00419094,0.00445971,ignore
77.6553,-0.0122429,-2.76594,0.00342484,0.00419094,0.00445971,ignore
13.6386,3.14972,-6.66775,0.00342484,0.00419094,0.00445971,ignore
52.8615,6.96731,-6.64434,0.00342484,0.00419094,0.00445971,ignore
89.2966,3.84081,-12.1965,0.00342484,0.00419094,0.00445971,drawer
32.1801,6.9501,9.6323,0.00342484,0.00419094,0.00445971,ignore
26.4837,2.60344,13.2292,0.00342484,0.00419094,0.00445971,ignore
26.182,9.43253,-8.1255,0.00342484,0.00419094,0.00445971,ignore
65.4198,9.58636,-5.99655,0.00342484,0.00419094,0.00445971,ignore
81.3792,8.22147,-15.2846,0.00342484,0.00419094,0.00445971,ignore
70.8583,11.0601,-6.55902,0.00342484,0.00419094,0.00445971,drawer_open
44.9678,24.4731,-54.6246,0.00342484,0.00419094,0.00445971,pitcher_lid
19.3346,18.7176,-34.7149,0.00342484,0.00419094,0.00445971,pitcher
11.3388,33.3646,-50.6866,0.00342484,0.00419094,0.00445971,pitcher
39.7074,7.83329,15.5686,0.00342484,0.00419094,0.00445971,ignore
37.9578,31.811,-65.4016,0.00342484,0.00419094,0.00445971,ignore
26.991,15.3127,-30.1845,0.00342484,0.00419094,0.00445971,pitcher
38.0593,9.03171,-10.9793,0.00342484,0.00419094,0.00445971,ignore
86.7467,4.54437,0.116608,0.00342484,0.00419094,0.00445971,drawer_handle
88.857,-10.969,41.3212,0.00342484,0.00419094,0.00445971,container_yellow
11.6795,35.7945,-52.6438,0.00342484,0.00419094,0.00445971,ignore
9.37121,6.48852,-4.84072,0.00342484,0.00419094,0.00445971,ignore
30.0039,3.69203,-11.6272,0.00342484,0.00419094,0.00445971,ignore
81.5038,1.15872,-4.16614,0.00342484,0.00419094,0.00445971,ignore
80.923,2.94849,-6.4768,0.00342484,0.00419094,0.00445971,ignore
25.901,5.55342,10.3714,0.00342484,0.00419094,0.00445971,ignore
26.2741,6.66008,-15.9519,0.00342484,0.00419094,0.00445971,ignore
70.6631,0.684294,-4.92425,0.00342484,0.00419094,0.00445971,ignore
27.2298,5.82768,-9.23294,0.00342484,0.00419094,0.00445971,ignore
54.915,6.85737,-10.9074,0.00342484,0.00419094,0.00445971,ignore
88.3578,3.9203,-11.7485,0.00342484,0.00419094,0.00445971,drawer
25.4973,5.19763,9.01023,0.00342484,0.00419094,0.00445971,ignore
35.6707,8.18285,10.5037,0.00342484,0.00419094,0.00445971,ignore
47.6849,9.18766,-9.86418,0.00342484,0.00419094,0.00445971,ignore
76.3727,5.14102,-16.7042,0.0027733,0.00342484,0.00419094,ignore
75.6903,9.02324,-15.6983,0.0027733,0.00342484,0.00419094,ignore
81.6682,6.63935,-13.653,0.0027733,0.00342484,0.00419094,ignore
70.5548,11.2452,-6.61363,0.0027733,0.00342484,0.00419094,drawer_open
36.545,6.84522,16.0615,0.0027733,0.00342484,0.00419094,ignore
43.5318,21.6201,-48.4839,0.0027733,0.00342484,0.00419094,pitcher_lid
26.1472,16.4544,-33.8849,0.0027733,0.00342484,0.00419094,ignore
14.4378,19.169,-33.0087,0.0027733,0.00342484,0.00419094,pitcher
11.33,33.519,-50.8146,0.0027733,0.00342484,0.00419094,pitcher
36.7991,9.62623,7.25954,0.0027733,0.00342484,0.00419094,ignore
37.4768,31.6994,-64.9874,0.0027733,0.00342484,0.00419094,ignore
25.328,17.2581,-34.0319,0.0027733,0.00342484,0.00419094,pitcher
83.1945,6.19997,-0.230695,0.0027733,0.00342484,0.00419094,drawer_handle
89.2197,-11.3374,41.2856,0.0027733,0.00342484,0.00419094,container_yellow
3.64722,2.73995,-1.61844,0.0027733,0.00342484,0.00419094,ignore
30.6572,3.70075,-11.7041,0.0027733,0.00342484,0.00419094,ignore
69.4009,1.34132,-5.28962,0.0027733,0.00342484,0.00419094,ignore
75.4984,2.08712,-6.30286,0.0027733,0.00342484,0.00419094,ignore
28.1854,6.20729,-15.7669,0.0027733,0.00342484,0.00419094,ignore
15.2481,3.80961,-6.5874,0.0027733,0.00342484,0.00419094,ignore
65.6754,2.62044,-6.99245,0.0027733,0.00342484,0.00419094,ignore
24.4437,6.42683,8.94879,0.0027733,0.00342484,0.00419094,ignore
89.1755,3.83071,-11.8648,0.0027733,0.00342484,0.00419094,drawer
56.2474,7.42817,-7.75192,0.0027733,0.00342484,0.00419094,ignore
26.3451,5.11473,8.92441,0.0027733,0.00342484,0.00419094,ignore
33.1747,7.80207,-13.8349,0.0027733,0.00342484,0.00419094,ignore
35.7078,8.38345,10.5749,0.0027733,0.00342484,0.00419094,ignore
72.824,9.73301,-17.4466,0.0027733,0.00342484,0.00419094,ignore
83.8302,6.68931,-12.5204,0.0027733,0.00342484,0.00419094,ignore
89.1879,5.98373,-11.8557,0.0027733,0.00342484,0.00419094,drawer
67.308,10.0425,-17.5414,0.0027733,0.00342484,0.00419094,ignore
66.4989,12.5086,-4.84441,0.0027733,0.00342484,0.00419094,drawer_open
44.911,24.2499,-54.0296,0.0027733,0.00342484,0.00419094,pitcher_lid
25.6585,17.1012,-35.4232,0.0027733,0.00342484,0.00419094,ignore
24.8759,16.39,-32.1935,0.0027733,0.00342484,0.00419094,pitcher
10.8978,34.0805,-51.1852,0.0027733,0.00342484,0.00419094,pitcher
32.7899,10.3801,-12.6969,0.0027733,0.00342484,0.00419094,ignore
35.7138,9.47072,8.15056,0.0027733,0.00342484,0.00419094,ignore
38.0087,32.0217,-65.4618,0.0027733,0.00342484,0.00419094,ignore
84.0423,5.65503,-0.457364,0.0027733,0.00342484,0.00419094,drawer_handle
13.2224,35.6382,-53.581,0.0027733,0.00342484,0.00419094,ignore
36.8567,6.73031,15.4692,0.0027733,0.00342484,0.00419094,ignore
88.8088,-11.3611,42.1066,0.0027733,0.00342484,0.00419094,container_yellow
2.20883,1.97701,-0.954576,0.0027733,0.00342484,0.00419094,ignore
29.4035,4.15398,-11.8818,0.0027733,0.00342484,0.00419094,ignore
2.57158,1.86835,-2.47171,0.0027733,0.00342484,0.00419094,ignore
90.1879,0.943731,-3.20013,0.0027733,0.00342484,0.00419094,ignore
86.3688,-0.504846,-4.00652,0.0027733,0.00342484,0.00419094,ignore
27.7275,6.40897,-16.0965,0.0027733,0.00342484,0.00419094,ignore
79.2441,1.24233,-5.0297,0.0027733,0.00342484,0.00419094,ignore
71.7569,0.758755,-3.08134,0.0027733,0.00342484,0.00419094,ignore
10.9761,3.90093,-9.04527,0.0027733,0.00342484,0.00419094,ignore
18.0863,5.69163,6.80567,0.0027733,0.00342484,0.00419094,ignore
57.4868,5.53378,-12.0992,0.0027733,0.00342484,0.00419094,ignore
85.3116,4.74145,-12.4105,0.0027733,0.00342484,0.00419094,drawer
27.497,3.16145,12.8508,0.0027733,0.00342484,0.00419094,ignore
31.1073,8.96956,-17.0635,0.0027733,0.00342484,0.00419094,ignore
30.7336,6.43846,10.6805,0.0027733,0.00342484,0.00419094,ignore
12.049,27.2884,-44.7225,0.0027733,0.00342484,0.00419094,pitcher
32.4354,23.7243,-48.9097,0.0027733,0.00342484,0.00419094,ignore
73.0803,8.62608,-15.2807,0.0027733,0.00342484,0.00419094,ignore
33.7051,17.045,-34.0018,0.0027733,0.00342484,0.00419094,pitcher
75.9601,8.92084,-14.6571,0.0027733,0.00342484,0.00419094,ignore
80.1508,8.70981,-11.1983,0.0027733,0.00342484,0.00419094,ignore
77.9136,7.60251,-9.39342,0.0027733,0.00342484,0.00419094,ignore
81.9498,8.12085,-13.4167,0.0027733,0.00342484,0.00419094,ignore
33.9525,5.44468,14.7996,0.0027733,0.00342484,0.00419094,ignore
48.5679,14.9002,0.394705,0.0027733,0.00342484,0.00419094,ignore
63.3596,12.115,-0.695174,0.0027733,0.00342484,0.00419094,drawer_open
31.8207,22.7008,-49.5894,0.0027733,0.00342484,0.00419094,pitcher_lid
37.9152,8.02255,17.4289,0.0027733,0.00342484,0.00419094,ignore
21.1067,15.0661,-27.7554,0.0027733,0.00342484,0.00419094,ignore
82.9544,6.31159,-3.96902,0.0027733,0.00342484,0.00419094,drawer_handle
89.2522,-11.3313,39.2527,0.0027733,0.00342484,0.00419094,container
89.2522,-11.3313,39.2527,0.0027733,0.00342484,0.00419094,container_yellow
24.1227,5.84521,-4.56631,0.0027733,0.00342484,0.00419094,ignore
29.2316,2.93979,-10.4902,0.0027733,0.00342484,0.00419094,ignore
62.6163,1.55879,-5.31019,0.0027733,0.00342484,0.00419094,ignore
78.7218,2.42836,-7.43541,0.0027733,0.00342484,0.00419094,ignore
25.6838,4.77448,-13.3488,0.0027733,0.00342484,0.00419094,ignore
57.508,2.99218,-13.9382,0.0027733,0.00342484,0.00419094,ignore
57.508,2.99218,-13.9382,0.0027733,0.00342484,0.00419094,ignore
53.0377,5.11819,-11.8633,0.0027733,0.00342484,0.00419094,ignore
86.4123,4.91698,-14.0785,0.0027733,0.00342484,0.00419094,drawer
30.418,5.25022,12.3887,0.0027733,0.00342484,0.00419094,ignore
33.7586,7.72512,12.3029,0.0027733,0.00342484,0.00419094,ignore
10.9619,29.4376,-46.555,0.0027733,0.00342484,0.00419094,pitcher
39.6781,10.2349,-1.13983,0.0027733,0.00342484,0.00419094,ignore
21.9885,3.14147,14.744,0.0027733,0.00342484,0.00419094,ignore
35.1194,16.9686,-32.7061,0.0027733,0.00342484,0.00419094,pitcher
54.8766,8.89811,-2.11927,0.0027733,0.00342484,0.00419094,ignore
74.1324,9.41757,-15.1825,0.0027733,0.00342484,0.00419094,ignore
90.6428,4.39562,-8.12892,0.0027733,0.00342484,0.00419094,ignore
40.7649,9.3354,10.8932,0.0027733,0.00342484,0.00364267,ignore
31.5714,21.0688,-46.3747,0.0027733,0.00342484,0.00364267,pitcher_lid
62.9005,11.8816,-2.17548,0.0027733,0.00342484,0.00364267,drawer_open
69.6338,10.9083,-4.31928,0.0027733,0.00342484,0.00364267,ignore
21.4263,13.7687,-25.2796,0.0027733,0.00342484,0.00364267,ignore
40.7499,10.08,5.31303,0.0027733,0.00342484,0.00364267,ignore
82.2469,6.61338,-4.79384,0.0027733,0.00342484,0.00364267,drawer_handle
89.7753,-11.979,40.7844,0.0027733,0.00342484,0.00364267,container_yellow
2.76742,1.48996,-1.00149,0.0027733,0.00342484,0.00364267,ignore
30.5577,3.08188,-10.7482,0.0027733,0.00342484,0.00364267,ignore
28.3404,6.15029,12.4675,0.0027733,0.00342484,0.00364267,ignore
83.1059,1.20257,-4.06612,0.0027733,0.00342484,0.00364267,ignore
79.2548,1.02443,-5.78857,0.0027733,0.00342484,0.00364267,ignore
27.6723,5.76945,-14.6236,0.0027733,0.00342484,0.00364267,ignore
58.6094,4.38608,-8.8872,0.0027733,0.00342484,0.00364267,ignore
15.7744,3.50893,-8.27865,0.0027733,0.00342484,0.00364267,ignore
5.55114,1.67812,-0.779091,0.0027733,0.00342484,0.00364267,ignore
57.9468,6.28533,-12.3444,0.0027733,0.00342484,0.00364267,ignore
88.2088,4.40792,-14.4538,0.0027733,0.00342484,0.00364267,drawer
30.6213,5.98887,11.4822,0.0027733,0.00342484,0.00364267,ignore
33.0084,7.10543,12.1964,0.0027733,0.00342484,0.00364267,ignore
27.1521,7.50234,-10.7064,0.0027733,0.00342484,0.00364267,ignore
10.7806,30.6029,-47.7615,0.0027733,0.00342484,0.00364267,pitcher
33.8606,17.2097,-33.716,0.0027733,0.00342484,0.00364267,pitcher
69.3476,8.2653,-13.6541,0.0027733,0.00342484,0.00364267,ignore
46.4062,10.3232,-3.98928,0.0027733,0.00342484,0.00364267,ignore
22.7055,2.74838,13.6386,0.0027733,0.00342484,0.00364267,ignore
27.6465,4.1266,-2.95804,0.0027733,0.00342484,0.00364267,ignore
61.3382,8.97514,-3.80234,0.0027733,0.00342484,0.00364267,ignore
75.6424,7.7873,-8.4748,0.0027733,0.00342484,0.00364267,ignore
77.5329,8.35605,-14.5478,0.0027733,0.00342484,0.00364267,ignore
91.8981,4.04521,-6.80731,0.0027733,0.00342484,0.00364267,ignore
38.8412,8.86607,10.5335,0.0027733,0.00342484,0.00364267,ignore
77.6897,9.21406,-12.1252,0.0027733,0.00342484,0.00364267,ignore
78.2155,8.45102,-10.7502,0.0027733,0.00342484,0.00364267,ignore
31.1007,23.4396,-50.619,0.0027733,0.00342484,0.00364267,pitcher_lid
61.783,11.9329,-7.90886,0.0027733,0.00342484,0.00364267,ignore
63.8215,12.4661,0.296834,0.0027733,0.00342484,0.00364267,ignore
65.1602,11.6275,-2.75957,0.0027733,0.00342484,0.00364267,ignore
65.1602,11.6275,-2.75957,0.0027733,0.00342484,0.00364267,drawer_open
25.0129,11.5873,-17.3007,0.0027733,0.00342484,0.00364267,ignore
39.3644,10.5013,-6.4142,0.0027733,0.00342484,0.00364267,ignore
41.1079,9.32057,2.64765,0.0027733,0.00342484,0.00364267,ignore
84.7016,5.31485,-3.2138,0.0027733,0.00342484,0.00364267,drawer_handle
89.2813,-11.5012,39.9059,0.0027733,0.00342484,0.00364267,container_yellow
4.92752,2.92873,-3.46629,0.0027733,0.00342484,0.00364267,ignore
29.4132,2.92457,-10.46,0.0027733,0.00342484,0.00364267,ignore
62.0836,1.91215,-6.24786,0.0027733,0.00342484,0.00364267,ignore
79.4101,2.71262,-6.55145,0.0027733,0.00342484,0.00364267,ignore
27.5736,5.33879,-14.2937,0.0027733,0.00342484,0.00364267,ignore
60.4671,3.80204,-12.1498,0.0027733,0.00342484,0.00364267,ignore
24.0059,5.34625,10.8843,0.0027733,0.00342484,0.00364267,ignore
24.0059,5.34625,10.8843,0.0027733,0.00342484,0.00364267,ignore
64.4489,6.71243,-8.84117,0.0027733,0.00342484,0.00364267,ignore
94.1237,1.99031,-3.99784,0.0027733,0.00342484,0.00364267,drawer
22.7221,5.7452,7.43933,0.0027733,0.00342484,0.00364267,ignore
41.7316,10.1039,12.5602,0.0027733,0.00342484,0.00364267,ignore
36.1593,6.5878,15.4942,0.0027733,0.00342484,0.00364267,ignore
72.0767,9.5331,-8.88288,0.0027733,0.00342484,0.00364267,ignore
89.6243,7.87079,-8.72764,0.0027733,0.00342484,0.00364267,ignore
81.6925,9.76693,-13.1194,0.0027733,0.00342484,0.00364267,ignore
72.6903,14.1328,-1.40572,0.0027733,0.00342484,0.00364267,drawer_open
74.2097,14.9793,0.474109,0.0027733,0.00342484,0.00364267,ignore
22.5507,32.2319,-56.9022,0.0027733,0.00342484,0.00364267,pitcher
41.3175,26.4821,-52.8888,0.0027733,0.00342484,0.00364267,ignore
35.1393,23.2314,-50.1744,0.0027733,0.00342484,0.00364267,ignore
44.3952,12.7521,-9.14283,0.0027733,0.00342484,0.00364267,ignore
92.665,3.82139,0.741542,0.0027733,0.00342484,0.00364267,drawer_handle
84.9296,-10.8241,31.0889,0.0027733,0.00342484,0.00364267,container_yellow
47.7128,25.331,-56.518,0.0027733,0.00342484,0.00364267,pitcher_lid
41.6109,30.6906,-66.3091,0.0027733,0.00342484,0.00364267,ignore
44.8925,7.24994,18.4598,0.0027733,0.00342484,0.00364267,ignore
37.3028,14.4034,-24.7987,0.0027733,0.00342484,0.00364267,ignore
5.30858,4.0089,-0.512533,0.0027733,0.00342484,0.00364267,ignore
35.2232,4.48591,-11.3796,0.0027733,0.00342484,0.00364267,ignore
81.5319,1.23815,-2.20972,0.0027733,0.00342484,0.00364267,ignore
79.2803,2.44357,-8.35287,0.0027733,0.00342484,0.00364267,ignore
34.3055,6.3493,14.6337,0.0027733,0.00342484,0.00364267,ignore
33.2891,7.93951,-17.0408,0.0027733,0.00342484,0.00364267,ignore
89.0219,0.669406,-4.99857,0.0027733,0.00342484,0.00364267,ignore
69.127,4.89502,-7.24372,0.0027733,0.00342484,0.00364267,ignore
14.2336,4.26518,-8.21704,0.0027733,0.00342484,0.00364267,ignore
93.944,2.29526,-4.69871,0.0027733,0.00342484,0.00364267,drawer
37.511,9.20009,11.7791,0.0027733,0.00342484,0.00364267,ignore
59.3454,10.4873,-5.72864,0.0027733,0.00342484,0.00364267,ignore
53.942,10.9519,-8.52373,0.0027733,0.00342484,0.00364267,ignore
26.6827,4.73488,10.7023,0.0027733,0.00342484,0.00364267,ignore
52.0077,11.5631,0.273823,0.0027733,0.00342484,0.00364267,ignore
48.7745,12.0841,14.2185,0.0027733,0.00342484,0.00364267,ignore
83.8687,7.29821,-9.74336,0.0027733,0.00342484,0.00364267,ignore
71.6967,14.9943,-0.791777,0.0027733,0.00342484,0.00364267,drawer_open
22.988,33.3825,-58.7046,0.0027733,0.00342484,0.00364267,pitcher
41.4174,24.5553,-49.3476,0.0027733,0.00342484,0.00364267,ignore
44.6643,10.8402,-6.76866,0.0027733,0.00342484,0.00364267,ignore
92.9301,3.61201,0.993211,0.0027733,0.00342484,0.00364267,drawer_handle
83.3965,-10.5187,30.8475,0.0027733,0.00342484,0.00364267,container_yellow
47.7634,26.4702,-59.7701,0.0027733,0.00342484,0.00364267,pitcher_lid
38.2918,23.5393,-43.0268,0.0027733,0.00342484,0.00364267,ignore
42.1712,14.0688,-22.5032,0.0027733,0.00342484,0.00364267,pitcher_lid
38.2918,23.5393,-43.0268,0.0027733,0.00342484,0.00364267,pitcher_lid
83.6968,-9.57288,32.5882,0.0027733,0.00342484,0.00364267,ignore
2.5933,2.8056,0.0339295,0.0027733,0.00342484,0.00364267,ignore
35.8585,4.2278,-10.5467,0.0027733,0.00342484,0.00364267,ignore
85.2645,1.00574,-1.60368,0.0027733,0.00342484,0.00364267,ignore
33.176,7.32079,-16.541,0.0027733,0.00342484,0.00364267,ignoer
15.2538,5.44407,-9.57404,0.0027733,0.00342484,0.00364267,ignore
81.0016,-0.509256,-4.17014,0.0027733,0.00342484,0.00364267,ignore
76.5156,2.94698,-5.80317,0.0027733,0.00342484,0.00364267,ignore
5.02778,2.13339,-1.76332,0.0027733,0.00342484,0.00364267,ignore
17.3698,6.29296,6.96056,0.0027733,0.00342484,0.00364267,ignore
17.3698,6.29296,6.96056,0.0027733,0.00342484,0.00364267,ignore
54.9375,3.39163,-2.6535,0.0027733,0.00342484,0.00364267,ignore
73.2365,2.08568,-12.6766,0.00246774,0.0027733,0.00342484,ignore
90.2186,1.32358,-9.33603,0.00246774,0.0027733,0.00342484,drawer
25.1489,1.68072,12.0772,0.00246774,0.0027733,0.00342484,ignore
38.3417,5.57527,14.0953,0.00246774,0.0027733,0.00342484,ignore
23.8269,4.61548,-8.24311,0.00246774,0.0027733,0.00342484,ignore
83.1716,3.10181,-9.44451,0.00246774,0.0027733,0.00342484,ignore
71.0997,6.51731,-2.90498,0.00246774,0.0027733,0.00342484,drawer-open
34.4119,3.21756,18.0371,0.00246774,0.0027733,0.00342484,ignore
85.511,-13.2351,34.1647,0.00246774,0.0027733,0.00342484,container_yellow
43.8124,22.2763,-53.9026,0.00246774,0.0027733,0.00342484,pitcher_lid
83.1087,2.60878,1.91238,0.00246774,0.0027733,0.00342484,drawer_handle
74.1794,6.54265,-5.24565,0.00246774,0.0027733,0.00342484,ignore
42.9443,24.4748,-53.6725,0.00246774,0.0027733,0.00342484,ignore
24.6635,29.9391,-55.8353,0.00246774,0.0027733,0.00342484,pitcher
36.1317,5.31637,-4.84403,0.00246774,0.0027733,0.00342484,ignore
44.6553,6.23101,22.7408,0.00246774,0.0027733,0.00342484,ignore
38.2636,13.2234,-25.815,0.00246774,0.0027733,0.00342484,ignore
36.7476,20.4048,-46.0235,0.00246774,0.0027733,0.00342484,ignore
2.33022,0.585187,-0.788426,0.00246774,0.0027733,0.00342484,ignore
31.3137,0.571211,-8.49598,0.00246774,0.0027733,0.00342484,ignore
64.2245,0.669983,-5.77417,0.00246774,0.0027733,0.00342484,ignore
79.4941,0.425164,-4.97871,0.00246774,0.0027733,0.00342484,ignore
28.2071,3.20414,-12.6233,0.00246774,0.0027733,0.00342484,ignore
27.5783,3.51853,12.88,0.00246774,0.0027733,0.00342484,ignore
68.1557,1.3715,-6.15295,0.00246774,0.0027733,0.00342484,ignore
80.5037,-1.13023,-4.5567,0.00246774,0.0027733,0.00342484,ignore
5.83195,2.84725,-9.59425,0.00246774,0.0027733,0.00342484,ignore
56.1583,2.23366,-7.94835,0.00246774,0.0027733,0.00342484,ignore
69.9961,3.54276,-6.31134,0.00246774,0.0027733,0.00342484,ignore
90.0244,1.20842,-8.95587,0.00246774,0.0027733,0.00342484,drawer
23.5521,1.85736,11.9897,0.00246774,0.0027733,0.00342484,ignore
38.0357,5.66994,14.9172,0.00246774,0.0027733,0.00342484,ignore
24.3518,1.05287,14.1771,0.00246774,0.0027733,0.00342484,ignore
75.7561,4.45234,-13.2693,0.00246774,0.0027733,0.00342484,ignore
71.0015,6.58702,-3.02299,0.00246774,0.0027733,0.00342484,drawer_open
41.5871,5.05646,20.2918,0.00246774,0.0027733,0.00342484,ignore
86.1626,-14.0247,35.9363,0.00246774,0.0027733,0.00342484,container_yellow
42.9746,20.5234,-50.4187,0.00246774,0.0027733,0.00342484,pitcher_lid
81.9851,2.95977,1.28678,0.00246774,0.0027733,0.00342484,drawer_handle
74.5155,5.17175,-3.093,0.00246774,0.0027733,0.00342484,ignore
46.0369,5.8049,13.6559,0.00246774,0.0027733,0.00342484,ignore
43.9055,23.7324,-51.9264,0.00246774,0.0027733,0.00342484,ignore
25.1987,29.3206,-55.6882,0.00246774,0.0027733,0.00342484,pitcher
27.9933,24.7891,-49.4946,0.00246774,0.0027733,0.00342484,ignore
33.2116,25.3811,-52.9182,0.00246774,0.0027733,0.00342484,ignore
25.4341,2.7193,12.6985,0.00246774,0.0027733,0.00342484,ignore
2.74109,1.12308,-0.61839,0.00246774,0.0027733,0.00342484,ignore
29.8996,0.795266,-8.97081,0.00246774,0.0027733,0.00342484,ignore
66.7108,1.40508,-5.96247,0.00246774,0.0027733,0.00342484,ignore
82.5896,-0.850401,-3.95267,0.00246774,0.0027733,0.00342484,ignore
31.0041,3.07892,-13.009,0.00246774,0.0027733,0.00342484,ignore
66.5987,2.36717,-4.21652,0.00246774,0.0027733,0.00342484,ignore
70.0073,-0.130326,-1.7173,0.00246774,0.0027733,0.00342484,ignore
91.4623,1.08646,-9.35804,0.00246774,0.0027733,0.00342484,drawer
16.5551,2.07109,7.74599,0.00246774,0.0027733,0.00342484,ignore
55.1298,2.83022,-5.71531,0.00246774,0.0027733,0.00342484,ignore
36.3357,4.69562,13.6373,0.00246774,0.0027733,0.00342484,ignore
31.6476,5.21582,-6.5871,0.00246774,0.0027733,0.00342484,ignore
26.5864,0.301299,15.5959,0.00246774,0.0027733,0.00342484,ignore
69.0809,1.2172,-11.0891,0.00246774,0.0027733,0.00342484,ignore
74.5816,4.25266,-12.2905,0.00246774,0.0027733,0.00342484,ignore
62.1609,4.76111,2.89288,0.00246774,0.0027733,0.00342484,ignore
70.7535,6.7016,-3.18352,0.00246774,0.0027733,0.00342484,drawer_open
39.4533,4.11011,18.5731,0.00246774,0.00258946,0.0027733,ignore
83.0015,-12.1735,33.3177,0.00246774,0.00258946,0.0027733,container_yellow
43.5608,20.3406,-50.6002,0.00246774,0.00258946,0.0027733,pitcher_lid
83.552,2.99809,0.282232,0.00246774,0.00258946,0.0027733,drawer_handle
66.4483,6.50199,1.54834,0.00246774,0.00258946,0.0027733,ignore
44.6353,20.6108,-46.9786,0.00246774,0.00258946,0.0027733,ignore
26.6241,28.4143,-55.391,0.00246774,0.00258946,0.0027733,pitcher
44.1955,6.65031,22.5057,0.00246774,0.00258946,0.0027733,ignore
22.3476,28.3566,-50.8158,0.00246774,0.00258946,0.0027733,ignore
37.1829,21.9901,-49.5207,0.00246774,0.00258946,0.0027733,ignore
2.47427,0.987409,-0.167384,0.00246774,0.00258946,0.0027733,ignore
28.4569,3.06631,13.664,0.00246774,0.00258946,0.0027733,ignore
32.0687,0.683353,-8.76141,0.00246774,0.00258946,0.0027733,ignore
80.2675,0.346191,-3.40514,0.00246774,0.00258946,0.0027733,ignore
27.7852,3.30194,-12.7073,0.00246774,0.00258946,0.0027733,ignore
63.5138,2.78974,-7.62421,0.00246774,0.00258946,0.0027733,ignore
71.571,-0.699837,-4.29792,0.00246774,0.00258946,0.0027733,ignore
71.571,-0.699837,-4.29792,0.00246774,0.00258946,0.0027733,ignore
59.9129,1.56896,-7.40131,0.00246774,0.00258946,0.0027733,ignore
89.6856,1.3063,-8.81801,0.00246774,0.00258946,0.0027733,drawer
32.3915,4.14388,13.7905,0.00246774,0.00258946,0.0027733,ignore
21.1344,4.67351,-8.03074,0.00246774,0.00258946,0.0027733,ignore
77.3441,4.31929,-13.0234,0.00246774,0.00258946,0.0027733,ignore
25.0378,0.951868,16.2022,0.00246774,0.00258946,0.0027733,ignore
70.8633,6.56572,-2.86535,0.00246774,0.00258946,0.0027733,drawer_open
39.4446,4.28102,18.3299,0.00246774,0.00258946,0.0027733,ignore
81.7331,-12.0383,33.8129,0.00246774,0.00258946,0.0027733,container_yellow
43.5601,20.568,-50.6055,0.00246774,0.00258946,0.0027733,pitcher_lid
80.4649,3.90102,1.00883,0.00246774,0.00258946,0.0027733,drawer_handle
46.3953,19.4535,-43.9657,0.00246774,0.00258946,0.0027733,ignore
26.6644,28.0637,-54.7182,0.00246774,0.00258946,0.0027733,pitcher
22.4491,27.7114,-50.6717,0.00246774,0.00258946,0.0027733,ignore
43.3146,6.04499,21.0697,0.00246774,0.00258946,0.0027733,ignore
3.13349,1.62056,-0.147221,0.00246774,0.00258946,0.0027733,ignore
32.7525,0.691239,-8.48071,0.00246774,0.00258946,0.0027733,ignore
70.9822,0.503771,-5.38905,0.00246774,0.00258946,0.0027733,ignore
29.1901,2.54426,-11.1086,0.00246774,0.00258946,0.0027733,ignore
41.4833,3.59785,19.615,0.00246774,0.00258946,0.0027733,ignore
53.1328,1.22364,-7.98976,0.00246774,0.00258946,0.0027733,ignore
74.7105,-1.02877,-2.33183,0.00246774,0.00258946,0.0027733,ignore
12.4812,2.43966,-5.46028,0.00246774,0.00258946,0.0027733,ignore
15.9684,2.87829,6.97538,0.00246774,0.00258946,0.0027733,ignore
95.7974,0.426915,-2.99872,0.00246774,0.00258946,0.0027733,drawer
30.9513,2.64618,16.0065,0.00246774,0.00258946,0.0027733,ignore
37.7796,6.6823,14.4527,0.00246774,0.00258946,0.0027733,ignore
64.8141,3.75181,-5.38139,0.00246774,0.00258946,0.0027733,ignore
30.7627,6.99043,-9.43414,0.00246774,0.00258946,0.0027733,ignore
44.3008,8.76555,16.6155,0.00246774,0.00258946,0.0027733,ignore
70.2548,7.09565,0.634193,0.00246774,0.00258946,0.0027733,ignore
78.2426,8.66463,1.46382,0.00246774,0.00258946,0.0027733,drawer_open
20.8678,32.3519,-56.5809,0.00246774,0.00258946,0.0027733,pitcher
49.5371,8.32494,17.6258,0.00246774,0.00258946,0.0027733,ignore
46.5888,19.2622,-42.5063,0.00246774,0.00258946,0.0027733,ignore
40.6828,11.8104,-25.3367,0.00246774,0.00258946,0.0027733,ignore
41.4216,5.16325,15.8122,0.00246774,0.00258946,0.0027733,ignore
93.1359,1.88434,3.35873,0.00246774,0.00258946,0.0027733,drawer_handle
93.2963,-10.9672,39.4835,0.00246774,0.00258946,0.0027733,container_yellow
38.5691,13.0222,-37.1718,0.00246774,0.00258946,0.0027733,pitcher_lid
33.4069,23.0961,-54.2078,0.00246774,0.00258946,0.0027733,ignore
31.8625,4.20346,14.633,0.00246774,0.00258946,0.0027733,ignore
3.63108,0.583536,0.0523582,0.00246774,0.00258946,0.0027733,ignore
35.1123,1.44834,-8.37786,0.00246774,0.00258946,0.0027733,ignore
74.8203,0.887479,-3.2313,0.00246774,0.00258946,0.0027733,ignore
79.9725,0.791183,-3.68271,0.00246774,0.00258946,0.0027733,ignore
34.4527,4.45712,-13.39,0.00246774,0.00258946,0.0027733,ignore
67.8874,2.2106,0.107741,0.00246774,0.00258946,0.0027733,ignore
78.7538,0.345901,-3.28574,0.00246774,0.00258946,0.0027733,ignore
14.4434,3.01309,-6.56161,0.00246774,0.00258946,0.0027733,ignore
4.60822,3.58972,1.6146,0.00246774,0.00258946,0.0027733,ignore
74.8494,1.3652,-8.50003,0.00246774,0.00258946,0.0027733,ignore
96.1862,0.360292,-2.90969,0.00246774,0.00258946,0.0027733,drawer
41.063,7.04525,15.5926,0.00246774,0.00258946,0.0027733,ignore
59.5739,5.32501,-5.79135,0.00246774,0.00258946,0.0027733,ignore
55.4432,8.22068,2.56083,0.00246774,0.00258946,0.0027733,ignore
71.9304,7.16253,-1.39621,0.00246774,0.00258946,0.0027733,ignore
39.9038,4.50307,18.7943,0.00246774,0.00258946,0.0027733,ignore
78.7072,8.58191,1.1133,0.00246774,0.00258946,0.0027733,drawer_open
21.988,30.0061,-54.4146,0.00246774,0.00258946,0.0027733,pitcher
44.5522,23.2556,-49.4938,0.00246774,0.00258946,0.0027733,ignore
90.8213,2.86915,3.92377,0.00246774,0.00258946,0.0027733,drawer_handle
93.106,-10.6831,38.311,0.00246774,0.00258946,0.0027733,container_yellow
37.2937,14.0851,-38.8066,0.00246774,0.00258946,0.0027733,pitcher_lid
2.89294,2.14953,0.555219,0.00246774,0.00258946,0.0027733,ignore
37.1841,1.68865,-8.38616,0.00246774,0.00258946,0.0027733,ignore
84.8234,-0.0625799,-1.07275,0.00246774,0.00258946,0.0027733,ignore
32.9126,3.78742,16.0094,0.00246774,0.00258946,0.0027733,ignore
34.4661,5.27152,-14.0404,0.00246774,0.00258946,0.0027733,ignore
84.4693,1.12895,-2.26155,0.00246774,0.00258946,0.0027733,ignore
67.954,3.32797,-3.64499,0.00246774,0.00258946,0.0027733,ignore
5.66327,0.146496,0.319657,0.00246774,0.00258946,0.0027733,ignore
23.3214,2.36885,-4.41955,0.00246774,0.00258946,0.0027733,ignore
65.101,2.69738,-4.39455,0.00246774,0.00258946,0.0027733,ignore
94.6105,0.648745,-2.77298,0.00246774,0.00258946,0.0027733,drawer
78.9342,8.63214,0.893944,0.00246774,0.00258946,0.0027733,drawer_open
21.0378,31.9681,-56.3068,0.00246774,0.00258946,0.0027733,pitcher
91.3534,2.48073,4.13619,0.00246774,0.00258946,0.0027733,drawer_handle
91.8717,-10.3538,39.0011,0.00246774,0.00258946,0.0027733,container_yellow
37.3582,15.5029,-41.6378,0.00246774,0.00258946,0.0027733,pitcher_lid
93.4955,0.722326,-2.58924,0.00246774,0.00258946,0.0027733,drawer
78.3381,8.69329,1.16735,0.00246774,0.00258946,0.0027733,drawer_open
22.7955,28.9395,-53.5764,0.00246774,0.00258946,0.0027733,pitcher
92.0116,2.42287,3.56237,0.00246774,0.00258946,0.0027733,drawer_handle
92.6298,-10.1626,37.3369,0.00246774,0.00258946,0.0027733,container_yellow
37.763,14.9834,-40.7753,0.00246774,0.00258946,0.0027733,pitcher_lid
96.0095,0.343573,-2.94651,0.00246774,0.00258946,0.0027733,drawer
78.4972,8.71149,0.740835,0.00246774,0.00258946,0.0027733,drawer_open
22.122,29.9003,-54.4196,0.00246774,0.00258946,0.0027733,pitcher
93.5717,1.75551,3.45188,0.00246774,0.00258946,0.0027733,drawer_handle
92.7854,-9.95509,36.4278,0.00246774,0.00258946,0.0027733,container_yellow
36.969,15.3978,-41.3314,0.00246774,0.00258946,0.0027733,pitcher_lid
90.841,1.74638,-7.1764,0.00246774,0.00258946,0.0027733,drawer
90.6574,-14.5612,48.0491,0.00246774,0.00258946,0.0027733,container_yellow
14.6174,31.4338,-50.8404,0.00246774,0.00258946,0.0027733,pitcher
32.1664,14.4329,-26.5938,0.00246774,0.00258946,0.0027733,pitcher
51.7266,11.8341,-14.2634,0.00246774,0.00258946,0.0027733,pitcher
46.6738,23.8201,-56.5203,0.00246774,0.00258946,0.0027733,pitcher_lid
93.2108,2.55851,-0.754723,0.00246774,0.00258946,0.0027733,drawer_handle
90.6653,1.80894,-7.15491,0.00237353,0.00246774,0.00258946,drawer
90.0859,-14.5822,47.3353,0.00237353,0.00246774,0.00258946,container_yellow
15.6287,30.6228,-50.3854,0.00237353,0.00246774,0.00258946,pitcher
67.2826,10.3769,-1.79505,0.00237353,0.00246774,0.00258946,drawer_open
31.179,15.2605,-28.2663,0.00237353,0.00246774,0.00258946,pitcher
56.1322,8.70198,-8.35092,0.00237353,0.00246774,0.00258946,ignore
40.7703,20.8658,-49.7673,0.00237353,0.00246774,0.00258946,ignore
46.7485,21.4796,-52.4916,0.00237353,0.00246774,0.00258946,pitcher_lid
93.988,2.27559,-0.198013,0.00237353,0.00246774,0.00258946,drawer_handle
60.0918,11.4202,-5.39211,0.00237353,0.00246774,0.00258946,ignore
41.5231,18.4142,-31.4235,0.00237353,0.00246774,0.00258946,ignore
50.8182,12.8668,-14.0122,0.00237353,0.00246774,0.00258946,ignore
54.5935,18.301,-7.34587,0.00237353,0.00246774,0.00258946,ignore
24.56,18.6852,-37.0174,0.00237353,0.00246774,0.00258946,ignore
92.167,1.74949,-7.41805,0.00237353,0.00246774,0.00258946,drawer
91.0761,-14.788,48.0489,0.00237353,0.00246774,0.00258946,container_yellow
14.9788,30.7557,-50.1424,0.00237353,0.00246774,0.00258946,pitcher
32.0663,14.8195,-27.3061,0.00237353,0.00246774,0.00258946,pitcher
61.448,9.75228,-8.93324,0.00237353,0.00246774,0.00258946,ignore
47.7613,19.4444,-48.3732,0.00237353,0.00246774,0.00258946,pitcher_lid
93.5361,2.49661,-0.921298,0.00237353,0.00246774,0.00258946,drawer_handle
45.9266,13.967,-22.4847,0.00237353,0.00246774,0.00258946,pitcher
52.1865,13.888,-12.0729,0.00237353,0.00246774,0.00258946,ignore
61.116,15.6526,-7.09277,0.00237353,0.00246774,0.00258946,ignore
22.1461,20.8626,-39.8089,0.00237353,0.00246774,0.00258946,ignore
40.7319,29.9389,-65.1277,0.00237353,0.00246774,0.00258946,ignore
44.3841,6.93221,22.572,0.00237353,0.00246774,0.00258946,ignore
91.7851,1.79535,-7.7056,0.00237353,0.00246774,0.00258946,drawer
90.418,-14.4599,46.5375,0.00237353,0.00246774,0.00258946,container_yellow
14.956,32.2949,-51.9574,0.00237353,0.00246774,0.00258946,pitcher
55.5838,10.682,-7.88798,0.00237353,0.00246774,0.00258946,ignore
31.733,15.1125,-26.733,0.00237353,0.00246774,0.00258946,pitcher
46.8511,23.2074,-56.0663,0.00219657,0.00237353,0.00246774,pitcher_lid
94.2361,2.01189,-0.494037,0.00219657,0.00237353,0.00246774,drawer_handle
34.6758,15.898,-34.4977,0.00219657,0.00237353,0.00246774,ignore
50.9203,12.5743,-15.1699,0.00219657,0.00237353,0.00246774,ignore
42.8625,17.914,-28.9052,0.00219657,0.00237353,0.00246774,ignore
56.9749,17.0162,-4.84068,0.00219657,0.00237353,0.00246774,ignore
22.8292,18.9998,-37.2203,0.00219657,0.00237353,0.00246774,ignore
88.6188,3.97422,-13.3132,0.00193681,0.00219657,0.00237353,drawer
54.8123,7.22548,-9.91367,0.00193681,0.00219657,0.00237353,ignore
22.2745,2.235,13.4145,0.00193681,0.00219657,0.00237353,ignore
22.0309,4.19964,8.21629,0.00193681,0.00219657,0.00237353,ignore
36.7324,8.18129,10.6024,0.00193681,0.00219657,0.00237353,ignore
28.5917,5.89402,9.05618,0.00193681,0.00219657,0.00237353,ignore
75.0089,5.9793,-16.3462,0.00193681,0.00219657,0.00237353,ignore
71.5726,10.7061,-7.5351,0.00193681,0.00219657,0.00237353,drawer_open
38.1626,24.3303,-52.9849,0.00193681,0.00219657,0.00237353,pitcher_lid
13.3096,29.059,-47.3862,0.00193681,0.00219657,0.00237353,pitcher
28.0309,22.3678,-45.1326,0.00193681,0.00219657,0.00237353,ignore
32.5146,7.71603,-14.6895,0.00193681,0.00219657,0.00237353,ignore
85.7268,5.85372,-3.11879,0.00193681,0.00219657,0.00237353,drawer_handle
22.6957,14.9977,-25.2047,0.00193681,0.00219657,0.00237353,ignore
35.3665,19.618,-34.4247,0.00193681,0.00219657,0.00237353,ignore
36.7322,16.8277,-34.6842,0.00193681,0.00219657,0.00237353,ignore
40.7034,11.9464,-18.7848,0.00193681,0.00219657,0.00237353,ignore
58.4442,16.2628,-7.14793,0.00193681,0.00219657,0.00237353,ignore
37.4079,6.52148,14.5101,0.00193681,0.00219657,0.00237353,ignore
90.8262,-12.6838,48.1787,0.00193681,0.00219657,0.00237353,container_yellow
41.6804,9.82594,15.3652,0.00193681,0.00219657,0.00237353,ignore
25.3167,4.57684,10.3836,0.00193681,0.00219657,0.00237353,ignore
1.91171,2.06842,-1.00641,0.00193681,0.00219657,0.00237353,ignore
36.3664,5.35905,11.9855,0.0119581,0.0227193,0.241039,ignore
36.5259,59.3577,34.7805,0.0119581,0.0227193,0.0294096,rope
82.2798,-7.66253,30.1598,0.0119581,0.0224854,0.0227193,ziplock
45.8001,7.41953,12.4851,0.0119581,0.0224854,0.0227193,ignore
40.8427,6.1895,14.6824,0.00719165,0.0119581,0.0224854,ignore
40.8427,6.1895,14.6824,0.00719165,0.0119581,0.0224854,ignore
68.1842,-8.36453,52.8735,0.00719165,0.0102696,0.0119581,ziplock
75.7341,1.8304,41.9589,0.00719165,0.00801867,0.0102696,apple_juice
69.8885,-8.21886,44.0709,0.00719165,0.00801867,0.0102696,ziplock
68.4949,5.61419,43.0077,0.00719165,0.00801867,0.00954083,apple_juice
50.2906,5.69929,34.064,0.00719165,0.00801867,0.00954083,apple_juice
12.3109,6.77998,1.08354,0.00719165,0.00801867,0.00954083,knife
67.78,17.9725,16.6907,0.00719165,0.00801867,0.00954083,apple_juice
41.5262,5.12414,15.8059,0.00719165,0.00801867,0.00954083,ignore
79.9845,3.63643,1.901,0.00719165,0.00801867,0.00954083,tape
57.7338,6.56027,9.90958,0.00719165,0.00801867,0.00954083,ignore
37.3399,12.733,-14.6666,0.00719165,0.00801867,0.00954083,battery
47.6192,13.0251,-14.9642,0.00719165,0.00801867,0.00954083,battery
61.6417,20.9286,-15.2438,0.00719165,0.00801867,0.00953744,battery
36.2372,58.8781,34.7213,0.00719165,0.00801867,0.00953744,rope
77.2864,-0.448092,8.55357,0.00719165,0.00801867,0.00953744,ziplock
70.8926,-11.8058,68.1289,0.00557704,0.00662619,0.00719165,ziplock
77.7378,2.6543,22.8053,0.00557704,0.00610929,0.00662619,ziplock
61.6836,0.0416836,18.4757,0.00557704,0.00610929,0.00662619,ziplock
81.3891,-16.928,58.6685,0.00557704,0.00610929,0.00662619,ziplock
65.5686,-5.99071,31.5839,0.00557704,0.00610929,0.00662619,ziplock
64.8504,-3.45504,26.1271,0.00557704,0.00610929,0.00662619,ziplock
74.8531,2.17351,44.2947,0.00557704,0.00610929,0.00662619,apple_juice
75.7097,-10.6281,43.0742,0.00557704,0.00610929,0.00662619,ziplock
79.555,-7.71481,40.047,0.00557704,0.00610929,0.00662619,apple_juice
66.4911,-0.332719,43.2703,0.00557704,0.00610929,0.00662619,apple_juice
80.8387,-15.7588,58.2072,0.00557704,0.00610929,0.00662619,ziplock
75.951,-2.25218,51.846,0.00557704,0.00610929,0.00662619,apple_juice
60.704,-8.90867,48.9983,0.00557704,0.00610929,0.00662619,ziplock
63.5755,10.9261,39.2629,0.00557704,0.00610929,0.00662619,apple_juice
12.0165,6.74812,-0.625743,0.00557704,0.00610929,0.00662619,knife
75.4392,8.96407,13.748,0.00557704,0.00610929,0.00662619,apple_juice
59.7776,33.4704,24.817,0.00557704,0.00610929,0.00662619,apple_juice
74.6522,-7.36376,36.027,0.00557704,0.00610929,0.00662619,ziplock
75.6816,4.72173,4.3895,0.00557704,0.00610929,0.00662619,tape
36.1838,12.6531,-14.3378,0.00557704,0.00610929,0.00662619,battery
43.9159,15.0503,-19.5858,0.00557704,0.00610929,0.00662619,battery
55.4591,18.0482,-14.207,0.00557704,0.00610929,0.00662619,battery
