56.3299,46.1911,35.164,0.00480793,0.00730434,0.0112402,sunblock
34.1004,7.27521,9.44043,0.00480793,0.00480793,0.00730434,ignore
44.2642,9.75186,11.4107,0.00480793,0.00480793,0.00730434,ignore
34.6503,-0.381163,17.3048,0.00480793,0.00480793,0.00730434,ignore
56.3299,46.1911,35.164,0.00480793,0.00480793,0.00480793,sunblock
51.7826,4.99013,26.3558,0.00480793,0.00480793,0.00480793,ignore
36.7119,5.51427,10.3084,0.00480793,0.00480793,0.00480793,ignore
66.6094,10.5484,-48.6505,0.00480793,0.00480793,0.00480793,poncho
23.8647,34.9449,-50.4608,0.00480793,0.00480793,0.00480793,sunblock
91.1577,-1.76397,-4.74548,0.00480793,0.00480793,0.00480793,ignore
39.5315,59.4987,24.6185,0.00480793,0.00480793,0.00480793,brush
13.0223,16.7554,2.20791,0.00480793,0.00480793,0.00480793,brush
51.5686,9.88707,4.33005,0.00480793,0.00480793,0.00480793,ignore
4.24498,3.59479,-2.484,0.00480793,0.00480793,0.00480793,knife
46.4759,7.23405,14.76,0.00480793,0.00480793,0.00480793,ignore
55.7946,13.8586,-33.8313,0.00480793,0.00480793,0.00480793,ignore
59.8223,38.9323,31.2838,0.00480793,0.00480793,0.00480793,sunblock
68.1003,35.7205,45.995,0.00480793,0.00480793,0.00480793,sunblock
66.8995,47.5916,16.1378,0.00480793,0.00480793,0.00480793,sunblock
84.5039,13.4445,27.448,0.00480793,0.00480793,0.00480793,sunblock
73.1888,3.45549,-39.9048,0.00480793,0.00480793,0.00480793,poncho
28.6831,33.0546,-49.487,0.00480793,0.00480793,0.00480793,sunblock
44.9007,8.47471,9.21338,0.00480793,0.00480793,0.00480793,ignore
47.3078,67.2952,25.8427,0.00480793,0.00480793,0.00480793,brush
19.2045,20.7036,10.3255,0.00480793,0.00480793,0.00480793,brush
9.89716,5.45304,-1.30262,0.00480793,0.00480793,0.00480793,knife
40.5139,7.85817,9.99485,0.00480793,0.00480793,0.00480793,ignore
40.8088,5.74436,10.3787,0.00480793,0.00480793,0.00480793,ignore
22.9241,28.8134,-41.7058,0.00480793,0.00480793,0.00480793,sunblock
62.3243,37.8094,34.0008,0.00480793,0.00480793,0.00480793,ignore
60.7104,40.6186,42.7888,0.00480793,0.00480793,0.00480793,sunblock
61.8425,54.0616,15.7138,0.00480793,0.00480793,0.00480793,ignore
65.0531,33.9951,7.95677,0.00480793,0.00480793,0.00480793,sunblock
71.0053,36.4879,43.3779,0.00480793,0.00480793,0.00480793,ignore
70.8225,23.2076,18.6537,0.00480793,0.00480793,0.00480793,sunblock
64.3671,43.5891,66.0397,0.00480793,0.00480793,0.00480793,ignore
70.181,6.0665,-41.3618,0.00480793,0.00480793,0.00480793,poncho
87.9288,-0.0635389,-14.7725,0.00480793,0.00480793,0.00480793,ignore
47.7898,65.1101,28.0856,0.00480793,0.00480793,0.00480793,brush
31.0364,35.5242,17.7367,0.00480793,0.00480793,0.00480793,ignore
10.8735,8.23182,-0.809823,0.00480793,0.00480793,0.00480793,brush
9.18707,5.03243,-0.471189,0.00480793,0.00480793,0.00480793,knife
46.6033,9.23022,11.1271,0.00308388,0.003365,0.00480793,ignore
41.2398,9.57083,10.3884,0.00308388,0.003365,0.00480793,ignore
42.9602,7.24602,9.00991,0.00308388,0.003365,0.00480793,ignore
22.4546,36.6693,-50.8852,0.00308388,0.003365,0.00480793,sunblock
65.6046,40.1353,28.5012,0.00308388,0.003365,0.00480793,sunblock
55.5441,48.7214,54.9971,0.00308388,0.003365,0.00480793,ignore
69.757,7.02707,-42.5385,0.00308388,0.003365,0.00480793,poncho
86.7541,-0.265724,-15.3288,0.00308388,0.003365,0.00480793,ignore
83.76,5.36711,-5.06318,0.00308388,0.003365,0.00480793,ignore
21.9954,19.1471,16.7998,0.00308388,0.003365,0.00480793,brush
17.3254,18.9679,-7.07069,0.00308388,0.003365,0.00480793,brush
50.1215,67.4906,21.2354,0.00308388,0.003365,0.00480793,brush
9.69657,6.01397,-1.86052,0.00308388,0.003365,0.00480793,knife
43.5123,8.40785,12.8689,0.00308388,0.003365,0.00422004,ignore
53.1128,1.4532,30.3833,0.00308388,0.003365,0.00422004,ignore
48.7519,8.98466,14.6554,0.00308388,0.003365,0.00422004,ignore
39.9994,5.23259,11.7569,0.00308388,0.003365,0.00422004,ignore
28.5761,26.7258,-33.3537,0.00308388,0.003365,0.00422004,sunblock
55.3483,42.9409,29.7168,0.00308388,0.003365,0.00422004,sunblock
67.3291,36.6632,44.9687,0.00308388,0.003365,0.00422004,sunblock
63.2638,45.1606,62.9457,0.00308388,0.003365,0.00422004,ignore
70.6419,5.27778,-38.3133,0.00308388,0.003365,0.00422004,poncho
18.6433,17.2462,4.39623,0.00308388,0.003365,0.00422004,brush
46.2232,62.8713,24.7537,0.00308388,0.003365,0.00422004,brush
12.159,4.25188,0.571047,0.00308388,0.003365,0.00422004,knife
52.5135,5.75321,17.9231,0.00308388,0.003365,0.00422004,ignore
42.0583,7.93217,12.6987,0.00308388,0.003365,0.00422004,ignore
41.7676,8.3546,14.0081,0.00308388,0.003365,0.00422004,ignore
39.1642,5.65218,12.9959,0.00308388,0.003365,0.00422004,ignore
46.1294,8.61563,16.3447,0.00308388,0.003365,0.00422004,ignore
62.5268,40.0686,37.5856,0.00308388,0.003365,0.00422004,sunblock
64.8114,42.8197,57.3785,0.00308388,0.003365,0.00422004,ignore
57.7034,42.8115,42.9013,0.00308388,0.003365,0.00422004,ignore
70.4283,29.267,43.4659,0.00308388,0.003365,0.00422004,ignore
72.3698,28.7082,36.4235,0.00308388,0.003365,0.00422004,ignore
40.2477,24.6637,-1.15752,0.00308388,0.003365,0.00422004,sunblock
61.5071,48.6014,65.7811,0.00308388,0.003365,0.00422004,ignore
56.5663,14.0932,-28.8011,0.00308388,0.003365,0.00422004,ignore
72.9477,2.97643,-36.7862,0.00308388,0.003365,0.00422004,poncho
93.5162,-4.02353,-8.50539,0.00308388,0.003365,0.00422004,ignore
19.1169,15.2046,5.55902,0.00308388,0.003365,0.00422004,brush
38.2612,53.8234,24.3363,0.00308388,0.003365,0.00422004,brush
9.44972,4.12679,0.981024,0.00308388,0.003365,0.00422004,knife
39.6048,7.25085,12.3075,0.00308388,0.003365,0.00422004,ignore
41.7408,8.93464,14.6262,0.00308388,0.003365,0.00422004,ignore
35.8761,4.20633,11.0163,0.00308388,0.003365,0.00422004,ignore
45.0077,8.75697,13.3267,0.00308388,0.003365,0.00346816,ignore
58.0669,44.2992,41.5138,0.00308388,0.003365,0.00346816,sunblock
46.6375,51.2594,53.8903,0.00308388,0.003365,0.00346816,ignore
58.6761,49.5405,25.9125,0.00308388,0.003365,0.00346816,ignore
28.9647,29.2524,-39.9057,0.00308388,0.003365,0.00346816,sunblock
60.9921,11.7029,-4.09617,0.00308388,0.003365,0.00346816,ignore
69.665,6.01106,-37.1494,0.00308388,0.003365,0.00346816,poncho
91.1074,-2.5576,-8.18761,0.00308388,0.003365,0.00346816,ignore
39.5056,58.2266,28.5105,0.00308388,0.003365,0.00346816,brush
11.706,17.3501,2.01779,0.00308388,0.003365,0.00346816,brush
8.18742,6.07534,-0.21624,0.00308388,0.003365,0.00346816,knife
43.9136,10.9982,10.8601,0.00308388,0.003365,0.00346816,ignore
60.1664,48.5679,40.5512,0.00308388,0.003365,0.00346816,sunblock
53.7931,37.8957,13.2332,0.00308388,0.003365,0.00346816,sunblock
58.4675,48.5178,39.4954,0.00308388,0.003365,0.00346816,sunblock
52.6612,13.4066,9.99234,0.00308388,0.003365,0.00346816,ignore
58.5987,65.4786,16.6288,0.00308388,0.003365,0.00346816,ignore
31.2326,33.8161,-3.93861,0.00308388,0.003365,0.00346816,ignore
27.6009,34.2102,-51.188,0.00308388,0.003365,0.00346816,sunblock
61.4289,16.3887,-29.7457,0.00308388,0.003365,0.00346816,ignore
73.3324,5.46529,-37.8158,0.00308388,0.003365,0.00346816,poncho
45.798,68.1168,22.0718,0.00308388,0.003365,0.00346816,brush
12.7472,9.14165,-2.40285,0.00308388,0.003365,0.00346816,knife
23.1653,34.8694,10.2698,0.00308388,0.003365,0.00346816,brush
36.1523,51.6801,15.2059,0.00308388,0.003365,0.00346816,brush
48.0458,5.03743,14.3027,0.00308388,0.003365,0.00346816,igore
45.3051,5.13201,16.7886,0.00308388,0.003365,0.00346816,ignore
42.2051,2.32102,13.6293,0.00308388,0.003365,0.00346816,ignore
49.7771,36.2423,35.0801,0.00308388,0.003365,0.00346816,sunblock
49.7771,36.2423,35.0801,0.00308388,0.003365,0.00346816,sunblock
64.9226,33.9223,41.4234,0.00308388,0.003365,0.00346816,sunblock
62.3354,40.1615,52.8579,0.00308388,0.003365,0.00346816,ignore
36.3961,27.7872,-42.9261,0.00308388,0.003365,0.00346816,sunblock
91.3552,0.250792,-5.67474,0.00308388,0.003365,0.00346816,poncho-back
68.8832,7.67943,-8.69703,0.00308388,0.003365,0.00346816,ignore
48.6402,71.0427,36.5495,0.00308388,0.003365,0.00346816,brush
56.182,67.8543,20.5955,0.00308388,0.003365,0.00346816,ignore
42.6571,65.0369,43.0584,0.00308388,0.003365,0.00346816,ignore
13.8918,2.98334,3.7922,0.00308388,0.003365,0.00346816,knife
38.2297,6.02192,13.7374,0.00308388,0.003365,0.00346816,ignore
36.634,2.61459,13.8187,0.00308388,0.003365,0.00346816,ignore
42.473,8.22565,14.9266,0.00308388,0.003365,0.00346816,ignore
48.2689,6.82559,14.052,0.00308388,0.003365,0.00346816,ignore
47.6771,35.6247,27.3551,0.00308388,0.003365,0.00346816,sunblock
59.1683,40.7158,58.435,0.00308388,0.003365,0.00346816,ignore
49.9713,34.2706,21.3219,0.00308388,0.003365,0.00346816,ignore
62.7582,38.1141,30.3818,0.00308388,0.003365,0.00346816,sunblock
68.1846,22.4148,-3.00775,0.00308388,0.003365,0.00346816,ignore
27.1896,28.4808,-38.2512,0.00308388,0.003365,0.00346816,sunblock
80.1914,18.4876,15.4745,0.00308388,0.003365,0.00346816,ignore
72.855,30.3312,50.1744,0.00308388,0.003365,0.00346816,ignore
69.1785,7.37639,-13.4104,0.00308388,0.003365,0.00346816,ignore
89.3387,0.892893,-11.5493,0.00308388,0.003365,0.00346816,poncho-back
40.426,59.3699,34.0175,0.00308388,0.003365,0.00346816,brush
47.569,71.0233,31.2902,0.00308388,0.003365,0.00346816,brush
8.34826,3.17499,1.48119,0.00308388,0.003365,0.00346816,knife
39.5665,7.91991,12.7463,0.00308388,0.003365,0.00346816,ignore
36.5825,8.68923,12.7074,0.00308388,0.003365,0.00346816,ignore
34.8752,4.5937,8.78885,0.00308388,0.003365,0.00346816,ignore
44.376,8.25688,12.4574,0.00308388,0.003365,0.00346816,ignore
36.8518,6.00826,10.865,0.00308388,0.003365,0.00346816,ignore
27.5724,27.0299,-29.735,0.00308388,0.003365,0.00346816,sunblock
49.1584,46.6673,47.633,0.00308388,0.003365,0.00346816,sunblock
59.4282,38.6581,25.4251,0.00308388,0.003365,0.00346816,sunblock
63.1944,49.293,52.4257,0.00308388,0.003365,0.00346816,ignore
46.0195,37.4359,18.7237,0.00308388,0.003365,0.00346816,sunblock
59.5525,40.4908,48.4964,0.00308388,0.003365,0.00346816,ignore
56.356,44.7883,56.7395,0.00308388,0.003365,0.00346816,sunblock
46.2095,43.0649,48.1285,0.00308388,0.003365,0.00346816,ignore
83.5585,3.87113,-13.0015,0.00308388,0.003365,0.00346816,poncho-back
73.3825,5.78873,-17.0116,0.00308388,0.003365,0.00346816,ignore
66.5367,8.0822,-19.3646,0.00308388,0.003365,0.00346816,ignore
56.6822,10.242,7.08865,0.00308388,0.003365,0.00346816,ignore
49.3188,8.37286,15.1281,0.00308388,0.003365,0.00346816,ignore
40.7342,64.3724,38.6856,0.00308388,0.003365,0.00346816,brush
49.9245,69.391,18.8924,0.00308388,0.003365,0.00346816,brush
7.86573,4.10134,-0.912059,0.00308388,0.003365,0.00346816,knife
40.4055,5.38038,11.1033,0.00308388,0.003365,0.00346816,ignore
41.6373,7.598,12.3095,0.00308388,0.003365,0.00346816,ignore
52.8899,-1.27563,25.5103,0.00308388,0.003365,0.00346816,ignore
30.5689,32.6096,-48.7417,0.00308388,0.003365,0.00346816,sunblock
55.1248,43.8813,54.3795,0.00308388,0.003365,0.00346816,sunblock
62.2776,43.7195,49.6787,0.00308388,0.003365,0.00346816,sunblock
72.2759,30.3049,38.8753,0.00308388,0.003365,0.00346816,sunblock
37.9247,23.5546,-23.1805,0.00308388,0.003365,0.00346816,sunblock
62.0969,36.8899,28.3295,0.00308388,0.003365,0.00346816,sunblock
67.3418,33.1706,40.1245,0.00308388,0.003365,0.00346816,ignore
88.6549,1.8337,-5.8711,0.00308388,0.003365,0.00346816,poncho-back
67.9653,10.2916,-12.2185,0.00308388,0.003365,0.00346816,ignore
47.0759,71.8987,34.6896,0.00308388,0.003365,0.00346816,brush
47.8402,70.6596,29.6909,0.00308388,0.003365,0.00346816,brush
14.6445,5.09938,2.1775,0.00308388,0.003365,0.00346816,knife
50.9045,5.56406,17.615,0.00308388,0.003365,0.00346816,ignore
50.8996,8.98822,1.26425,0.00308388,0.003365,0.00346816,ignore
42.2136,9.94887,12.9784,0.00308388,0.003365,0.00346816,ignore
36.1234,6.21924,11.8478,0.00308388,0.003365,0.00346816,ignore
41.1671,7.52798,11.9349,0.00308388,0.003365,0.00346816,ignore
48.6472,9.50231,13.5411,0.00308388,0.003365,0.00346816,ignore
66.1186,39.1837,42.8064,0.00308388,0.00325226,0.003365,sunblock-top
59.0538,44.5389,57.5982,0.00308388,0.00325226,0.003365,sunblock-top
59.0558,45.3455,27.2198,0.00308388,0.00325226,0.003365,sunblock-top
58.0435,46.6975,60.5846,0.00308388,0.00325226,0.00325226,sunblock-top
53.519,12.3027,13.4108,0.00308388,0.00325226,0.00325226,ignore
65.7961,11.8587,-20.5913,0.00308388,0.00325226,0.00325226,ignore
77.0566,7.25102,-11.4808,0.00308388,0.00325226,0.00325226,ignore
95.7608,0.40784,-2.40447,0.00308388,0.00325226,0.00325226,poncho-back
66.9449,9.39253,4.01862,0.00308388,0.00325226,0.00325226,ignore
11.0612,5.69787,-0.191738,0.00308388,0.00325226,0.00325226,knife
44.9874,66.9488,42.4873,0.00308388,0.00325226,0.00325226,brush
50.3971,73.8161,23.49,0.00308388,0.00325226,0.00325226,brush
48.5549,7.29938,17.8197,0.00308388,0.00325226,0.00325226,ignore
40.3545,6.22637,13.4781,0.00308388,0.00325226,0.00325226,ignore
46.0076,8.5542,16.3987,0.00308388,0.00325226,0.00325226,ignore
31.4103,5.38712,13.7028,0.00308388,0.00325226,0.00325226,ignore
62.7217,37.7877,57.9825,0.00308388,0.00325226,0.00325226,sunblock-top
59.4133,44.1269,61.9115,0.00308388,0.00325226,0.00325226,sunblock-top
58.1305,41.0694,41.8274,0.00308388,0.00325226,0.00325226,sunblock-top
79.6685,19.0638,45.245,0.00308388,0.00325226,0.00325226,sunblock-top
56.2991,47.9025,25.1188,0.00308388,0.00325226,0.00325226,sunblock-top
32.8033,7.06236,-0.874479,0.00308388,0.00325226,0.00325226,pocketbag
53.3209,13.6695,38.2272,0.00308388,0.00325226,0.00325226,peanutbutter
33.6748,6.10883,17.5353,0.00308388,0.00325226,0.00325226,ignore
45.2544,16.6606,28.3494,0.00308388,0.00325226,0.00325226,peanutbutter
46.8872,18.4709,1.58961,0.00308388,0.00325226,0.00325226,ignore
49.8762,6.91893,19.095,0.00308388,0.00325226,0.00325226,ignore
42.2736,22.7923,13.2579,0.00308388,0.00325226,0.00325226,peanutbutter
12.5853,5.96182,2.24318,0.00308388,0.00325226,0.00325226,knife
24.3027,9.76649,3.59098,0.00308388,0.00325226,0.00325226,ignore
52.0605,7.93734,-9.0839,0.00308388,0.00325226,0.00325226,ignore
52.0605,7.93734,-9.0839,0.00308388,0.00325226,0.00325226,ignore
43.3751,10.8299,9.897,0.00308388,0.00325226,0.00325226,ignore
43.194,11.3567,12.0508,0.00308388,0.00325226,0.00325226,ignore
37.0687,7.64563,6.40886,0.00308388,0.00325226,0.00325226,ignore
43.2226,9.64151,10.6119,0.00308388,0.00325226,0.00325226,ignore
54.0169,45.3471,37.4832,0.00308388,0.00325226,0.00325226,sunblock-top
74.8475,29.6856,37.6542,0.00308388,0.00325226,0.00325226,sunblock-top
58.7181,48.8916,63.6413,0.00308388,0.00325226,0.00325226,sunblock-top
59.1806,19.3607,26.8791,0.00308388,0.00325226,0.00325226,peanutbutter
37.6635,25.4681,15.5927,0.00308388,0.00325226,0.00325226,peanutbutter
23.4255,11.3188,-3.13148,0.00308388,0.00325226,0.00325226,ignore
32.2322,9.68949,-3.49805,0.00308388,0.00325226,0.00325226,pocketbag
43.3599,12.5863,-7.86888,0.00308388,0.00325226,0.00325226,ignore
50.0154,16.3714,25.9571,0.00308388,0.00325226,0.00325226,peanutbutter
41.6552,18.378,3.02487,0.00308388,0.00325226,0.00325226,ignore
7.94161,7.06238,-3.38966,0.00308388,0.00325226,0.00325226,knife
61.8132,12.6241,-0.399268,0.00308388,0.00325226,0.00325226,ignore
15.7998,8.7527,-5.46068,0.00308388,0.00325226,0.00325226,ignore
48.806,9.12821,16.0854,0.00308388,0.00325226,0.00325226,ignore
43.2775,9.13206,-7.50467,0.00308388,0.00325226,0.00325226,ignore
41.5917,11.4799,11.4839,0.00308388,0.00325226,0.00325226,ignore
43.4552,3.25144,14.2727,0.00308388,0.00325226,0.00325226,ignore
42.3157,4.51396,13.681,0.00308388,0.00325226,0.00325226,ignore
51.7519,6.39035,18.5833,0.00308388,0.00325226,0.00325226,ignore
81.5336,14.2362,44.3268,0.00308388,0.00325226,0.00325226,sunblock-top
63.7491,38.1997,58.1962,0.00308388,0.00325226,0.00325226,sunblock-top
59.9463,39.1668,64.0335,0.00308388,0.00325226,0.00325226,sunblock-top
43.4539,19.2461,19.0779,0.00308388,0.00325226,0.00325226,ignore
49.0772,11.8068,16.0287,0.00308388,0.00325226,0.00325226,peanutbutter
48.9098,18.1159,17.8915,0.00308388,0.00325226,0.00325226,peanutbutter
65.9856,-0.176862,52.1717,0.00308388,0.00325226,0.00325226,ignore
60.6956,12.2565,22.2393,0.00308388,0.00325226,0.00325226,ignore
63.6968,2.71966,33.1877,0.00308388,0.00325226,0.00325226,peanutbutter
35.2671,5.32673,-1.78886,0.00308388,0.00325226,0.00325226,pocketbag
20.1255,3.01902,10.0373,0.00308388,0.00325226,0.00325226,ignore
14.2964,2.86577,3.91434,0.00308388,0.00325226,0.00325226,knife
16.9401,7.14054,2.13277,0.00308388,0.00325226,0.00325226,ignore
50.0537,6.68886,-9.52638,0.00308388,0.00325226,0.00325226,ignore
21.5284,4.48842,0.968323,0.00308388,0.00325226,0.00325226,ignore
48.2211,5.42039,18.2197,0.00308388,0.00325226,0.00325226,ignore
46.2758,8.51835,15.3622,0.00308388,0.00325226,0.00325226,ignore
39.4451,5.2824,12.974,0.00308388,0.00325226,0.00325226,ignore
51.6344,9.95812,16.3848,0.00308388,0.00325226,0.00325226,ignore
45.7673,6.25152,14.7586,0.00308388,0.00325226,0.00325226,ignore
44.6324,67.7542,43.8959,0.00308388,0.00325226,0.00325226,rope
35.768,49.426,30.9899,0.00308388,0.00325226,0.00325226,rope
56.3864,12.6591,20.9371,0.00308388,0.00325226,0.00325226,ignore
45.9249,18.2501,18.5634,0.00308388,0.00325226,0.00325226,peanutbutter
35.8801,7.35322,1.29644,0.00308388,0.00325226,0.00325226,pocketbag
6.79584,6.8424,-2.14181,0.00308388,0.00325226,0.00325226,ignore
9.58952,5.36543,0.377867,0.00308388,0.00325226,0.00325226,knife
76.8642,-4.06627,74.1454,0.00308388,0.00325226,0.00325226,ignore
58.5599,10.1128,47.9954,0.00308388,0.00325226,0.00325226,peanutbutter
47.9086,7.21938,21.2564,0.00308388,0.00325226,0.00325226,ignore
22.007,7.40688,-3.37452,0.00308388,0.00325226,0.00325226,ignore
49.1717,9.31977,-6.93529,0.00308388,0.00325226,0.00325226,ignore
52.629,7.6381,-1.55536,0.00308388,0.00325226,0.00325226,ignore
42.2887,5.26205,11.9954,0.00308388,0.00325226,0.00325226,ignore
35.9578,6.45315,11.1992,0.00308388,0.00325226,0.00325226,ignore
41.643,59.5575,28.6751,0.00308388,0.00325226,0.00325226,rope
44.0592,68.3718,40.8404,0.00308388,0.00325226,0.00325226,rope
46.1516,16.7899,17.4407,0.00308388,0.00325226,0.00325226,peanutbutter
37.1498,8.03422,-2.20016,0.00308388,0.00325226,0.00325226,pocketbag
11.3385,9.52551,-10.6914,0.00308388,0.00325226,0.00325226,ignore
49.4039,16.5415,16.7922,0.00308388,0.00325226,0.00325226,peanutbutter
78.0741,-2.15514,68.0055,0.00308388,0.00325226,0.00325226,ignore
51.0457,11.4678,41.2183,0.00308388,0.00325226,0.00325226,peanutbutter
47.3214,22.8074,27.2943,0.00308388,0.00325226,0.00325226,peanutbutter
21.7446,6.08224,5.31669,0.00308388,0.00325226,0.00325226,knife
51.3295,6.97437,17.5225,0.00308388,0.00325226,0.00325226,ignore
29.1625,7.25274,-2.47993,0.00308388,0.00325226,0.00325226,ignore
56.9868,8.04222,1.81125,0.00308388,0.00325226,0.00325226,ignore
38.0614,8.29848,12.622,0.00308388,0.00325226,0.00325226,ignore
42.2268,7.55805,11.8741,0.00308388,0.00325226,0.00325226,ignore
44.9017,69.3045,42.1159,0.00308388,0.00325226,0.00325226,rope
33.4755,49.7299,38.6185,0.00308388,0.00325226,0.00325226,rope
37.0849,9.64228,-3.94509,0.00308388,0.00325226,0.00325226,pocketbag
22.9291,11.8814,1.03168,0.00308388,0.00325226,0.00325226,ignore
40.1784,9.05576,10.0729,0.00308388,0.00325226,0.00325226,ignore
44.4432,21.5375,21.7041,0.00308388,0.00325226,0.00325226,peanutbutter
29.9643,7.58822,-0.122353,0.00308388,0.00325226,0.00325226,ignore
67.0836,2.67818,58.9438,0.00308388,0.00325226,0.00325226,ignore
45.3042,18.785,28.0608,0.00308388,0.00325226,0.00325226,peanutbutter
45.3042,18.785,28.0608,0.00308388,0.00325226,0.00325226,peanutbutter
17.0171,7.11335,2.69713,0.00308388,0.00325226,0.00325226,knife
50.0317,9.08157,19.1779,0.00308388,0.00325226,0.00325226,ignore
50.0938,9.55357,17.5893,0.00308388,0.00325226,0.00325226,ignore
40.6784,7.75021,9.1745,0.00308388,0.00325226,0.00325226,ignore
39.6295,8.17161,11.1186,0.00308388,0.00325226,0.00325226,ignore
40.325,5.60228,9.30988,0.00308388,0.00325226,0.00325226,ignore
47.9568,9.05443,12.5011,0.00308388,0.00325226,0.00325226,ignore
40.6951,-2.35177,25.5321,0.00308388,0.00325226,0.00325226,ignore
54.2666,10.1672,11.2499,0.00308388,0.00325226,0.00325226,ignore
47.4399,72.3755,39.9245,0.00308388,0.00325226,0.00325226,rope
38.0441,59.4284,32.3317,0.00308388,0.00325226,0.00325226,rope
37.2586,8.77216,-5.8643,0.00308388,0.00325226,0.00325226,pocketbag
25.4309,8.62849,-3.77286,0.00308388,0.00325226,0.00325226,ignore
24.8501,24.1122,16.6826,0.00308388,0.00325226,0.00325226,ignore
33.8887,6.47211,1.27756,0.00308388,0.00325226,0.00325226,ignore
48.3155,20.1987,30.3221,0.00308388,0.00325226,0.00325226,ignore
74.6961,4.31849,43.2409,0.00308388,0.00325226,0.00325226,ignore
9.04771,4.97587,-1.89098,0.00308388,0.00325226,0.00325226,knife
17.095,8.53241,-7.43112,0.00308388,0.00325226,0.00325226,ignore
49.5281,16.8854,5.96211,0.00308388,0.00325226,0.00325226,peanutbutter
52.0625,6.78631,15.3836,0.00308388,0.00325226,0.00325226,ignore
48.8046,9.84829,12.2909,0.00308388,0.00325226,0.00325226,ignore
44.9885,6.96172,10.2613,0.00308388,0.00325226,0.00325226,ignore
48.9069,71.5283,31.3563,0.00308388,0.00325226,0.00325226,rope
55.937,11.1112,13.2409,0.00308388,0.00325226,0.00325226,ignore
40.7016,62.5891,43.8283,0.00308388,0.00325226,0.00325226,rope
56.2668,12.6741,11.2746,0.00308388,0.00325226,0.00325226,ignore
58.6882,13.2045,13.2791,0.00308388,0.00325226,0.00325226,ignore
29.7693,10.4391,0.579075,0.00308388,0.00325226,0.00325226,ignore
38.9887,10.1421,-8.0439,0.00308388,0.00325226,0.00325226,pocketbag
57.4868,13.9538,-5.76824,0.00308388,0.00325226,0.00325226,ignore
54.9109,9.62993,15.0778,0.00308388,0.00325226,0.00325226,ignore
19.9757,7.76046,2.56342,0.00308388,0.00325226,0.00325226,knife
15.2203,6.87631,-8.65659,0.00308388,0.00325226,0.00325226,ignore
28.2364,5.99782,2.055,0.00308388,0.00325226,0.00325226,ignore
24.6933,7.67282,-0.214031,0.00308388,0.00325226,0.00325226,ignore
60.4936,12.2611,19.7013,0.00308388,0.00325226,0.00325226,peanutbutter
52.1799,20.2039,-1.56622,0.00308388,0.00325226,0.00325226,peanutbutter
35.2423,28.5475,18.68,0.00308388,0.00325226,0.00325226,peanutbutter
69.7653,2.44235,38.6682,0.00308388,0.00325226,0.00325226,ignore
60.0952,10.4151,-1.2305,0.00308388,0.00325226,0.00325226,ignore
58.5622,21.2192,14.6074,0.00308388,0.00325226,0.00325226,ignore
11.6752,9.85567,-11.09,0.00308388,0.00325226,0.00325226,ignore
37.2197,7.61207,13.266,0.00308388,0.00325226,0.00325226,ignore
42.2641,7.41403,12.6764,0.00308388,0.00325226,0.00325226,ignore
43.743,67.4998,42.2436,0.00308388,0.00325226,0.00325226,rope
38.9841,61.5579,42.9272,0.00308388,0.00325226,0.00325226,rope
37.0549,9.51316,-2.8436,0.00308388,0.00325226,0.00325226,pocketbag
23.4782,12.1741,-0.741466,0.00308388,0.00325226,0.00325226,ignore
34.4735,9.6687,-4.22431,0.00308388,0.00325226,0.00325226,ignore
13.2328,8.56517,1.36483,0.00308388,0.00325226,0.00325226,ignore
23.5043,10.6963,-6.56157,0.00308388,0.00325226,0.00325226,ignore
49.1809,9.84506,-0.322716,0.00308388,0.00325226,0.00325226,ignore
12.5512,6.6186,0.881721,0.00308388,0.00325226,0.00325226,knife
31.6808,10.6846,4.18036,0.00308388,0.00325226,0.00325226,ignore
52.9663,13.6436,6.77425,0.00308388,0.00325226,0.00325226,peanutbutter
69.5327,13.9463,35.5114,0.00308388,0.00325226,0.00325226,peanutbutter
42.7979,21.9372,10.3461,0.00308388,0.00325226,0.00325226,peanutbutter
48.4114,8.89589,17.9356,0.00308388,0.00325226,0.00325226,ignore
68.4883,9.33747,36.8579,0.00308388,0.00325226,0.00325226,peanutbutter
60.4127,14.4224,25.7777,0.00308388,0.00325226,0.00325226,ignore
53.1511,8.93397,1.26981,0.00308388,0.00325226,0.00325226,ignore
32.6593,5.86783,12.9728,0.00308388,0.00325226,0.00325226,ignore
44.5229,8.34121,14.6877,0.00308388,0.00325226,0.00325226,ignore
49.7105,-25.5788,26.7363,0.00308388,0.00325226,0.00325226,ignore
41.2024,-27.1471,30.5879,0.00308388,0.00325226,0.00325226,repellent
42.5268,15.2075,12.5799,0.00308388,0.00325226,0.00325226,ignore
55.6119,-22.3497,20.8475,0.00308388,0.00325226,0.00325226,ignore
26.7433,8.43149,-5.7702,0.00308388,0.00325226,0.00325226,pocketbag
10.7521,9.40251,-5.18157,0.00308388,0.00325226,0.00325226,ignore
33.7774,6.6193,-3.77499,0.00308388,0.00325226,0.00325226,pocketbag
33.6954,5.68449,-7.67992,0.00308388,0.00325226,0.00325226,pocketbag
16.4149,5.88416,-8.71065,0.00308388,0.00325226,0.00325226,ignore
79.2845,6.46027,-2.21741,0.00308388,0.00325226,0.00325226,bar-back
6.81322,3.95499,-0.0977772,0.00308388,0.00325226,0.00325226,knife
45.6496,7.85986,-2.52649,0.00308388,0.00325226,0.00325226,ignore
47.9001,11.0737,6.86093,0.00308388,0.00325226,0.00325226,peanutbutter
26.9844,20.1418,6.87835,0.00308388,0.00325226,0.00325226,peanutbutter
43.4547,6.49763,18.224,0.00308388,0.00325226,0.00325226,ignore
39.5824,7.64995,9.7449,0.00308388,0.00325226,0.00325226,ignore
48.4747,9.0178,11.4944,0.00308388,0.00325226,0.00325226,ignore
36.6774,4.51045,8.57743,0.00308388,0.00325226,0.00325226,ignore
44.4298,6.09912,9.51707,0.00308388,0.00325226,0.00325226,ignore
56.0032,-28.6911,23.4503,0.00308388,0.00325226,0.00325226,repellent
44.4003,-36.0823,31.3434,0.00308388,0.00325226,0.00325226,ignore
35.8565,-18.7032,16.3252,0.00308388,0.00325226,0.00325226,repellent
50.4175,-32.0654,31.3961,0.00308388,0.00325226,0.00325226,ignore
50.8589,-5.08158,13.514,0.00308388,0.00325226,0.00325226,repellent
35.3479,-18.1984,11.55,0.00308388,0.00325226,0.00325226,ignore
58.1025,-16.1136,20.4139,0.00308388,0.00325226,0.00325226,ignore
67.2861,-19.3614,14.1469,0.00308388,0.00325226,0.00325226,ignore
37.3452,7.99825,-3.55698,0.00308388,0.00325226,0.00325226,pocketbag
41.7346,7.98713,-14.9127,0.00308388,0.00325226,0.00325226,pocketbag
51.8972,9.36099,-15.251,0.00308388,0.00325226,0.00325226,ignore
25.2338,5.57259,-0.514691,0.00308388,0.00325226,0.00325226,ignore
21.8066,7.90228,-12.9138,0.00308388,0.00325226,0.00325226,ignore
21.1965,9.16103,2.11804,0.00308388,0.00325226,0.00325226,ignore
58.9802,11.195,10.9822,0.00308388,0.00325226,0.00325226,ignore
78.3242,7.64435,0.292104,0.00308388,0.00325226,0.00325226,bar-back
4.29224,3.70788,-2.20085,0.00308388,0.00325226,0.00325226,knife
53.1517,7.90058,14.1589,0.00308388,0.00325226,0.00325226,ignore
46.6113,8.69593,11.2813,0.00308388,0.00325226,0.00325226,ignore
40.0858,5.07402,10.6306,0.00308388,0.00325226,0.00325226,ignore
46.2182,-24.5676,26.605,0.00308388,0.00325226,0.00325226,repellent
50.7975,-16.6741,18.0603,0.00308388,0.00325226,0.00325226,repellent
67.9558,23.7754,4.78584,0.00308388,0.00325226,0.00325226,ignore
59.5985,-12.081,21.0885,0.00308388,0.00325226,0.00325226,ignore
54.2724,11.6076,13.2004,0.00308388,0.00325226,0.00325226,ignore
40.047,6.92241,-10.9693,0.00308388,0.00325226,0.00325226,pocketbag
34.9064,7.8233,-5.10385,0.00308388,0.00325226,0.00325226,pocketbag
32.0817,8.45304,-7.76687,0.00308388,0.00325226,0.00325226,pocketbag
79.3506,7.61903,1.10033,0.00308388,0.00325226,0.00325226,bar-back
15.9585,8.30002,-12.2337,0.00308388,0.00325226,0.00325226,ignore
70.4534,9.69892,-1.76543,0.00308388,0.00325226,0.00325226,bar-back
31.2225,20.9083,12.7199,0.00308388,0.00325226,0.00325226,bar-back
13.0131,5.98916,0.371411,0.00308388,0.00325226,0.00325226,knife
37.532,7.41433,11.4473,0.00308388,0.00325226,0.00325226,ignore
51.6441,7.86539,15.1067,0.00308388,0.00325226,0.00325226,ignore
55.3622,7.08292,-5.29565,0.00308388,0.00325226,0.00325226,ignore
39.5596,12.6979,8.03422,0.00308388,0.00325226,0.00325226,ignore
39.6663,8.27109,8.00179,0.00308388,0.00325226,0.00325226,ignore
47.1928,-24.3251,22.0314,0.00308388,0.00325226,0.00325226,repellent
47.4231,-37.0039,30.6588,0.00308388,0.00325226,0.00325226,ignore
68.0698,-20.9197,19.0924,0.00308388,0.00325226,0.00325226,ignore
44.3541,6.37225,9.72647,0.00308388,0.00325226,0.00325226,ignore
65.2316,18.4391,1.66313,0.00308388,0.00325226,0.00325226,ignore
41.6935,8.49386,-1.70488,0.00308388,0.00325226,0.00325226,pocketbag
32.1166,7.24467,-6.58307,0.00308388,0.00325226,0.00325226,pocketbag
17.8418,8.10765,-7.77509,0.00308388,0.00325226,0.00325226,ignore
50.7291,8.4751,-18.2707,0.00308388,0.00325226,0.00325226,pocketbag
35.0895,5.41507,-13.995,0.00308388,0.00325226,0.00325226,ignore
67.4404,9.02079,5.61252,0.00308388,0.00325226,0.00325226,bar-back
25.7365,6.13403,5.26633,0.00308388,0.00325226,0.00325226,ignore
9.45214,5.58757,-2.04781,0.00308388,0.00325226,0.00325226,knife
64.9835,14.7724,3.54969,0.00308388,0.00325226,0.00325226,bar-back
51.9129,7.51222,14.7177,0.00308388,0.00325226,0.00325226,ignore
52.2365,8.57725,-0.11993,0.00308388,0.00325226,0.00325226,ignore
61.2765,12.0404,20.4953,0.00244376,0.00244376,0.00308388,ignore
48.3461,8.21143,14.0304,0.00244376,0.00244376,0.00308388,ignore
39.6462,4.67996,10.7199,0.00244376,0.00244376,0.00308388,ignore
39.4906,6.32564,12.6352,0.00244376,0.00244376,0.00308388,ignore
47.4469,8.0386,12.5989,0.00244376,0.00244376,0.00308388,ignore
45.8659,6.04542,12.7686,0.00244376,0.00244376,0.00308388,ignore
46.6079,-32.422,30.0277,0.00244376,0.00244376,0.00308388,repellent
57.6196,-33.8359,23.9218,0.00244376,0.00244376,0.00308388,repellent
90.3251,-3.40089,1.28657,0.00244376,0.00244376,0.00308388,ignore
72.3396,-18.3753,10.0667,0.00244376,0.00244376,0.00308388,ignore
76.0238,3.42281,-4.72068,0.00244376,0.00244376,0.00308388,ignore
28.5581,-20.8842,16.6475,0.00244376,0.00244376,0.00308388,ignore
60.913,-29.323,15.5437,0.00244376,0.00244376,0.00308388,ignore
59.6905,7.9683,-3.48435,0.00244376,0.00244376,0.00308388,ignore
39.6818,7.80156,-5.99409,0.00244376,0.00244376,0.00308388,bottle-cap
60.1499,8.52384,-4.62634,0.00244376,0.00244376,0.00308388,ignore
71.0813,8.97728,-9.13026,0.00244376,0.00244376,0.00308388,ignore
86.4819,7.84223,-3.18536,0.00244376,0.00244376,0.00308388,bottle
32.2847,7.59846,-5.64494,0.00244376,0.00244376,0.00308388,pocketbag
10.9606,6.77384,-5.35222,0.00244376,0.00244376,0.00308388,ignore
32.9284,5.36346,3.25406,0.00244376,0.00244376,0.00308388,pocketbag
64.6274,9.71801,-7.83954,0.00244376,0.00244376,0.00308388,ignore
53.6865,9.877,15.423,0.00244376,0.00244376,0.00308388,ignore
12.6659,5.13287,2.28175,0.00244376,0.00244376,0.00308388,knife
46.7355,6.12965,-14.0784,0.00244376,0.00244376,0.00308388,pocketbag
50.7873,7.29034,-4.99241,0.00244376,0.00244376,0.00308388,ignore
44.2931,10.5345,13.4838,0.00244376,0.00244376,0.00308388,ignore
36.5122,9.78699,7.7173,0.00244376,0.00244376,0.00308388,ignore
45.291,11.6316,10.8101,0.00244376,0.00244376,0.00308388,ignore
34.0336,4.82488,10.0216,0.00244376,0.00244376,0.00308388,ignore
45.3647,11.2708,9.08455,0.00244376,0.00244376,0.00308388,ignore
43.914,5.71269,21.2514,0.00244376,0.00244376,0.00308388,ignore
38.2545,8.02165,9.20065,0.00244376,0.00244376,0.00308388,ignore
43.7134,7.96379,11.0875,0.00244376,0.00244376,0.00308388,ignore
44.7738,-27.5783,15.4569,0.00244376,0.00244376,0.00308388,repellent
45.9818,-32.2997,32.9168,0.00244376,0.00244376,0.00308388,repellent
43.8744,-13.3886,14.3447,0.00244376,0.00244376,0.00308388,repellent
61.8469,19.893,-2.73678,0.00244376,0.00244376,0.00308388,ignore
23.7888,-11.4666,5.31537,0.00244376,0.00244376,0.00308388,ignore
52.6842,13.733,11.8356,0.00244376,0.00244376,0.00308388,ignore
63.4594,-18.4751,15.5376,0.00244376,0.00244376,0.00308388,ignore
33.1621,10.1997,-5.73487,0.00244376,0.00244376,0.00308388,pocketbag
83.8724,10.2971,-6.05866,0.00244376,0.00244376,0.00308388,bottle
44.2954,11.3419,-4.86624,0.00244376,0.00244376,0.00308388,bottle-cap
65.9772,12.4491,3.75488,0.00244376,0.00244376,0.00308388,bottle
15.0355,7.76078,-1.12201,0.00244376,0.00244376,0.00308388,ignore
6.04462,5.63489,-1.60677,0.00244376,0.00244376,0.00308388,knife
16.7326,8.45125,-14.6875,0.00244376,0.00244376,0.00308388,ignore
54.0288,10.6062,-18.0146,0.00244376,0.00244376,0.00308388,ignore
39.2903,8.1018,-14.3711,0.00244376,0.00244376,0.00308388,ignore
48.7132,9.40104,14.6273,0.00244376,0.00244376,0.00308388,ignore
47.44,11.1255,-5.04778,0.00244376,0.00244376,0.00308388,ignore
39.5103,13.5774,10.6603,0.00244376,0.00244376,0.00308388,ignore
35.878,9.65734,6.86721,0.00244376,0.00244376,0.00308388,ignore
44.1888,10.8116,12.2252,0.00244376,0.00244376,0.00308388,ignore
35.0423,5.19548,8.67861,0.00244376,0.00244376,0.00308388,ignore
45.6394,9.84469,10.3983,0.00244376,0.00244376,0.00308388,ignore
49.7637,13.3218,10.7902,0.00244376,0.00244376,0.00308388,ignore
42.0535,8.68851,8.40462,0.00244376,0.00244376,0.00308388,ignore
47.142,-32.6038,31.1041,0.00244376,0.00244376,0.00308388,repellent
50.0522,-22.6875,12.371,0.00244376,0.00244376,0.00308388,ignore
45.869,-23.4562,27.4759,0.00244376,0.00244376,0.00308388,ignore
53.7371,35.7562,8.82034,0.00244376,0.00244376,0.00308388,ignore
49.0156,8.54415,-5.56839,0.00244376,0.00244376,0.00308388,ignore
24.3393,-13.0196,13.4824,0.00244376,0.00244376,0.00308388,repellent
54.6697,-19.1749,19.6045,0.00244376,0.00244376,0.00308388,repellent
77.3636,11.921,-2.1912,0.00244376,0.00244376,0.00308388,bottle
61.1011,11.9897,0.483704,0.00244376,0.00244376,0.00308388,bottle
7.86026,6.44682,-2.9169,0.00244376,0.00244376,0.00308388,knife
46.0544,11.6374,0.192004,0.00244376,0.00244376,0.00308388,bottle
73.3133,0.174635,61.8388,0.00244376,0.00244376,0.00308388,ignore
48.8268,40.4525,20.9828,0.00244376,0.00244376,0.00308388,ignore
48.5462,10.1248,13.1651,0.00244376,0.00244376,0.00308388,ignore
69.1435,23.1849,37.1938,0.00244376,0.00244376,0.00308388,chocolate
48.2245,44.2224,26.1305,0.00244376,0.00244376,0.00308388,chocolate
63.9524,34.9209,28.9363,0.00244376,0.00244376,0.00308388,chocolate
51.4767,9.5278,-3.77188,0.00244376,0.00244376,0.00308388,ignore
40.1759,5.62668,10.5149,0.00244376,0.00244376,0.00308388,ignore
53.4455,-25.3367,15.6891,0.00244376,0.00244376,0.00308388,repellent
50.182,-35.6249,32.9231,0.00244376,0.00244376,0.00308388,ignore
54.4962,25.7056,-3.94681,0.00244376,0.00244376,0.00308388,ignore
57.4087,-24.2861,18.7115,0.00244376,0.00244376,0.00308388,repellent
35.299,3.51321,-2.32881,0.00244376,0.00244376,0.00308388,ignore
34.7819,-17.9672,7.4843,0.00244376,0.00244376,0.00308388,ignore
47.7579,9.83468,10.4541,0.00244376,0.00244376,0.00307031,ignore
49.2799,8.2254,13.6379,0.00244376,0.00244376,0.00307031,ignore
85.3224,9.1598,-5.16426,0.00244376,0.00244376,0.00307031,bottle
17.7023,5.59593,2.11644,0.00244376,0.00244376,0.00307031,knife
73.9183,20.561,39.1344,0.00244376,0.00244376,0.00307031,chocolate
39.9137,7.7799,3.90072,0.00244376,0.00244376,0.00307031,bottle-cap
60.965,11.4205,-3.80817,0.00244376,0.00244376,0.00307031,ignore
44.2949,36.9231,16.161,0.00244376,0.00244376,0.00307031,chocolate
88.3597,-5.98655,52.5566,0.00244376,0.00244376,0.00307031,ignore
63.929,35.2048,21.6498,0.00244376,0.00244376,0.00307031,chocolate
72.3161,19.3903,45.1682,0.00244376,0.00244376,0.00307031,chocolate
58.0297,49.0138,42.5299,0.00244376,0.00244376,0.00307031,chocolate
38.4051,7.25575,9.5285,0.00244376,0.00244376,0.00307031,ignore
47.7323,8.19984,12.4612,0.00244376,0.00244376,0.00307031,ignore
41.5011,5.26604,10.7168,0.00244376,0.00244376,0.00307031,ignore
45.8768,-36.9624,36.105,0.00244376,0.00244376,0.00307031,repellent
56.5926,-29.6718,26.7803,0.00244376,0.00244376,0.00307031,repellent
42.8691,-15.8281,11.4974,0.00244376,0.00244376,0.00307031,repellent
56.4479,-27.6235,20.5644,0.00244376,0.00244376,0.00307031,repellent
45.957,7.10862,13.3547,0.00244376,0.00244376,0.00307031,ignore
52.5915,9.9523,12.0364,0.00244376,0.00244376,0.00307031,ignore
35.8,8.48932,-0.923198,0.00244376,0.00244376,0.00307031,bottle-cap
58.6481,9.93244,-9.55543,0.00244376,0.00244376,0.00307031,ignore
89.0648,6.90158,-4.54346,0.00244376,0.00244376,0.00307031,bottle
10.9818,5.4915,0.406188,0.00244376,0.00244376,0.00307031,knife
13.0477,5.38313,-7.05288,0.00244376,0.00244376,0.00307031,ignore
60.1764,30.7561,27.9584,0.00244376,0.00244376,0.00307031,chocolate
69.1348,17.0557,42.9507,0.00244376,0.00244376,0.00307031,chocolate
61.7748,27.3764,23.3833,0.00244376,0.00244376,0.00307031,chocolate
84.523,3.65913,55.3435,0.00244376,0.00244376,0.00307031,chocolate
52.5577,7.13685,-2.50165,0.00244376,0.00244376,0.00307031,ignore
58.6911,57.3874,39.0893,0.00244376,0.00244376,0.00307031,ignore
40.2055,10.8142,9.13369,0.00244376,0.00244376,0.00307031,ignore
44.2995,8.38958,12.9541,0.00244376,0.00244376,0.00307031,ignore
35.2757,4.35624,10.2679,0.00244376,0.00244376,0.00307031,ignore
43.3128,-26.2014,28.6605,0.00244376,0.00244376,0.00307031,repellent
50.7165,-31.5961,21.8515,0.00244376,0.00244376,0.00307031,repellent
53.5304,12.0006,17.2042,0.00244376,0.00244376,0.00307031,ignore
28.1359,-8.58783,-0.910644,0.00244376,0.00244376,0.00307031,ignore
69.0805,14.8068,-0.184344,0.00244376,0.00244376,0.00307031,ignore
34.6126,9.32343,10.509,0.00244376,0.00244376,0.00307031,ignore
38.3842,8.39124,3.61788,0.00244376,0.00244376,0.00307031,bottle-cap
76.8381,9.15195,-5.06825,0.00244376,0.00244376,0.00307031,bottle
48.673,9.80109,12.6138,0.00244376,0.00244376,0.00307031,ignore
45.461,6.60095,15.4145,0.00244376,0.00244376,0.00307031,ignore
5.88121,3.97404,-0.479351,0.00244376,0.00244376,0.00307031,knife
57.3764,38.9633,26.3447,0.00244376,0.00244376,0.00307031,chocolate
48.7373,33.7511,26.6772,0.00244376,0.00244376,0.00307031,chocolate
59.4778,28.1637,24.7827,0.00244376,0.00244376,0.00307031,chocolate
70.5458,6.01556,67.6593,0.00244376,0.00244376,0.00307031,chocolate
72.8834,13.7154,58.3778,0.00244376,0.00244376,0.00307031,chocolate
34.1777,14.7021,9.08849,0.00244376,0.00244376,0.00307031,ignore
44.5682,6.16504,16.1111,0.00244376,0.00244376,0.00307031,ignore
37.3639,2.42759,12.7497,0.00244376,0.00244376,0.00307031,ignore
52.4605,-17.2961,23.217,0.00244376,0.00244376,0.00307031,repellent-top
48.295,-29.1216,33.2373,0.00244376,0.00244376,0.00307031,repellent-top
44.2762,4.22502,14.2218,0.00244376,0.00244376,0.00307031,ignore
45.6405,-16.6553,31.5315,0.00244376,0.00244376,0.00307031,ignore
45.1294,-2.04057,15.9081,0.00244376,0.00244376,0.00307031,ignore
55.0551,8.4388,16.9062,0.00244376,0.00244376,0.00307031,ignore
32.8028,4.30273,8.11387,0.00244376,0.00244376,0.00307031,bottle-top
44.6646,5.50319,-1.89067,0.00244376,0.00244376,0.00307031,bottle-top
50.3106,8.0125,15.2885,0.00244376,0.00244376,0.00307031,ignore
7.51575,3.18445,0.771018,0.00244376,0.00244376,0.00307031,knife
63.6915,10.8418,24.1486,0.00244376,0.00244376,0.00307031,ignore
46.6657,4.67124,20.4216,0.00244376,0.00244376,0.00307031,ignore
53.3741,51.9171,43.6241,0.00244376,0.00244376,0.00307031,chocolate
49.588,32.7422,29.9636,0.00244376,0.00244376,0.00307031,chocolate
61.2148,25.1262,47.2312,0.00244376,0.00244376,0.00307031,chocolate
74.5358,16.3641,22.0811,0.00244376,0.00244376,0.00307031,chocolate
71.396,9.88745,55.3388,0.00244376,0.00244376,0.00307031,chocolate
52.0311,26.5409,39.6103,0.00244376,0.00244376,0.00307031,chocolate
39.4896,8.53713,12.8327,0.00244376,0.00244376,0.00307031,ignore
42.7755,7.23042,13.4512,0.00244376,0.00244376,0.00307031,ignore
51.2671,11.3894,20.5583,0.00244376,0.00244376,0.00307031,ignore
42.1868,8.85712,-9.41431,0.00244376,0.00244376,0.00307031,bottle-top
56.6407,-27.7927,24.1539,0.00244376,0.00244376,0.00307031,repellent-top
59.026,13.1051,13.1674,0.00244376,0.00244376,0.00307031,ignore
50.0978,8.98213,18.5266,0.00244376,0.00244376,0.00307031,ignore
58.8625,15.0508,25.9665,0.00244376,0.00244376,0.00307031,ignore
78.8761,13.2392,7.55863,0.00244376,0.00244376,0.00307031,bar-back
9.99933,7.02058,0.19209,0.00244376,0.00244376,0.00307031,knife
58.8492,14.0402,24.2761,0.00244376,0.00244376,0.00307031,ignore
54.6344,8.08245,-3.55807,0.00244376,0.00244376,0.00307031,ignore
36.2868,7.27342,8.03289,0.00244376,0.00244376,0.00307031,ignore
42.1554,6.21518,9.45287,0.00244376,0.00244376,0.00307031,ignore
47.4402,8.82721,-5.88556,0.00244376,0.00244376,0.00307031,bottle-top
80.1938,10.5636,-1.60152,0.00244376,0.00244376,0.00307031,ignore
55.5243,-30.3718,27.7906,0.00244376,0.00244376,0.00307031,repellent-top
47.2443,-11.5507,19.0191,0.00244376,0.00244376,0.00307031,repellent-top
5.63611,3.65047,-2.95367,0.00244376,0.00244376,0.00307031,knife
76.64,16.1499,3.34349,0.00244376,0.00244376,0.00307031,bar-back
51.7827,7.12986,16.4511,0.00244376,0.00244376,0.00307031,ignore
59.2978,12.0964,20.2206,0.00244376,0.00244376,0.00307031,ignore
52.1122,7.03545,14.9098,0.00244376,0.00244376,0.00307031,ignore
39.0112,6.68589,11.0447,0.00244376,0.00244376,0.00307031,ignore
47.3858,8.08831,13.0703,0.00244376,0.00244376,0.00307031,ignore
44.5465,6.15375,11.7657,0.00244376,0.00244376,0.00307031,ignore
43.2565,-11.4717,22.6703,0.00244376,0.00244376,0.00307031,ignore
55.3667,-36.3144,31.0649,0.00244376,0.00244376,0.00307031,repellent-top
59.0267,9.22479,11.4334,0.00244376,0.00244376,0.00307031,ignore
48.3709,7.46493,-8.81218,0.00244376,0.00244376,0.00307031,bottle-top
47.9756,9.74908,9.56062,0.00244376,0.00244376,0.00307031,bottle-top
76.9442,9.60383,7.60636,0.00244376,0.00244376,0.00307031,ignore
7.70326,4.95505,-1.91797,0.00244376,0.00244376,0.00307031,knife
84.3476,12.283,2.68697,0.00244376,0.00244376,0.00307031,bar-back
51.8157,6.77926,17.7969,0.00244376,0.00244376,0.00307031,ignore
50.4559,7.53344,0.316382,0.00244376,0.00244376,0.00307031,ignore
40.7022,9.77303,13.4784,0.00244376,0.00244376,0.00307031,ignore
44.4869,8.38714,14.3802,0.00244376,0.00244376,0.00307031,ignore
36.185,4.49365,10.6242,0.00244376,0.00244376,0.00307031,ignore
42.6825,5.84824,13.8983,0.00244376,0.00244376,0.00307031,ignore
41.2603,6.88908,-2.37394,0.00244376,0.00244376,0.00307031,bottle-top
54.1656,-18.8982,23.0548,0.00244376,0.00244376,0.00307031,repellent-top
52.1589,-35.0278,31.9542,0.00244376,0.00244376,0.00307031,repellent-top
78.5032,11.8502,-9.30194,0.00244376,0.00244376,0.00307031,ignore
82.3227,9.95525,6.62493,0.00244376,0.00244376,0.00307031,bar-back
6.56371,4.01981,-1.23627,0.00244376,0.00244376,0.00307031,knife
47.1751,6.0162,18.5498,0.00244376,0.00244376,0.00307031,ignore
37.7565,8.56606,13.8853,0.00244376,0.00244376,0.00307031,ignore
3.79348,3.35417,-0.000465326,0.00244376,0.00244376,0.00307031,bag
49.1997,7.89023,13.3583,0.00244376,0.00244376,0.00307031,ignore
39.301,5.3726,11.3785,0.00244376,0.00244376,0.00307031,ignore
42.4536,5.67288,28.4229,0.00244376,0.00244376,0.00307031,ignore
47.4511,6.5071,12.1167,0.00244376,0.00244376,0.00307031,ignore
27.4184,12.8274,17.4054,0.00244376,0.00244376,0.00307031,ignore
0.482729,1.63799,-3.13217,0.00244376,0.00244376,0.00307031,ignore
40.0802,55.5645,21.5315,0.00244376,0.00244376,0.00307031,pouch
33.0649,35.0514,8.8783,0.00244376,0.00244376,0.00307031,pouch
38.4999,35.9533,12.4596,0.00244376,0.00244376,0.00307031,pouch
9.84784,19.7609,5.01556,0.00244376,0.00244376,0.00307031,ignore
70.2353,27.0278,4.94588,0.00244376,0.00244376,0.00307031,ignore
67.2074,13.4439,-26.3604,0.00244376,0.00244376,0.00307031,battery-1.5V
50.2669,24.5535,-19.7396,0.00244376,0.00244376,0.00307031,battery-1.5V
49.5735,8.09952,15.3706,0.00244376,0.00244376,0.00307031,ignore
5.83165,6.93572,-2.48547,0.00244376,0.00244376,0.00307031,bag
36.1747,9.75668,6.34215,0.00244376,0.00244376,0.00307031,ignore
49.0657,10.913,10.3616,0.00244376,0.00244376,0.00307031,ignore
42.0102,8.05849,9.63679,0.00244376,0.00244376,0.00307031,ignore
30.0384,12.3031,10.623,0.00244376,0.00244376,0.00307031,ignore
2.38888,1.69728,-0.243086,0.00244376,0.00244376,0.00307031,ignore
72.5284,8.33731,3.65228,0.00244376,0.00244376,0.00307031,ignore
55.513,13.3907,7.29665,0.00244376,0.00244376,0.00307031,ignore
25.1993,33.0152,12.6049,0.00244376,0.00244376,0.00307031,pouch
52.5895,67.2946,23.6781,0.00244376,0.00244376,0.00307031,ignore
42.286,52.7349,16.2086,0.00244376,0.00244376,0.00307031,ignore
68.9105,29.1274,4.45974,0.00244376,0.00244376,0.00307031,ignore
42.1364,61.308,18.6383,0.00244376,0.00244376,0.00307031,pouch
35.7713,55.7243,17.9687,0.00244376,0.00244376,0.00307031,ignore
59.4063,21.4597,-30.6193,0.00244376,0.00244376,0.00307031,battery-1.5V
24.3782,32.6518,5.35535,0.00244376,0.00244376,0.00307031,ignore
43.4546,58.3513,16.0824,0.00244376,0.00244376,0.00307031,ignore
36.7604,37.5513,8.70459,0.00244376,0.00244376,0.00307031,ignore
49.0378,9.71498,13.9611,0.00244376,0.00244376,0.00307031,ignore
36.3619,7.6875,6.96373,0.00244376,0.00244376,0.00307031,ignore
48.5524,8.276,12.1612,0.00244376,0.00244376,0.00307031,ignore
5.36545,4.72252,0.125452,0.00244376,0.00244376,0.00307031,bag
39.8375,6.26989,8.01877,0.00244376,0.00244376,0.00307031,ignore
52.4099,10.7478,7.73403,0.00244376,0.00244376,0.00307031,ignore
51.0486,7.15917,15.3982,0.00244376,0.00244376,0.00307031,ignore
71.5094,27.3527,-19.1284,0.00244376,0.00244376,0.00307031,battery-1.5V
32.4493,48.4748,13.768,0.00244376,0.00244376,0.00307031,pouch
41.8338,61.0694,27.6668,0.00244376,0.00244376,0.00307031,ignore
51.0636,21.2052,-33.437,0.00244376,0.00244376,0.00307031,battery-1.5V
65.3626,12.897,-31.9109,0.00244376,0.00244376,0.00307031,battery-1.5V
26.2746,33.5793,6.19714,0.00244376,0.00244376,0.00307031,pouch
47.5436,62.1365,21.9272,0.00244376,0.00244376,0.00307031,ignore
82.4072,9.92367,-1.97753,0.00244376,0.00244376,0.00307031,ignore
18.4578,22.2782,5.01011,0.00244376,0.00244376,0.00307031,ignore
51.0905,39.7679,-0.844184,0.00244376,0.00244376,0.00307031,ignore
45.3012,52.207,17.7609,0.00244376,0.00244376,0.00307031,ignore
46.305,8.36736,10.4624,0.00244376,0.00244376,0.00307031,ignore
38.5556,2.84703,10.554,0.00244376,0.00244376,0.00307031,ignore
43.9108,5.79047,11.0927,0.00244376,0.00244376,0.00307031,ignore
6.26738,4.84697,-4.21059,0.00244376,0.00244376,0.00307031,bag
36.8349,13.4018,14.7306,0.00244376,0.00244376,0.00307031,ignore
30.2398,10.6257,5.9641,0.00244376,0.00244376,0.00307031,ignore
58.134,10.9076,7.07299,0.00244376,0.00244376,0.00307031,ignore
41.0971,57.199,14.7339,0.00244376,0.00244376,0.00307031,ignore
52.174,58.549,14.8605,0.00244376,0.00244376,0.00307031,pouch
11.057,21.7024,3.25002,0.00244376,0.00244376,0.00307031,ignore
22.3444,25.818,-2.79234,0.00244376,0.00244376,0.00307031,pouch
36.2435,46.4571,11.9972,0.00244376,0.00244376,0.00307031,pouch
52.6907,7.11573,15.2962,0.00244376,0.00244376,0.00307031,ignore
52.6907,7.11573,15.2962,0.00244376,0.00244376,0.00307031,ignore
71.6308,31.3803,1.51511,0.00244376,0.00244376,0.00307031,pouch
67.5004,19.4565,-27.3811,0.00244376,0.00244376,0.00307031,battery-1.5V
22.4527,29.3523,14.4132,0.00244376,0.00244376,0.00307031,ignore
40.1395,7.16135,9.50077,0.00244376,0.00244376,0.00307031,ignore
51.7297,9.64825,10.1303,0.00244376,0.00244376,0.00307031,ignore
42.4219,6.127,8.04134,0.00244376,0.00244376,0.00307031,ignore
4.15926,3.64513,-1.12092,0.00244376,0.00244376,0.00307031,bag
35.7282,50.6154,11.7092,0.00244376,0.00244376,0.00307031,pouch
40.1878,46.3066,10.9342,0.00244376,0.00244376,0.00307031,pouch
10.1628,21.3879,-7.36188,0.00244376,0.00244376,0.00307031,ignore
74.6098,19.1502,-4.13975,0.00244376,0.00244376,0.00307031,ignore
24.0571,10.3667,14.8423,0.00244376,0.00244376,0.00307031,ignore
10.7405,18.2702,-0.942202,0.00244376,0.00244376,0.00307031,pouch
41.7371,12.6474,23.5274,0.00244376,0.00244376,0.00307031,ignore
58.1727,25.4369,-24.0735,0.00244376,0.00244376,0.00307031,battery-1.5V
54.8902,17.3275,-20.2464,0.00244376,0.00244376,0.00307031,battery-1.5V
51.8842,6.82426,15.0234,0.00244376,0.00244376,0.00307031,ignore
50.0111,9.44247,9.65807,0.00244376,0.00244376,0.00307031,ignore
43.3052,6.44783,8.7058,0.00244376,0.00244376,0.00307031,ignore
5.11565,4.41059,0.454916,0.00244376,0.00244376,0.00307031,bag
49.3176,57.3756,11.9729,0.00244376,0.00244376,0.00307031,pouch
32.7363,48.3348,13.0037,0.00244376,0.00244376,0.00307031,pouch
36.8671,33.7537,1.78417,0.00244376,0.00244376,0.00307031,pouch
18.2755,22.5145,2.56729,0.00244376,0.00244376,0.00307031,pouch
51.0578,6.7131,14.8177,0.00244376,0.00244376,0.00307031,ignore
47.9865,31.1994,-32.7869,0.00244376,0.00244376,0.00307031,battery-1.5V
65.1434,23.1592,-26.5162,0.00244376,0.00244376,0.00307031,battery-1.5V
39.3744,7.06846,13.7126,0.00244376,0.00244376,0.00307031,ignore
43.813,8.03248,19.1527,0.00244376,0.00244376,0.00307031,ignore
36.6398,4.83163,11.3989,0.00244376,0.00244376,0.00307031,ignore
48.751,9.03698,17.067,0.00244376,0.00244376,0.00307031,ignore
45.9454,8.08989,15.2393,0.00244376,0.00244376,0.00307031,ignore
43.2337,6.42475,15.8544,0.00244376,0.00244376,0.00307031,ignore
47.3961,8.28231,14.9224,0.00244376,0.00244376,0.00307031,ignore
44.7931,63.6115,32.6538,0.00244376,0.00244376,0.00307031,ignore
12.1151,22.5207,7.83532,0.00244376,0.00244376,0.00307031,pouch-back
28.9302,42.2138,21.8507,0.00244376,0.00244376,0.00307031,pouch-back
45.6589,63.626,32.0817,0.00244376,0.00244376,0.00307031,ignore
41.4892,57.9154,26.4501,0.00244376,0.00244376,0.00307031,ignore
29.2333,8.15984,3.91097,0.00244376,0.00244376,0.00307031,lamp
19.8872,11.4175,0.31,0.00244376,0.00244376,0.00307031,lamp
23.0213,40.5099,17.7696,0.00244376,0.00244376,0.00307031,lamp
34.5194,50.712,1.31609,0.00244376,0.00244376,0.00307031,lamp
30.3819,7.60291,3.46952,0.00244376,0.00244376,0.00307031,lamp
89.7822,0.638305,0.411782,0.00244376,0.00244376,0.00307031,battery-back
30.5987,5.78992,11.0541,0.00244376,0.00244376,0.00307031,ignore
44.0641,8.24915,14.0506,0.00244376,0.00244376,0.00307031,ignore
36.6514,4.47432,12.5751,0.00244376,0.00244376,0.00307031,ignore
8.41167,15.6693,5.00126,0.00244376,0.00244376,0.00307031,pouch-back
43.1742,60.1393,27.8798,0.00244376,0.00244376,0.00307031,ignore
43.8754,60.3829,25.2555,0.00244376,0.00244376,0.00307031,ignore
42.3248,54.3787,15.0312,0.00244376,0.00244376,0.00307031,ignore
23.5395,40.0691,20.2387,0.00244376,0.00244376,0.00307031,ignore
49.0529,66.361,29.4431,0.00244376,0.00244376,0.00307031,ignore
28.1082,44.4509,19.3167,0.00244376,0.00244376,0.00307031,ignore
12.2182,14.7762,8.2547,0.00244376,0.00244376,0.00307031,lamp
30.2471,49.3537,17.2798,0.00244376,0.00244376,0.00307031,lamp
22.7245,6.47054,-0.268187,0.00244376,0.00244376,0.00307031,lamp
31.986,9.15726,-0.414947,0.00244376,0.00244376,0.00307031,lamp
94.9703,0.223229,1.59411,0.00244376,0.00244376,0.00307031,battery-back
86.886,1.03101,0.347165,0.00244376,0.00244376,0.00307031,battery-back
43.6768,5.35773,18.3385,0.00244376,0.00244376,0.00307031,ignore
71.2881,2.09829,-0.129032,0.00244376,0.00244376,0.00307031,ignore
60.2551,3.29772,0.855701,0.00244376,0.00244376,0.00307031,ignore
33.5601,6.00119,11.6648,0.0114527,0.0121741,0.0121741,ignore
9.87389,20.6894,8.30756,0.0114527,0.0121741,0.0121741,pouch
29.4925,43.6838,22.8095,0.0114527,0.0121741,0.0121741,pouch
40.9976,55.4707,27.1615,0.00951731,0.0114527,0.0121741,ignore
42.48,56.3223,22.2037,0.00951731,0.0114527,0.0121741,ignore
39.2909,55.5211,27.6003,0.00951731,0.0114527,0.0121741,ignore
43.6893,7.86358,15.533,0.00336823,0.00951731,0.0114527,ignore
41.5949,3.85329,19.2642,0.00263331,0.00336823,0.00951731,ignore
23.7925,19.7013,5.34966,0.00263331,0.00336823,0.00951731,lamp
36.4951,45.7801,18.4897,0.00263331,0.00336823,0.00951731,lamp
15.5037,5.27087,-0.576949,0.00263331,0.00336823,0.00951731,lamp
88.3308,0.838771,0.297591,0.00263331,0.00336823,0.00951731,battery-back
80.4541,2.16816,3.79413,0.00263331,0.00336823,0.00951731,battery-back
59.8595,3.93376,-5.34008,0.00263331,0.00336823,0.00951731,battery-back
40.2806,3.60257,17.7763,0.00263331,0.00336823,0.00951731,ignore
39.6836,8.61738,13.033,0.00263331,0.00336823,0.00479853,ignore
43.5287,7.95689,13.1283,0.00263331,0.00336823,0.00479853,ignore
41.8275,58.2905,25.6135,0.00263331,0.00336823,0.00479853,pouch
16.8684,28.9157,11.7022,0.00263331,0.00336823,0.00479853,pouch
47.079,66.7494,26.6506,0.00263331,0.00336823,0.00479853,ignore
25.684,38.4564,21.4035,0.00263331,0.00336823,0.00479853,ignore
47.0889,68.7198,34.1385,0.00263331,0.00336823,0.00479853,ignore
54.3219,12.2621,21.2663,0.00263331,0.00336823,0.0035168,ignore
52.5317,9.40287,19.4581,0.00263331,0.00336823,0.0035168,ignore
84.249,3.20055,5.53161,0.00263331,0.00336823,0.0035168,battery-back
7.68554,7.64448,1.26655,0.00263331,0.00336823,0.0035168,lamp
27.6764,11.2312,-0.419307,0.00263331,0.00336823,0.0035168,lamp
45.9583,51.3695,9.47609,0.00263331,0.00336823,0.0035168,lamp
43.2054,10.3333,12.0424,0.00263331,0.00336823,0.0035168,ignore
40.9255,7.2042,12.171,0.00263331,0.00336823,0.0035168,ignore
13.5717,23.3042,7.9307,0.00263331,0.00336823,0.0035168,pouch
23.2699,36.4952,21.7686,0.00263331,0.00336823,0.0035168,pouch
43.2227,61.7399,22.1231,0.00263331,0.00336823,0.0035168,ignore
38.5006,56.8427,21.6236,0.00263331,0.00336823,0.0035168,pouch
44.9975,62.5327,20.6438,0.00263331,0.00336823,0.0035168,ignore
7.5141,11.0998,0.43953,0.00263331,0.00336823,0.0035168,ignore
47.2732,7.89863,15.077,0.00263331,0.00336823,0.0035168,ignore
50.6502,10.9995,17.4185,0.00263331,0.00336823,0.0035168,ignore
91.1242,1.58009,2.7384,0.00263331,0.00336823,0.0035168,battery-back
89.0524,2.05093,-0.817707,0.00263331,0.00336823,0.0035168,battery-back
32.1839,13.6931,9.07187,0.00263331,0.00336823,0.0035168,lamp
28.9934,46.0424,12.6337,0.00263331,0.00336823,0.0035168,lamp
13.876,17.4119,7.56586,0.00263331,0.00336823,0.0035168,lamp
17.3456,9.77115,0.10605,0.00263331,0.00336823,0.0035168,lamp
52.2178,8.69527,19.5881,0.00263331,0.00336823,0.0035168,ignore
61.7698,7.43041,-5.24646,0.00263331,0.00336823,0.0035168,ignore
40.2339,9.58768,13.1709,0.00263331,0.00336823,0.0035168,ignore
43.2092,7.49591,12.9961,0.00263331,0.00336823,0.0035168,ignore
6.74088,6.71471,0.0863282,0.00263331,0.00336823,0.0035168,gloves
27.133,7.95575,-4.32903,0.00263331,0.00336823,0.0035168,gloves
69.7281,8.47247,-1.21917,0.00263331,0.00336823,0.0035168,harmonica
51.4733,8.63938,19.2666,0.00263331,0.00336823,0.0035168,ignore
31.0663,7.05395,-3.13797,0.00263331,0.00336823,0.0035168,gloves
34.9174,12.3142,19.3479,0.00263331,0.00336823,0.0035168,ignore
82.1411,2.99385,6.55473,0.00263331,0.00336823,0.0035168,battery-9V
7.46946,8.74548,-0.94648,0.00263331,0.00336823,0.0035168,gloves
25.4326,9.10727,-6.02804,0.00263331,0.00336823,0.0035168,gloves
33.1788,7.44837,-5.02607,0.00263331,0.00336823,0.0035168,ignore
51.3624,8.66963,17.341,0.00263331,0.00336823,0.0035168,ignore
57.7091,10.3105,5.98173,0.00263331,0.00336823,0.0035168,harmonica
30.7296,11.1929,6.03901,0.00263331,0.00336823,0.0035168,ignore
24.6933,9.02139,-3.54792,0.00263331,0.00336823,0.0035168,gloves
16.5034,7.49985,-4.74903,0.00263331,0.00336823,0.0035168,ignore
57.4724,8.91367,5.13457,0.00263331,0.00336823,0.0035168,harmonica
38.2695,9.84998,11.264,0.00263331,0.00336823,0.0035168,ignore
77.7303,9.96148,-5.05666,0.00263331,0.00336823,0.0035168,harmonica
51.5368,8.41819,18.706,0.00263331,0.00336823,0.0035168,ignore
19.3198,8.24579,-2.1042,0.00263331,0.00336823,0.0035168,gloves
30.6126,10.502,4.80898,0.00263331,0.00336823,0.0035168,ignore
51.4531,8.87845,18.7271,0.00263331,0.00336823,0.0035168,ignore
45.5334,10.7415,6.47868,0.00263331,0.00336823,0.0035168,harmonica
70.2166,11.4319,-7.0649,0.00263331,0.00336823,0.0035168,battery-9V
63.1734,11.468,-1.07819,0.00263331,0.00336823,0.0035168,harmonica
42.0942,10.644,10.9177,0.00263331,0.00336823,0.0035168,ignore
53.0914,7.11242,20.4368,0.00263331,0.00336823,0.0035168,ignore
40.772,6.20748,16.3282,0.00263331,0.00336823,0.0035168,ignore
18.4257,8.0329,-2.66991,0.00263331,0.00336823,0.0035168,gloves
29.9905,8.33776,-1.99182,0.00263331,0.00336823,0.0035168,ignore
53.3848,9.5455,6.4052,0.00263331,0.00336823,0.0035168,harmonica
66.1459,9.35208,-0.0718812,0.00263331,0.00336823,0.0035168,battery-9V
51.1576,8.44891,18.6816,0.00263331,0.00336823,0.0035168,ignore
51.8438,6.61185,20.1419,0.00263331,0.00336823,0.0035168,ignore
45.1896,8.68167,3.96489,0.00263331,0.00303322,0.00336823,ignore
43.8215,10.1793,12.4578,0.00263331,0.00303322,0.00336823,ignore
51.49,9.76106,4.29202,0.00263331,0.00303322,0.00336823,harmonica
51.1118,8.4409,18.6119,0.00263331,0.00303322,0.00336823,ignore
14.759,8.01542,-0.221814,0.00263331,0.00303322,0.00336823,gloves
29.6329,9.59687,-3.73858,0.00263331,0.00303322,0.00336823,gloves
25.5578,10.4492,-3.87199,0.00263331,0.00303322,0.00336823,ignore
52.9865,7.97644,20.2789,0.00263331,0.00303322,0.00315274,ignore
7.01316,7.35986,0.639934,0.00263331,0.00303322,0.00315274,gloves
27.7593,8.61023,-3.34316,0.00263331,0.00303322,0.00315274,gloves
21.7453,8.81724,0.648711,0.00263331,0.00303322,0.00315274,ignore
41.688,10.5743,12.0445,0.00263331,0.00303322,0.00315274,ignore
49.6592,7.99809,19.3711,0.00263331,0.00303322,0.00315274,ignore
70.978,7.80796,-4.73274,0.00263331,0.00303322,0.00315274,harmonica
41.6152,9.2273,7.37173,0.00263331,0.00303322,0.00315274,harmonica
42.6389,9.5786,13.4525,0.00263331,0.00303322,0.00315274,ignore
44.4186,10.3039,16.7555,0.00263331,0.00286188,0.00303322,ignore
40.1025,6.6205,12.6353,0.00263331,0.00286188,0.00303322,ignore
5.39213,6.12591,-5.12473,0.00263331,0.00286188,0.00303322,gloves
55.1903,6.62542,-4.42675,0.00263331,0.00286188,0.00303322,ignore
9.59414,5.2017,2.8495,0.00263331,0.00286188,0.00303322,gloves
27.4494,7.66156,-2.20746,0.00263331,0.00286188,0.00303322,ignore
35.6637,6.06517,-8.69216,0.00263331,0.00286188,0.00303322,ignore
41.5578,7.06211,7.84095,0.00263331,0.00286188,0.00303322,ignore
47.7852,8.61239,15.6012,0.00263331,0.00286188,0.00303322,ignore
10.9771,8.04996,3.81807,0.00263331,0.00286188,0.00303322,flashlight
66.9355,9.20596,3.83859,0.00263331,0.00286188,0.00303322,battery-9V
51.0404,8.28608,18.7791,0.00263331,0.00286188,0.00303322,ignore
89.0887,-5.57907,71.8757,0.00263331,0.00286188,0.00303322,plastic
56.3072,10.954,23.1677,0.00263331,0.00286188,0.00303322,ignore
39.0622,8.19276,12.9234,0.00263331,0.00286188,0.00303322,ignore
44.8317,10.4877,14.876,0.00263331,0.00286188,0.00303322,ignore
38.5147,7.16885,9.56686,0.00263331,0.00286188,0.00303322,ignore
43.6026,7.79527,12.0089,0.00263331,0.00286188,0.00303322,ignore
5.81642,6.63476,-5.116,0.00263331,0.00286188,0.00303322,gloves
50.7774,6.17136,-5.53258,0.00263331,0.00286188,0.00303322,gloves
28.0848,7.43529,-2.66847,0.00263331,0.00286188,0.00303322,ignore
14.9553,5.79242,1.92709,0.00263331,0.00286188,0.00303322,gloves
47.8327,8.34997,15.4437,0.00245785,0.00263331,0.00286188,ignore
10.1055,7.80565,4.36851,0.00245785,0.00263331,0.00286188,flashlight
52.0997,9.1028,19.2541,0.00245785,0.00263331,0.00286188,ignore
47.4222,11.1121,15.6567,0.00245785,0.00263331,0.00286188,ignore
40.6686,6.96831,12.4211,0.00245785,0.00263331,0.00286188,ignore
51.7846,6.56968,-8.80221,0.00245785,0.00263331,0.00286188,ignore
6.11984,7.08736,-3.70688,0.00245785,0.00263331,0.00286188,ignore
27.7632,8.10351,-3.21724,0.00245785,0.00263331,0.00286188,gloves
13.4945,5.67836,4.54408,0.00245785,0.00263331,0.00286188,gloves
47.0079,7.70384,15.2659,0.00245785,0.00263331,0.00286188,ignore
51.0611,10.8943,18.6168,0.00245785,0.00263331,0.00286188,ignore
13.2608,8.47025,3.38432,0.00245785,0.00263331,0.00286188,flashlight
50.7753,8.16211,18.9468,0.00245785,0.00263331,0.00286188,ignore
57.2876,12.0468,24.8736,0.00245785,0.00263331,0.00286188,ignore
2.00066,1.41103,-2.61713,0.00245785,0.00263331,0.00286188,gloves
35.9675,5.83564,10.4547,0.00245785,0.00263331,0.00286188,ignore
38.4298,2.911,-8.69409,0.00245785,0.00263331,0.00286188,gloves
7.68708,1.58783,1.1222,0.00245785,0.00263331,0.00286188,gloves
6.65861,3.8563,0.926878,0.00245785,0.00263331,0.00286188,flashlight
95.3441,1.47632,-2.70181,0.00245785,0.00263331,0.00286188,drawer-handle
40.9116,7.06101,-0.586963,0.00245785,0.00263331,0.00286188,ignore
43.7166,4.90406,16.3839,0.00245785,0.00263331,0.00286188,ignore
22.7818,4.80083,9.09228,0.00245785,0.00263331,0.00286188,knife
42.2223,6.68472,-0.0563274,0.00245785,0.00263331,0.00286188,ignore
37.0963,7.85337,12.2224,0.00245785,0.00263331,0.00286188,ignore
37.607,8.67558,15.6194,0.00245785,0.00263331,0.00286188,ignore
7.82995,8.34008,3.51105,0.00245785,0.00263331,0.00286188,flashlight
15.5782,6.6666,-7.47046,0.00245785,0.00263331,0.00286188,gloves
3.1914,2.85795,-3.59549,0.00245785,0.00263331,0.00286188,gloves
38.7578,6.56883,14.3212,0.00245785,0.00263331,0.00286188,ignore
6.7128,2.47464,1.81134,0.00245785,0.00263331,0.00286188,gloves
49.2493,4.99125,-10.019,0.00245785,0.00263331,0.00286188,gloves
80.8963,9.33833,-8.1571,0.00245785,0.00263331,0.00286188,drawer
92.3445,6.6172,-6.96561,0.00245785,0.00263331,0.00286188,drawer
36.7197,4.7343,-8.3577,0.00245785,0.00263331,0.00286188,ignore
97.6278,1.5656,-2.18726,0.00245785,0.00263331,0.00286188,drawer-handle
90.5539,4.149,-2.74383,0.00245785,0.00263331,0.00286188,drawer-handle
74.1215,13.2238,72.7503,0.00245785,0.00263331,0.00286188,plastic
46.2112,9.68478,4.54697,0.00245785,0.00263331,0.00286188,battery-9V
12.8561,7.75845,1.06072,0.00245785,0.00263331,0.00286188,knife
35.1747,7.73395,12.1149,0.00245785,0.00263331,0.00286188,ignore
7.21779,3.36284,1.26458,0.00245785,0.00263331,0.00286188,gloves
28.1669,4.8545,8.23653,0.00245785,0.00263331,0.00286188,gloves
43.9509,4.85172,-11.4952,0.00245785,0.00263331,0.00286188,gloves
14.2702,7.81977,7.97158,0.00245785,0.00263331,0.00286188,flashlight
20.8576,7.40801,5.10163,0.00245785,0.00263331,0.00286188,ignore
1.56027,2.17956,-3.17729,0.00245785,0.00263331,0.00286188,gloves
42.5813,7.18812,15.2291,0.00245785,0.00263331,0.00286188,ignore
88.2413,4.7961,-5.90802,0.00245785,0.00263331,0.00286188,drawer-handle
37.0827,7.02969,-1.35788,0.00245785,0.00263331,0.00286188,battery-9V
15.3133,8.72379,-3.14587,0.00245785,0.00263331,0.00286188,knife
27.5937,3.68655,26.936,0.00245785,0.00263331,0.00286188,plastic
88.8773,1.14637,-11.3721,0.00245785,0.00263331,0.00286188,drawer
66.3916,4.90891,-22.0992,0.00245785,0.00263331,0.00286188,ignore
37.4469,6.73114,10.6841,0.00245785,0.00263331,0.00286188,ignore
49.066,8.49503,14.6087,0.00245785,0.00263331,0.00286188,ignore
5.54914,5.29889,-0.262056,0.00245785,0.00263331,0.00286188,gloves
18.4164,7.69088,12.7609,0.00245785,0.00263331,0.00286188,gloves
27.8729,6.66368,-3.59041,0.00245785,0.00263331,0.00286188,gloves
8.66381,7.30956,5.06656,0.00245785,0.00263331,0.00286188,flashlight
19.027,7.87747,5.76114,0.00245785,0.00263331,0.00286188,flashlight
38.8831,11.3976,7.03036,0.00245785,0.00263331,0.00286188,ignore
63.2933,7.26697,-0.943913,0.00245785,0.00263331,0.00286188,battery-9V
93.8629,0.951416,-5.17479,0.00245785,0.00263331,0.00286188,drawer-handle
67.5998,3.48584,-1.77325,0.00245785,0.00263331,0.00286188,ignore
53.9492,6.82421,17.8123,0.00245785,0.00263331,0.00286188,ignore
24.2955,8.24915,-2.83036,0.00245785,0.00263331,0.00286188,knife
91.9945,-12.546,68.7384,0.00245785,0.00263331,0.00286188,plastic
87.6916,1.1274,-11.9863,0.00245785,0.00263331,0.00286188,drawer
42.7912,7.42942,13.1666,0.00245785,0.00263331,0.00286188,ignore
45.772,7.98993,14.3878,0.00245785,0.00263331,0.00286188,ignore
72.2563,5.61311,-22.6659,0.00245785,0.00263331,0.00286188,ignore
5.82827,6.2449,-1.35979,0.00245785,0.00263331,0.00286188,gloves
25.0046,6.32119,-3.15168,0.00245785,0.00263331,0.00286188,gloves
70.0958,3.159,-18.6981,0.00245785,0.00263331,0.00286188,ignore
13.0237,8.11509,8.95587,0.00245785,0.00263331,0.00286188,flashlight
22.1538,7.47893,-1.94289,0.00245785,0.00263331,0.00286188,flashlight
48.5051,10.0268,11.3459,0.00245785,0.00263331,0.00286188,ignore
77.4458,4.995,-6.06705,0.00245785,0.00263331,0.00286188,ignore
92.2875,0.878759,-4.74922,0.00245785,0.00263331,0.00286188,drawer-handle
86.6699,-7.52508,69.3453,0.00245785,0.00263331,0.00286188,plastic
25.5067,9.02011,-3.55706,0.00245785,0.00263331,0.00286188,knife
93.9678,-13.1628,65.1727,0.00245785,0.00263331,0.00286188,plastic
52.9816,6.1735,18.5209,0.00245785,0.00263331,0.00286188,ignore
80.6603,6.965,-6.87473,0.00245785,0.00263331,0.00286188,drawer-open
80.3556,7.29333,-6.56176,0.00245785,0.00263331,0.00286188,drawer-handle
96.88,1.1799,-1.19276,0.00245785,0.00263331,0.00286188,drawer-handle
51.978,5.72474,17.7917,0.00245785,0.00263331,0.00286188,ignore
41.8246,9.52905,12.6467,0.00646143,0.014288,0.0261319,ignore
2.5192,2.54474,-0.938492,0.00646143,0.014288,0.0261319,bag
32.6906,11.0436,12.4684,0.00646143,0.014288,0.0261319,ignore
34.0072,21.4399,-12.2129,0.00646143,0.014288,0.0220163,battery-1.5V
41.2315,15.8409,-18.7668,0.00646143,0.014288,0.0212687,battery-1.5V
42.1024,12.7851,15.9612,0.00646143,0.014288,0.0212687,ignore
77.6463,10.1647,-14.5938,0.00646143,0.014288,0.0212687,ignore
75.1143,9.49466,-14.4033,0.00646143,0.0106056,0.014288,drawer
50.072,2.04169,10.526,0.00646143,0.0106056,0.014288,ignore
40.623,-5.1754,2.25382,0.00646143,0.0106056,0.014288,repellent
37.5299,34.2239,2.41097,0.00646143,0.0106056,0.014288,ignore
38.5223,8.77764,-12.0081,0.00646143,0.0106056,0.014288,bottle-cap
32.8156,-23.7128,14.6291,0.00646143,0.0106056,0.014288,repellent
19.9473,7.80695,-1.44747,0.00646143,0.0106056,0.014288,lamp
30.2552,-4.73539,1.87897,0.00646143,0.0106056,0.014288,repellent
42.4318,-15.7558,6.95201,0.00646143,0.0106056,0.014288,repellent
98.9156,0.642404,-0.848003,0.00646143,0.0106056,0.0132828,drawer-handle
24.2071,24.1318,17.1501,0.00646143,0.0106056,0.0132828,pouch
81.5863,8.75647,-7.50266,0.00646143,0.0106056,0.0132828,drawer-handle
63.8784,9.26975,3.30855,0.00646143,0.0106056,0.0132828,harmonica
80.4058,7.08407,5.57755,0.00646143,0.0106056,0.0132828,harmonica
43.5812,-26.9324,14.8792,0.00646143,0.0106056,0.0132828,repellent
33.2632,43.5052,15.3867,0.00646143,0.0106056,0.0132828,pouch
40.8511,59.6686,26.1413,0.00646143,0.0106056,0.0132828,pouch
17.533,26.0528,6.87706,0.00646143,0.0106056,0.0132828,pouch
70.329,23.2499,4.67931,0.00646143,0.0106056,0.0106182,ignore
27.8737,30.7906,-43.8807,0.00646143,0.0106056,0.0106182,sunblock-cap
61.9035,45.2742,44.0741,0.00646143,0.0106056,0.0106182,sunblock
63.6393,31.7298,15.7514,0.00646143,0.0106056,0.0106182,sunblock
42.6591,45.7108,16.7589,0.00646143,0.0106056,0.0106182,pouch
52.7096,62.2448,16.1525,0.00646143,0.0106056,0.0106182,ignore
57.5269,30.775,20.3103,0.00646143,0.0106056,0.0106182,ignore
60.7493,14.2412,-11.9635,0.00646143,0.0106056,0.0106182,ignore
79.2396,1.97701,-27.2975,0.00646143,0.0106056,0.0106182,poncho
50.262,47.6493,53.5731,0.00646143,0.0106056,0.0106182,ignore
57.7926,57.8092,13.0793,0.00646143,0.00902984,0.0106056,ignore
51.8289,8.48865,18.6822,0.00646143,0.00894641,0.00902984,ignore
53.0827,40.4506,35.6058,0.00646143,0.00894641,0.00902984,peanutbutter
52.2213,27.3061,10.7325,0.00646143,0.00894641,0.00902984,peanutbutter
68.8674,16.1432,56.5808,0.00646143,0.00894641,0.00902984,peanutbutter
58.1262,36.9952,34.9032,0.00646143,0.00894641,0.00902984,peanutbutter
63.8764,18.2167,27.7289,0.00646143,0.00894641,0.00902984,peanutbutter
93.4375,0.397243,-8.57564,0.00646143,0.00788653,0.00894641,drawer
81.4229,5.68534,-17.6277,0.00646143,0.00788653,0.00894641,drawer
40.3144,8.70595,12.5295,0.00646143,0.00788653,0.00791242,ignore
3.16378,2.97561,-0.526754,0.00646143,0.00788653,0.00791242,bag
35.1417,18.7106,-18.2379,0.00646143,0.00788653,0.00791242,battery-1.5V
79.8019,8.96913,-8.49163,0.00646143,0.00788653,0.00791242,drawer-open
53.8062,8.64258,11.9413,0.00646143,0.00788653,0.00791242,ignore
39.5152,9.74471,-10.4599,0.00646143,0.00788653,0.00791242,bottle-cap
37.4195,-19.6079,11.2217,0.00646143,0.00788653,0.00791242,repellent
27.8815,47.7955,12.7893,0.00646143,0.00788653,0.00791242,ignore
36.4802,-24.5322,7.61519,0.00646143,0.00788653,0.00791242,ignore
14.3689,10.7024,-0.0946413,0.00646143,0.00788653,0.00791242,lamp
32.792,-26.6227,16.7362,0.00646143,0.00788653,0.00791242,repellent
22.4232,-8.10663,3.26349,0.00646143,0.00788653,0.00791242,repellent
52.0674,-16.7171,8.48083,0.00646143,0.00788653,0.00791242,repellent
78.8453,9.49879,-6.91665,0.00646143,0.00788653,0.00791242,drawer-handle
99.0876,0.724593,-0.76904,0.00646143,0.00788653,0.00791242,drawer-handle
39.8026,52.2539,24.1842,0.00646143,0.00788653,0.00791242,pouch
64.7527,9.08051,-3.18269,0.00646143,0.00788653,0.00791242,harmonica
74.3978,8.11319,5.43967,0.00646143,0.00788653,0.00791242,harmonica
21.8078,21.4569,11.5132,0.00646143,0.00788653,0.00791242,ignore
17.8277,24.2682,3.64851,0.00646143,0.00788653,0.00791242,ignore
70.8146,26.3549,5.75839,0.00646143,0.00681627,0.00788653,ignore
37.5459,55.5386,24.3714,0.00646143,0.00681627,0.00788653,ignore
28.3747,30.0537,-39.7741,0.00646143,0.00681627,0.00788653,sunblock-cap
60.4359,40.3782,27.7644,0.00646143,0.00681627,0.00788653,sunblock
55.8808,48.6017,53.902,0.00646143,0.00681627,0.00788653,sunblock
71.7487,29.8197,31.4801,0.00646143,0.00681627,0.00788653,sunblock
57.9263,15.4762,-39.5417,0.00646143,0.00681627,0.00788653,ignore
79.8347,0.778586,-25.5393,0.00646143,0.00681627,0.00788653,poncho
50.898,8.15346,18.0772,0.00536876,0.00646143,0.00681627,ignore
52.6363,49.8973,44.9,0.00536876,0.00646143,0.00681627,ignore
56.7341,29.5155,31.1488,0.00536876,0.00646143,0.00681627,peanutbutter
70.5643,10.4806,58.0713,0.00536876,0.00646143,0.00681627,peanutbutter
69.7327,15.88,47.9269,0.00536876,0.00646143,0.00681627,peanutbutter
49.012,6.26471,13.3293,0.00915423,0.0759014,0.231422,ignore
45.1701,6.09792,13.0454,0.00915423,0.0122391,0.0759014,ignore
4.17606,2.78185,-1.06048,0.00915423,0.0122391,0.0136896,bag
28.5833,8.88724,11.48,0.00915423,0.0122391,0.0136896,ignore
51.251,2.89448,-3.02242,0.00915423,0.0122391,0.0136896,ignore
43.8349,15.7479,-15.727,0.00915423,0.0122391,0.0136896,battery-1.5V
48.3792,13.1023,-18.1728,0.00915423,0.0122391,0.0136896,battery-1.5V
36.0399,4.78812,-12.4353,0.00915423,0.0122391,0.0136896,bopt
36.0399,4.78812,-12.4353,0.00915423,0.0122391,0.0136896,bottle-cap
53.5274,6.91581,7.38799,0.00915423,0.0122391,0.0136896,ignore
68.3047,6.70909,-8.39929,0.00915423,0.0122391,0.0136896,bottle-top
19.825,8.98898,-2.29063,0.00915423,0.0122391,0.0136896,lamp
38.7428,47.0807,11.0981,0.00915423,0.0122391,0.0136896,lamp
27.5522,47.249,21.1822,0.00915423,0.0122391,0.0136896,lamp
94.0682,1.65629,-2.92103,0.00915423,0.0122391,0.0136896,drawer
63.398,5.06598,9.84663,0.00915423,0.0122391,0.0136896,ignore
97.4217,0.649232,-1.97541,0.00915423,0.0122391,0.0136896,drawer
47.9265,57.6621,23.0286,0.00915423,0.0106381,0.0122391,pouch
56.0616,4.42191,18.7353,0.00915423,0.0106381,0.0122391,harmonica
65.9659,6.48229,4.59322,0.00915423,0.0106381,0.0122391,harmonica
50.5921,-23.7169,11.6925,0.00915423,0.0106381,0.0122391,repellent
80.1696,8.43636,-4.19485,0.00915423,0.00958428,0.0106381,drawer-open
44.7035,-26.9984,18.2568,0.00786276,0.00915423,0.00958428,repellent
49.1125,-25.8804,18.7755,0.00786276,0.00915423,0.00958428,repellent
77.7453,5.33055,-5.02538,0.00786276,0.00915423,0.00958428,ignore
39.5976,-7.52824,7.91785,0.00786276,0.00915423,0.00958428,repellent
55.9845,-14.4987,-0.665432,0.00556724,0.00786276,0.00915423,ignore
87.4958,-4.31498,-18.4642,0.00556724,0.00786276,0.00855563,poncho
35.1151,26.5678,-38.7594,0.00556724,0.00786276,0.00855563,sunblock-cap
57.6377,48.4214,46.0962,0.00556724,0.00786276,0.00855563,sunblock
70.721,34.3653,24.1181,0.00556724,0.00786276,0.00855563,sunblock
66.3918,17.3074,-4.14897,0.00556724,0.00786276,0.00855563,sunblock
