l,a,b,p,v,label
86.2846,2.5736,-13.73,8.244536,0.258815219,drawer
29.5268,3.42339,-6.27106,8.244536,0.258815219,bottle
2.90448,2.32729,-0.887473,8.244536,0.258815219,bag
5.29238,5.67954,-0.269305,8.244536,0.258815219,knife
64.2552,8.44571,-2.17713,8.244536,0.258815219,bottle
88.3005,4.40466,-14.4138,8.244536,0.258815219,drawer
68.6641,9.77221,0.458688,8.244536,0.258815219,bottle
64.2396,5.51144,-12.8416,8.244536,0.258815219,stove
44.1216,4.94365,-4.50471,8.244536,0.258815219,stove
29.2563,7.3471,3.21899,8.244536,0.258815219,stove
49.0081,5.1857,-6.87745,8.244536,0.258815219,stove
30.573,4.80586,-2.63761,8.244536,0.258815219,stove
27.5513,21.6942,-27.9114,8.244536,0.258815219,sunblock
58.6871,44.4319,34.3603,8.244536,0.258815219,sunblock
62.6292,42.1455,41.4363,8.244536,0.258815219,sunblock
86.5894,2.08106,-10.1002,5.864184,0.1167021959,drawer
58.5132,8.39286,-13.1516,5.864184,0.1167021959,stove
88.9608,-6.82818,79.1202,5.864184,0.1167021959,plastic
70.5655,5.33809,-2.85314,5.864184,0.1167021959,stove
66.1976,4.55236,-4.9594,5.864184,0.1167021959,drawer
50.4414,33.8105,41.5992,5.864184,0.1167021959,sunblock
45.4766,-26.6443,31.4827,5.864184,0.1167021959,repellent
47.304,-26.0767,13.2148,5.864184,0.1167021959,repellent
59.8315,-33.9425,31.4315,5.864184,0.1167021959,repellent
66.7641,30.7999,35.8278,5.864184,0.1167021959,sunblock
57.2278,23.9024,1.63782,5.864184,0.1167021959,repellent
52.0131,6.57929,10.3166,5.864184,0.1167021959,repellent
20.8316,9.59948,2.15693,5.33044,0.0848363318,lamp
14.2678,17.0474,1.86801,5.33044,0.0848363318,lamp
44.2609,67.2823,39.9587,5.33044,0.0848363318,brush
34.6361,8.56277,0.184957,5.33044,0.0848363318,burner
56.3263,9.56836,-9.55884,5.33044,0.0848363318,burner
49.6543,7.05771,-15.8915,5.33044,0.0848363318,poncho
62.4619,7.0525,-39.4097,5.33044,0.0848363318,poncho
33.5027,50.0813,8.83696,5.33044,0.0848363318,lamp
21.9687,15.2213,-4.93497,5.33044,0.0848363318,lamp
46.9018,67.1208,17.5013,5.33044,0.0848363318,brush
69.8882,6.94814,-39.3976,5.33044,0.0848363318,poncho
82.3148,0.655046,-6.9192,5.33044,0.0848363318,poncho
41.417,47.3264,17.4082,5.33044,0.0848363318,pouch
6.34796,13.2957,1.23698,5.33044,0.0848363318,pouch
21.9299,28.1446,2.05964,5.33044,0.0848363318,pouch
53.5287,10.0175,-40.9279,5.33044,0.0848363318,poncho
73.9915,14.4581,2.55633,5.33044,0.0848363318,pouch
35.1083,51.2022,20.1826,5.33044,0.0848363318,pouch
33.2205,41.2375,10.9279,5.33044,0.0848363318,pouch
43.9058,32.3423,1.22639,5.33044,0.0848363318,pouch
85.7509,2.74317,-14.0697,17.491488,1.9084155872,drawer
61.6795,4.92216,-19.3931,17.491488,1.9084155872,drawer
35.6071,4.69505,-4.35226,17.491488,1.9084155872,bottle
2.47334,1.93473,-0.378709,10.112112,0.5983866216,bag
66.3256,8.07586,-0.392505,10.112112,0.5983866216,bottle
2.42451,3.122,-0.868652,10.112112,0.5983866216,knife
88.3259,4.63815,-14.0396,10.112112,0.5983866216,drawer
43.3443,4.70895,-4.56531,10.112112,0.5983866216,stove
23.3217,4.39987,1.67453,10.112112,0.5983866216,stove
61.3655,3.77016,-8.71877,10.112112,0.5983866216,stove
38.8515,5.31672,1.92297,10.112112,0.5983866216,stove
35.1029,8.7106,2.69091,10.112112,0.5983866216,stove
88.6274,1.58313,-8.57013,10.112112,0.5983866216,drawer
20.7796,3.7075,0.807051,10.112112,0.5983866216,stove
72.0831,6.84627,-9.42091,10.112112,0.5983866216,drawer
53.3407,4.17114,-0.382222,10.112112,0.5983866216,stove
62.8508,4.71616,-0.936937,10.112112,0.5983866216,stove
33.6737,22.5962,-9.71902,10.112112,0.5983866216,sunblock
63.5203,39.8766,41.9173,10.112112,0.5983866216,sunblock
91.1057,2.35826,0.328436,10.112112,0.5983866216,stove
59.1355,50.5538,-1.12672,10.112112,0.5983866216,sunblock
52.356,-24.5149,28.586,10.112112,0.5983866216,repellent
50.5676,6.5068,-8.26898,10.112112,0.5983866216,stove
87.6236,-3.90745,77.1162,8.164316,0.2526027533,plastic
34.1334,-15.1491,13.6101,8.164316,0.2526027533,repellent
70.8155,13.1703,5.58881,8.133504,0.250293682,repellent
31.3168,-29.6442,24.3345,8.133504,0.250293682,repellent
48.1031,-33.0028,40.0633,8.133504,0.250293682,repellent
68.6661,-23.5851,23.3949,8.133504,0.250293682,repellent
43.1608,66.1428,38.5193,8.133504,0.250293682,brush
22.6955,9.18571,4.42554,8.133504,0.250293682,burner
30.5388,9.04342,-6.35372,8.133504,0.250293682,burner
18.2494,9.98091,3.82749,8.133504,0.250293682,burner
57.2201,5.05057,-3.8759,8.133504,0.250293682,poncho
16.8493,11.2523,4.79152,8.133504,0.250293682,lamp
19.2076,16.9261,7.22843,8.133504,0.250293682,lamp
31.1425,48.0995,17.6029,8.133504,0.250293682,lamp
52.1047,10.3663,-28.9166,8.133504,0.250293682,poncho
63.3027,11.1849,-50.2765,8.133504,0.250293682,poncho
46.145,71.0633,46.2632,8.133504,0.250293682,brush
46.6178,66.0535,22.7298,8.133504,0.250293682,brush
50.3467,59.3504,22.2579,8.133504,0.250293682,pouch
67.8285,24.2183,3.41799,8.133504,0.250293682,pouch
75.2975,0.807283,-28.0364,8.133504,0.250293682,poncho
92.4838,-2.80384,-5.82698,8.133504,0.250293682,poncho
36.1513,45.5209,33.643,8.133504,0.250293682,brush
39.3454,52.0625,16.2315,8.133504,0.250293682,pouch
14.2527,27.6835,8.3913,8.133504,0.250293682,pouch
30.8332,26.4509,-1.42472,8.133504,0.250293682,pouch
30.9619,27.6516,12.5492,8.133504,0.250293682,pouch
86.0199,2.56801,-13.8126,5.993668,0.0995836347,drawer
62.0792,3.95931,-21.934,5.993668,0.0995836347,drawer
33.6182,5.5975,-6.13349,5.993668,0.0995836347,bottle
2.88152,2.09911,-0.639306,5.993668,0.0995836347,bag
80.9447,4.46469,-13.8834,5.993668,0.0995836347,drawer
69.3333,4.09875,-16.0292,5.993668,0.0995836347,drawer
66.3888,9.0693,0.658297,5.993668,0.0995836347,bottle
3.98637,4.72877,-1.46549,5.993668,0.0995836347,knife
8.70705,6.85728,-1.07348,5.993668,0.0995836347,bag
47.8228,4.53911,-5.50582,5.993668,0.0995836347,stove
24.572,5.71433,-2.04902,5.993668,0.0995836347,stove
45.0976,4.70303,-6.17078,5.993668,0.0995836347,stove
37.8555,5.72686,-1.70605,5.993668,0.0995836347,stove
73.0587,5.33676,-9.89845,5.993668,0.0995836347,stove
94.671,0.731711,-7.42081,5.993668,0.0995836347,drawer
28.4585,24.5147,-33.146,5.993668,0.0995836347,sunblock
40.3062,3.98083,3.61582,5.993668,0.0995836347,stove
21.8661,10.6625,10.6753,5.993668,0.0995836347,stove
74.4957,5.86505,-11.3201,5.993668,0.0995836347,drawer
61.5651,41.6397,44.781,5.993668,0.0995836347,sunblock
60.5991,48.2401,27.8184,5.993668,0.0995836347,sunblock
62.6393,40.0857,43.4857,5.993668,0.0995836347,sunblock
75.1662,2.31081,-9.18111,5.993668,0.0995836347,drawer
62.3658,4.09367,-5.33383,5.993668,0.0995836347,stove
52.5106,32.1604,43.3461,5.993668,0.0995836347,sunblock
87.9529,3.76195,-5.95809,5.993668,0.0995836347,stove
38.3582,-21.6935,29.0941,5.993668,0.0995836347,repellent
90.0848,-8.2078,81.1487,4.441416,0.0504774835,plastic
54.7777,-36.6208,35.3758,4.441416,0.0504774835,repellent
56.137,-25.3898,20.6563,4.441416,0.0504774835,repellent
68.1392,7.48019,-9.12301,4.441416,0.0504774835,stove
26.4473,4.05897,-3.81113,4.441416,0.0504774835,stove
49.6355,-35.9505,41.4461,4.441416,0.0504774835,repellent
46.6903,6.84958,-4.5233,4.441416,0.0504774835,stove
66.806,5.38319,1.96734,4.441416,0.0504774835,stove
56.1135,17.3789,1.10837,4.441416,0.0504774835,repellent
55.6002,-19.3362,23.9884,4.441416,0.0504774835,repellent
41.4768,5.12837,3.98464,4.441416,0.0504774835,repellent
73.6447,26.7326,39.3622,4.441416,0.0504774835,sunblock
52.4388,5.95221,-20.1192,4.441416,0.0504774835,poncho
38.2335,7.07226,-2.13176,4.441416,0.0504774835,burner
44.9098,66.4249,38.0914,4.441416,0.0504774835,brush
63.6329,9.19931,-46.4155,4.441416,0.0504774835,poncho
23.3336,10.2341,3.60502,4.441416,0.0504774835,burner
47.4749,8.57237,-7.26323,4.441416,0.0504774835,burner
19.0056,15.2895,-0.494702,4.441416,0.0504774835,lamp
62.4204,11.0825,-41.6218,4.441416,0.0504774835,poncho
76.1595,2.13774,-10.8413,4.441416,0.0504774835,poncho
44.5139,68.8672,39.1335,4.441416,0.0504774835,brush
9.96295,16.7555,4.54893,4.441416,0.0504774835,pouch
25.4258,27.6508,5.67777,4.441416,0.0504774835,pouch
48.2007,55.8301,15.0284,4.441416,0.0504774835,pouch
36.8963,52.7411,23.5391,4.441416,0.0504774835,lamp
75.4887,14.8904,-3.35759,4.441416,0.0504774835,pouch
46.5323,58.0515,24.77,4.441416,0.0504774835,pouch
37.7495,51.6309,18.3952,4.441416,0.0504774835,pouch
44.6181,24.0078,12.0426,4.441416,0.0504774835,pouch
85.5853,2.64522,-14.0454,4.441416,0.0504774835,drawer
59.5092,5.53281,-20.8891,4.441416,0.0504774835,drawer
5.56579,5.95561,1.6421,4.441416,0.0504774835,knife
2.3178,1.88149,-1.0497,4.441416,0.0504774835,bag
32.9912,5.37149,-4.69008,4.441416,0.0504774835,bottle
67.4516,4.62794,-17.3184,4.441416,0.0504774835,drawer
68.5956,9.19095,-1.38718,4.441416,0.0504774835,bottle
88.7716,3.96327,-14.1796,4.441416,0.0504774835,drawer
64.6977,3.67549,-8.95714,4.441416,0.0504774835,stove
42.9318,4.84701,-5.89523,4.441416,0.0504774835,stove
30.4663,4.175,-5.22804,4.441416,0.0504774835,stove
52.4654,6.0927,-3.99851,4.441416,0.0504774835,stove
69.3201,5.76761,-13.9105,4.441416,0.0504774835,stove
94.4695,0.586723,-7.42069,4.441416,0.0504774835,drawer
73.529,4.87124,-13.5127,4.441416,0.0504774835,drawer
22.5793,41.0681,-63.6218,4.441416,0.0504774835,sunblock
65.8781,6.15899,-10.2636,4.441416,0.0504774835,stove
62.2806,42.5836,41.1248,4.441416,0.0504774835,sunblock
82.3446,2.57749,80.7338,4.441416,0.0504774835,plastic
47.7152,23.4637,31.0885,4.441416,0.0504774835,sunblock
64.941,45.3846,44.9321,4.441416,0.0504774835,sunblock
71.1916,25.4481,25.7319,4.441416,0.0504774835,sunblock
59.7952,21.0899,-1.21332,4.441416,0.0504774835,sunblock
59.2951,39.4454,22.6473,4.441416,0.0504774835,sunblock
65.2408,39.4556,59.5436,4.441416,0.0504774835,sunblock
49.8213,-18.9175,28.2237,4.441416,0.0504774835,repellent
49.8213,-18.9175,28.2237,4.441416,0.0504774835,repellent
36.4932,-29.6764,32.2207,4.441416,0.0504774835,repellent
58.8358,-27.8518,27.3852,4.441416,0.0504774835,repellent
59.6356,-34.6744,40.3167,4.441416,0.0504774835,repellent
44.5725,-16.2434,30.9032,4.441416,0.0504774835,repellent
77.6864,15.8446,25.0733,4.441416,0.0504774835,sunblock
33.9155,7.93298,-0.766524,4.441416,0.0504774835,burner
42.1002,60.4235,34.4187,4.441416,0.0504774835,brush
6.70121,12.2994,1.98916,4.441416,0.0504774835,lamp
49.1482,7.74304,-8.48897,4.441416,0.0504774835,burner
56.0722,9.26963,-24.1345,4.441416,0.0504774835,poncho
64.4731,7.33495,-42.5952,4.441416,0.0504774835,poncho
24.6896,8.45499,3.018,4.441416,0.0504774835,lamp
29.3583,30.384,5.58151,4.441416,0.0504774835,lamp
22.009,10.5659,9.52855,4.441416,0.0504774835,lamp
5.84376,12.3004,2.24167,4.441416,0.0504774835,pouch
54.3077,58.8443,15.1568,4.441416,0.0504774835,pouch
37.1386,46.8395,19.0102,4.441416,0.0504774835,pouch
23.9608,29.5019,4.72363,4.441416,0.0504774835,pouch
85.5513,2.55284,-14.8642,4.441416,0.0504774835,drawer
66.9024,6.37805,-20.8377,4.441416,0.0504774835,drawer
9.79845,8.5675,2.7451,4.441416,0.0504774835,knife
32.6136,6.3441,-8.01126,4.441416,0.0504774835,bottle
2.31734,1.93416,-0.23294,4.441416,0.0504774835,bag
59.9481,8.76211,2.80618,4.441416,0.0504774835,bottle
70.8156,8.75107,-1.61443,4.441416,0.0504774835,bottle
45.4746,5.46272,-3.12167,4.441416,0.0504774835,stove
43.4351,4.3487,-4.94237,4.441416,0.0504774835,stove
68.4429,7.62937,-7.05796,4.441416,0.0504774835,stove
94.7493,0.0561617,-6.58702,4.441416,0.0504774835,drawer
77.2776,3.97546,-12.4433,4.441416,0.0504774835,drawer
80.8247,8.69608,81.2678,4.441416,0.0504774835,plastic
88.1039,2.75579,-8.62619,4.441416,0.0504774835,drawer
52.1116,-41.279,42.5117,4.441416,0.0504774835,repellent
59.4806,42.5659,42.2629,4.441416,0.0504774835,sunblock
27.2774,39.217,-60.2636,4.441416,0.0504774835,sunblock
70.9458,34.6231,37.9962,4.441416,0.0504774835,sunblock
53.6082,37.5444,19.488,4.441416,0.0504774835,sunblock
52.0606,-32.8015,34.8834,4.441416,0.0504774835,repellent
67.4584,29.3926,25.7489,4.441416,0.0504774835,sunblock
38.307,-16.3533,23.3141,4.441416,0.0504774835,repellent
50.2245,-18.5326,26.1599,4.441416,0.0504774835,repellent
63.3783,25.2669,17.5745,4.441416,0.0504774835,repellent
57.5408,-27.8296,20.5308,4.441416,0.0504774835,repellent
57.5408,-27.8296,20.5308,4.441416,0.0504774835,repellent
57.9084,29.6831,36.16,4.441416,0.0504774835,sunblock
24.0767,8.12912,-2.08215,4.441416,0.0504774835,burner
42.8747,63.2862,32.3888,4.441416,0.0504774835,brush
60.1729,9.71747,-43.6285,4.441416,0.0504774835,poncho
17.3465,9.72857,4.13102,4.441416,0.0504774835,lamp
23.518,35.647,12.7431,4.441416,0.0504774835,lamp
27.7428,34.2021,4.98595,4.441416,0.0504774835,pouch
31.634,47.2391,17.9059,4.441416,0.0504774835,pouch
55.8795,0.106343,-10.1275,4.441416,0.0504774835,poncho
10.4756,20.2406,1.17268,4.441416,0.0504774835,pouch
84.1288,0.996281,-15.4289,4.441416,0.0504774835,poncho
39.4932,44.636,10.5405,4.441416,0.0504774835,pouch
46.582,46.0965,12.4954,4.441416,0.0504774835,pouch
85.9187,2.7753,-14.5525,4.441416,0.0504774835,drawer
10.4367,8.52082,1.63324,4.441416,0.0504774835,knife
38.5363,6.47216,-5.89721,4.441416,0.0504774835,bottle
2.26825,1.84976,-0.321289,4.441416,0.0504774835,bag
71.2885,8.28649,-2.46932,4.441416,0.0504774835,bottle
41.4013,4.62991,-4.06627,4.441416,0.0504774835,stove
88.9501,1.37852,-9.15695,4.441416,0.0504774835,drawer
79.6884,8.56091,79.2163,4.441416,0.0504774835,plastic
51.0816,-35.3494,35.0502,4.441416,0.0504774835,repellent
25.4653,34.6581,-52.2697,4.441416,0.0504774835,sunblock
59.4765,42.4101,39.289,4.441416,0.0504774835,sunblock
60.9427,44.9903,45.9765,4.441416,0.0504774835,sunblock
68.0146,31.2666,28.6366,4.441416,0.0504774835,sunblock
71.8497,-22.415,24.2142,4.441416,0.0504774835,repellent
33.0752,-20.6755,28.097,4.441416,0.0504774835,repellent
48.0471,-18.9902,28.7522,4.441416,0.0504774835,repellent
55.8741,33.3163,49.08,4.441416,0.0504774835,sunblock
51.4195,28.5201,38.8632,4.441416,0.0504774835,sunblock
60.3614,-28.315,19.4801,4.441416,0.0504774835,repellent
21.5481,7.86234,-6.06415,4.441416,0.0504774835,burner
42.73,62.7731,34.5949,4.441416,0.0504774835,brush
60.5691,7.44785,-35.9038,4.441416,0.0504774835,poncho
17.918,11.8568,4.56533,4.441416,0.0504774835,lamp
30.442,45.6782,11.8953,4.441416,0.0504774835,lamp
34.3559,50.6806,21.1682,4.441416,0.0504774835,pouch
16.2825,26.5011,0.769616,4.441416,0.0504774835,pouch
36.5171,41.5481,14.5806,4.441416,0.0504774835,pouch
74.6682,17.7627,-3.29354,4.441416,0.0504774835,pouch
3.83576,3.18455,-1.60438,4.441416,0.0504774835,bag
41.4057,7.3181,-5.99924,4.441416,0.0504774835,bottle
71.7968,9.21923,-5.52802,4.441416,0.0504774835,bottle
26.5297,4.88561,-1.40607,4.441416,0.0504774835,stove
43.4275,-34.8239,25.0662,4.441416,0.0504774835,repellent
63.4973,-15.487,8.51576,4.441416,0.0504774835,repellent
50.3251,-33.2945,44.366,4.441416,0.0504774835,repellent
29.5215,32.4179,-52.6073,4.441416,0.0504774835,sunblock
29.5215,32.4179,-52.6073,4.441416,0.0504774835,sunblock
61.565,38.0026,33.1201,4.441416,0.0504774835,sunblock
50.8844,34.9221,28.4939,4.441416,0.0504774835,sunblock
59.8867,-27.2835,21.7727,4.441416,0.0504774835,repellent
44.1685,6.62135,-1.23012,4.441416,0.0504774835,burner
14.9894,32.4311,8.15757,4.441416,0.0504774835,brush
32.0727,42.0492,20.5728,4.441416,0.0504774835,brush
27.5718,37.3967,22.9366,4.441416,0.0504774835,lamp
8.73256,9.02463,-5.31875,4.441416,0.0504774835,lamp
28.1996,39.2667,19.1891,4.441416,0.0504774835,brush
85.7262,1.7672,-12.1909,4.441416,0.0504774835,poncho
30.3353,38.4907,12.6204,4.441416,0.0504774835,brush
25.65,30.5398,17.2656,4.441416,0.0504774835,brush
21.5628,5.87825,1.79273,4.441416,0.0504774835,lamp
40.8188,54.8114,9.71294,4.441416,0.0504774835,lamp
22.3216,35.6903,17.1527,4.441416,0.0504774835,pouch
7.70289,20.0875,4.69996,4.441416,0.0504774835,pouch
51.1879,63.4099,16.4326,4.441416,0.0504774835,pouch
41.5544,54.2787,16.5499,4.441416,0.0504774835,pouch
50.4758,58.6173,15.5391,4.441416,0.0504774835,pouch
86.9259,2.22111,-14.1393,4.441416,0.0504774835,drawer
7.39412,5.42808,-3.9466,4.441416,0.0504774835,bag
8.37711,7.57075,-1.03947,4.441416,0.0504774835,knife
45.6985,6.80311,-1.65809,4.441416,0.0504774835,bottle
71.5138,8.98036,-5.51813,4.441416,0.0504774835,bottle
49.4027,-26.3749,32.9387,4.441416,0.0504774835,repellent
42.9244,-30.5369,27.5586,4.441416,0.0504774835,repellent
25.6394,4.64363,-1.95094,4.441416,0.0504774835,stove
25.2051,27.0628,-39.8946,4.441416,0.0504774835,sunblock
55.2176,-18.4842,23.4006,4.441416,0.0504774835,repellent
65.1769,39.1232,38.0824,4.441416,0.0504774835,sunblock
63.0674,43.9016,51.2484,4.441416,0.0504774835,sunblock
53.7754,40.332,28.2305,4.441416,0.0504774835,sunblock
59.9006,43.0163,55.7409,4.441416,0.0504774835,sunblock
52.3547,32.2935,38.6604,4.441416,0.0504774835,sunblock
76.5077,7.90303,74.9292,4.441416,0.0504774835,plastic
30.98,5.5103,-4.51374,4.441416,0.0504774835,stove
39.8132,5.78685,1.05896,4.441416,0.0504774835,stove
51.2913,9.61278,-1.02733,4.441416,0.0504774835,burner
58.2529,7.46306,-4.06218,4.441416,0.0504774835,burner
60.8807,46.5133,41.6746,4.441416,0.0504774835,sunblock
67.3437,8.60392,2.55931,4.441416,0.0504774835,burner
17.9816,31.6352,13.8119,4.441416,0.0504774835,brush
25.3844,37.3952,18.4038,4.441416,0.0504774835,brush
86.9995,1.42692,-10.2793,4.441416,0.0504774835,poncho
13.373,15.6755,0.99218,4.441416,0.0504774835,pouch
7.4863,18.5471,3.1507,4.441416,0.0504774835,lamp
49.9891,60.541,16.6217,4.441416,0.0504774835,pouch
45.485,56.832,20.7369,4.441416,0.0504774835,pouch
28.6121,37.8215,16.4094,4.441416,0.0504774835,pouch
37.1825,38.5288,20.7576,4.441416,0.0504774835,lamp
46.3753,56.085,9.66569,4.441416,0.0504774835,pouch
18.7104,9.69099,2.38806,4.441416,0.0504774835,lamp
11.6592,5.12644,2.15871,4.441416,0.0504774835,lamp
37.9004,6.78979,6.48935,4.441416,0.0504774835,lamp
23.4228,39.175,19.2195,4.441416,0.0504774835,pouch
59.6502,7.65768,-24.2984,4.441416,0.0504774835,poncho
87.1781,1.81704,-16.8645,12.639712,1.080962988,drawer
74.0145,5.41902,-27.9831,12.639712,1.080962988,drawer
4.29671,3.6209,-4.64497,12.639712,1.080962988,bag
65.3861,5.53519,-24.4161,10.519128,0.6735897675,drawer
2.75582,3.30451,-1.24748,10.519128,0.6735897675,knife
28.1041,5.73645,-6.88482,10.519128,0.6735897675,bottle
67.0285,9.24331,-8.38842,10.519128,0.6735897675,bottle
80.4711,6.59598,-16.0776,10.519128,0.6735897675,drawer
47.6773,7.12139,-9.61464,10.519128,0.6735897675,bottle
70.7785,7.42098,-16.1355,10.519128,0.6735897675,drawer
9.25578,6.86723,5.59509,10.519128,0.6735897675,bag
92.7048,1.90037,-8.4563,10.519128,0.6735897675,drawer
23.8671,4.72349,-3.21581,10.519128,0.6735897675,stove
83.9734,3.16042,-6.14161,10.519128,0.6735897675,drawer
37.9492,-28.8735,26.4913,10.519128,0.6735897675,repellent
50.49,-26.3229,20.4966,10.519128,0.6735897675,repellent
47.8924,-25.067,20.9762,10.519128,0.6735897675,repellent
39.0671,6.55726,-1.49965,10.519128,0.6735897675,stove
37.752,1.82941,-3.17614,10.519128,0.6735897675,stove
48.2852,-34.6499,30.6733,10.519128,0.6735897675,repellent
48.3108,-27.3194,16.7657,9.637436,0.5042129781,repellent
57.1666,-23.7677,22.2773,9.637436,0.5042129781,repellent
73.3603,-9.60046,-2.09415,9.637436,0.5042129781,repellent
54.2104,32.0323,19.0994,9.637436,0.5042129781,sunblock
57.9076,39.4888,34.3562,9.637436,0.5042129781,sunblock
61.1965,33.6312,32.4065,9.637436,0.5042129781,sunblock
48.4006,30.6509,24.5628,9.637436,0.5042129781,sunblock
58.3098,35.7757,28.888,9.637436,0.5042129781,sunblock
54.5436,6.75127,-0.885897,9.637436,0.5042129781,stove
80.7615,7.41857,79.4276,8.6515,0.3624364753,plastic
62.1842,40.6666,37.359,8.6515,0.3624364753,sunblock
50.0148,8.54462,2.1673,8.6515,0.3624364753,burner
62.4974,8.69234,-9.70054,8.6515,0.3624364753,burner
27.4578,36.2461,11.8944,8.6515,0.3624364753,brush
51.0225,9.84397,0.959591,8.6515,0.3624364753,burner
79.2417,2.6551,-12.3099,8.6515,0.3624364753,poncho
16.2963,20.278,0.29548,8.6515,0.3624364753,pouch
32.4933,45.0103,9.98397,8.6515,0.3624364753,pouch
25.9449,7.01735,6.35631,6.6792,0.1585697308,lamp
47.6151,57.3985,10.0528,6.6792,0.1585697308,pouch
14.6644,7.83702,-2.22178,6.6792,0.1585697308,lamp
55.9034,10.6905,-31.8358,6.6792,0.1585697308,poncho
17.0302,24.7313,17.5499,6.6792,0.1585697308,lamp
49.3274,58.2519,10.1994,6.6792,0.1585697308,pouch
93.4491,0.492722,-4.60278,6.6792,0.1585697308,drawer
7.39643,3.50154,-1.30625,6.6792,0.1585697308,bag
81.7515,2.69204,-13.5389,6.6792,0.1585697308,drawer
11.744,5.7689,1.8557,6.6792,0.1585697308,knife
46.1161,6.52399,4.17119,6.6792,0.1585697308,bottle
76.8191,6.34612,-3.72969,6.6792,0.1585697308,bottle
72.6066,2.51104,-15.0632,6.6792,0.1585697308,drawer
74.762,4.62592,-13.9556,6.6792,0.1585697308,drawer
56.9749,-13.067,11.2232,6.6792,0.1585697308,repellent
53.886,-15.627,12.6946,6.6792,0.1585697308,repellent
57.1765,5.05899,-4.56471,6.6792,0.1585697308,stove
74.5465,3.95083,-8.11572,6.6792,0.1585697308,stove
39.7202,4.4583,2.15304,6.6792,0.1585697308,stove
55.4479,4.91136,-3.46378,6.6792,0.1585697308,stove
92.7017,2.20544,-3.54329,6.6792,0.1585697308,stove
34.7922,7.76143,6.44325,6.6792,0.1585697308,stove
82.6316,3.78062,-6.19696,6.6792,0.1585697308,drawer
97.2636,0.61955,-1.38399,6.6792,0.1585697308,drawer
68.2224,3.14651,2.24382,6.6792,0.1585697308,stove
75.4154,4.86435,-9.41912,6.6792,0.1585697308,stove
93.1092,1.69738,-0.723977,6.6792,0.1585697308,stove
72.8458,27.6035,19.3796,6.6792,0.1585697308,sunblock
90.2859,8.78084,13.0506,6.6792,0.1585697308,sunblock
41.8541,8.46579,6.6261,6.6792,0.1585697308,burner
58.2012,49.163,13.7926,6.6792,0.1585697308,brush
26.8405,12.0245,8.72536,6.6792,0.1585697308,brush
65.3777,6.26543,8.44618,6.6792,0.1585697308,poncho
89.941,-2.45118,35.1112,6.6792,0.1585697308,plastic
18.158,19.7069,0.664019,6.507228,0.1481800786,pouch
61.5843,46.857,8.57436,6.507228,0.1481800786,pouch
48.0321,39.4692,2.72219,6.507228,0.1481800786,pouch
37.9192,6.01826,-3.43901,6.507228,0.1481800786,lamp
37.9192,6.01826,-3.43901,6.507228,0.1481800786,lamp
59.1667,7.96909,-25.9538,6.507228,0.1481800786,poncho
37.2315,31.3631,5.47806,6.507228,0.1481800786,pouch
88.1209,0.665652,-5.05222,6.507228,0.1481800786,poncho
18.4022,5.26096,-2.08291,6.507228,0.1481800786,lamp
12.8965,3.08443,2.43408,6.507228,0.1481800786,lamp
48.8791,20.8845,7.31285,6.507228,0.1481800786,lamp
58.6339,30.4581,8.61781,6.507228,0.1481800786,pouch
42.7604,12.8766,-5.23346,6.507228,0.1481800786,lamp
73.1373,5.19165,-6.94214,6.507228,0.1481800786,poncho
2.85464,2.02399,-1.72767,5.169356,0.0791922431,bag
32.5989,5.90071,-9.9713,5.169356,0.0791922431,bottle
63.9568,8.49514,-5.17331,5.169356,0.0791922431,bottle
13.2036,7.07865,0.0538666,5.169356,0.0791922431,knife
76.761,7.25579,-23.3458,5.169356,0.0791922431,drawer
86.3209,3.59265,-13.3743,5.169356,0.0791922431,drawer
76.0397,7.07486,-20.3938,5.169356,0.0791922431,drawer
85.8871,3.52358,-7.9887,5.169356,0.0791922431,drawer
72.8825,6.7368,-15.9837,5.169356,0.0791922431,drawer
76.3398,7.00155,-20.0025,5.169356,0.0791922431,drawer
49.8869,5.09811,-12.0075,5.169356,0.0791922431,stove
86.7872,3.41061,-6.53717,5.169356,0.0791922431,stove
36.5056,5.19184,-4.1091,5.169356,0.0791922431,stove
85.5491,4.70722,-13.5717,5.169356,0.0791922431,stove
87.3912,0.950985,-8.89249,5.169356,0.0791922431,stove
40.8405,-13.6044,28.6469,5.169356,0.0791922431,repellent
43.7953,-26.349,17.9967,5.169356,0.0791922431,repellent
54.3544,5.62131,-8.21786,5.169356,0.0791922431,stove
47.1269,5.75649,-12.5595,5.169356,0.0791922431,stove
40.3389,-33.4721,26.7391,5.169356,0.0791922431,repellent
91.5872,0.716822,-6.58799,5.169356,0.0791922431,stove
71.2296,7.6652,-18.5068,5.169356,0.0791922431,stove
77.2931,4.43963,-6.56694,5.169356,0.0791922431,stove
15.8155,10.2964,14.2479,5.169356,0.0791922431,burner
19.4257,7.81585,0.904238,5.169356,0.0791922431,burner
48.7317,-29.5849,41.2296,5.169356,0.0791922431,repellent
60.0852,-21.5307,14.8218,5.169356,0.0791922431,repellent
26.3024,36.2313,-54.5177,5.169356,0.0791922431,sunblock
55.6119,34.7201,32.9904,5.169356,0.0791922431,sunblock
74.3299,29.953,20.7365,5.169356,0.0791922431,sunblock
14.8853,10.9939,-1.10261,5.169356,0.0791922431,pouch
47.2809,29.1078,30.353,5.169356,0.0791922431,sunblock
50.4477,33.4703,23.2664,5.169356,0.0791922431,sunblock
17.14,9.96396,-4.08461,5.169356,0.0791922431,brush
61.7369,39.9673,42.0219,5.169356,0.0791922431,sunblock
41.0808,54.4041,18.039,5.169356,0.0791922431,brush
75.553,10.1695,70.8508,5.169356,0.0791922431,plastic
63.6482,29.3987,4.56468,5.169356,0.0791922431,sunblock
31.0475,9.57063,-3.4593,5.169356,0.0791922431,lamp
47.4859,13.1482,-31.1692,5.169356,0.0791922431,poncho
76.2605,2.01999,-13.5303,5.169356,0.0791922431,poncho
21.4739,37.2904,3.72867,5.169356,0.0791922431,lamp
12.3535,3.84922,-4.50375,5.169356,0.0791922431,lamp
29.8531,29.4508,2.68836,5.169356,0.0791922431,lamp
84.2651,2.52502,-16.6225,5.169356,0.0791922431,drawer
1.90236,1.53253,-1.95623,5.169356,0.0791922431,bag
15.0281,30.8163,-47.1766,5.169356,0.0791922431,sunblock
46.9731,33.101,19.2409,5.169356,0.0791922431,sunblock
45.7035,36.601,33.9813,5.169356,0.0791922431,sunblock
40.5777,30.7449,11.3585,5.169356,0.0791922431,sunblock
13.341,7.37165,-0.137652,5.169356,0.0791922431,knife
53.9403,5.30808,-14.7885,5.169356,0.0791922431,stove
29.5096,4.4424,-4.94988,5.169356,0.0791922431,stove
39.0675,3.74479,-13.1557,5.169356,0.0791922431,stove
25.4757,4.2495,-1.21065,5.169356,0.0791922431,bottle
49.4952,6.97503,-8.56147,5.169356,0.0791922431,bottle
47.5688,40.2709,39.8343,5.169356,0.0791922431,sunblock
62.1279,45.2693,46.1206,5.169356,0.0791922431,sunblock
69.0525,8.85816,-8.23339,5.169356,0.0791922431,bottle
26.6053,5.74856,-2.65506,5.169356,0.0791922431,stove
29.071,5.74598,-10.1434,5.169356,0.0791922431,stove
73.877,3.79155,-11.5988,5.169356,0.0791922431,drawer
53.0252,-19.1467,15.6304,5.169356,0.0791922431,repellent
45.9309,-32.4349,28.3296,5.169356,0.0791922431,repellent
65.7445,9.65668,-8.62329,5.169356,0.0791922431,drawer
80.2438,4.50549,-18.2242,5.169356,0.0791922431,drawer
44.1179,-33.2873,33.8,5.169356,0.0791922431,repellent
59.0399,-24.2736,23.8502,5.169356,0.0791922431,repellent
54.2363,-24.9117,21.3397,5.169356,0.0791922431,repellent
62.361,2.57468,-13.8662,5.169356,0.0791922431,drawer
60.8519,6.61623,-13.5515,5.169356,0.0791922431,drawer
44.3647,-6.67217,12.2302,5.169356,0.0791922431,repellent
42.9979,3.98599,-6.51006,5.169356,0.0791922431,stove
31.9411,-10.3425,5.79351,5.169356,0.0791922431,repellent
67.3745,5.52781,-14.0446,5.169356,0.0791922431,stove
42.5126,4.82498,-10.0041,5.169356,0.0791922431,stove
41.673,7.03607,-3.99496,5.169356,0.0791922431,burner
51.7226,8.6332,-0.419704,5.169356,0.0791922431,burner
21.3814,16.782,3.77593,5.169356,0.0791922431,brush
42.4692,60.0354,20.6982,5.169356,0.0791922431,brush
86.9592,4.63792,-3.72418,5.169356,0.0791922431,drawer
78.7933,6.2718,71.0775,5.169356,0.0791922431,plastic
8.58762,8.23464,-3.23846,5.169356,0.0791922431,pouch
23.4696,29.358,8.61073,5.169356,0.0791922431,pouch
25.1727,7.23845,-5.9098,5.169356,0.0791922431,lamp
32.3722,31.6401,1.90842,5.169356,0.0791922431,lamp
5.40256,4.62061,-4.76122,5.169356,0.0791922431,lamp
47.9813,3.04843,-14.3364,5.169356,0.0791922431,poncho
51.2749,9.29431,-38.3168,5.169356,0.0791922431,poncho
67.5525,6.77311,-44.0386,5.169356,0.0791922431,poncho
61.9719,9.18594,-22.6314,5.169356,0.0791922431,poncho
84.8972,1.89607,-17.3986,5.169356,0.0791922431,drawer
2.48349,2.57949,-1.65517,235.9632,7119.7131336,bag
14.9755,35.435,-50.7116,13.625036,1.3277883761,sunblock
48.4026,36.1474,32.2711,13.625036,1.3277883761,sunblock
56.8752,49.0262,28.2075,13.625036,1.3277883761,sunblock
57.9624,41.1911,21.62,13.625036,1.3277883761,sunblock
25.7336,9.94181,-8.1728,13.625036,1.3277883761,bottle
66.1567,12.7629,-11.1248,13.625036,1.3277883761,bottle
6.52072,8.68144,-0.220218,13.625036,1.3277883761,knife
47.3986,38.562,-8.82738,13.625036,1.3277883761,sunblock
64.2882,42.9265,38.8987,13.625036,1.3277883761,sunblock
12.7901,10.4079,0.128824,13.625036,1.3277883761,knife
32.4445,13.3641,-2.54923,12.317116,1.0224330968,burner
48.2421,-26.7597,32.1538,12.317116,1.0224330968,repellent
43.204,13.1928,-5.35855,12.317116,1.0224330968,burner
48.8521,-30.5258,30.4403,12.317116,1.0224330968,repellent
33.2337,-21.6486,21.0258,12.317116,1.0224330968,repellent
47.5451,7.79604,-13.3958,12.317116,1.0224330968,stove
45.8855,8.87005,-11.8091,12.317116,1.0224330968,stove
59.5031,-14.6652,17.4973,12.317116,1.0224330968,repellent
35.8985,11.2332,-3.05943,12.317116,1.0224330968,burner
63.4949,18.9136,0.530963,12.317116,1.0224330968,repellent
71.2666,-14.8771,7.38938,12.317116,1.0224330968,repellent
56.1793,-14.4694,9.18008,12.317116,1.0224330968,repellent
36.1512,8.31827,-2.03722,12.317116,1.0224330968,repellent
63.7381,10.0146,-16.6594,12.317116,1.0224330968,stove
86.919,3.23012,-2.46475,12.317116,1.0224330968,stove
67.0682,10.6436,-19.9763,11.908436,0.936614368,stove
45.332,59.378,13.2362,10.777788,0.7114359074,brush
9.19319,14.0199,-4.79595,10.777788,0.7114359074,pouch
32.824,46.9786,5.13838,10.494356,0.6609771975,pouch
66.4801,9.32118,-44.8844,10.494356,0.6609771975,poncho
14.2143,9.16079,-4.71267,10.494356,0.6609771975,lamp
27.2069,37.958,7.70427,10.494356,0.6609771975,lamp
42.1023,8.43625,-2.87992,10.494356,0.6609771975,lamp
58.1141,5.2509,-18.8989,9.644156,0.5096181583,poncho
89.6992,1.50462,-10.4332,5.715068,0.1061727237,drawer
50.5531,6.15449,-35.5727,5.715068,0.1061727237,drawer
42.9336,16.0513,-17.4415,5.33704,0.0879351688,battery-1.5V
54.7517,7.59178,1.56259,5.33704,0.0879351688,lantern
39.1751,38.3767,20.2716,5.33704,0.0879351688,rope
50.8796,20.3263,-20.5205,5.33704,0.0879351688,battery-1.5V
42.8064,67.7864,28.462,5.33704,0.0879351688,rope
41.1761,65.5719,44.6705,5.33704,0.0879351688,rope
54.3771,17.3329,10.8008,5.33704,0.0879351688,bar-peanutbutter
53.7764,23.4013,22.9068,5.33704,0.0879351688,bar-peanutbutter
59.8231,15.4881,13.1401,5.33704,0.0879351688,bar-peanutbutter
85.5134,3.61025,-12.6874,5.33704,0.0879351688,drawer
88.2348,3.73371,-8.46675,5.33704,0.0879351688,drawer
53.198,26.921,17.8593,5.33704,0.0879351688,bar-peanutbutter
59.3833,5.58191,-19.6848,5.33704,0.0879351688,drawer
38.757,15.2545,7.30799,5.33704,0.0879351688,bar-chocolate
89.9883,4.31075,-3.72621,5.33704,0.0879351688,drawer
34.1714,14.299,-2.12587,5.33704,0.0879351688,bar-chocolate
38.6584,17.8756,0.400387,5.33704,0.0879351688,bar-chocolate
77.9258,5.09963,10.5089,5.33704,0.0879351688,tape
63.4798,5.1482,35.619,5.33704,0.0879351688,bar-chocolate
40.5887,9.65786,-5.62341,5.33704,0.0879351688,pocketbag
31.4263,7.37142,-2.10152,5.33704,0.0879351688,gloves
3.9261,3.61672,-5.79977,5.33704,0.0879351688,gloves
55.0319,4.53082,-5.45301,5.33704,0.0879351688,gloves
26.6373,8.46222,-10.9128,5.33704,0.0879351688,pocketbag
7.86092,3.98664,-0.799779,5.33704,0.0879351688,gloves
20.2624,8.3238,-15.4505,5.33704,0.0879351688,pocketbag
36.703,5.87658,-2.13849,5.33704,0.0879351688,gloves
9.47512,6.97136,-8.37049,5.33704,0.0879351688,pocketbag
39.9366,3.14886,7.59076,5.33704,0.0879351688,gloves
49.5683,19.9092,15.6842,5.33704,0.0879351688,bar-peanutbutter
52.7649,20.5767,-30.7784,5.33704,0.0879351688,battery-1.5V
55.2758,20.8564,-30.7886,5.33704,0.0879351688,battery-1.5V
61.2242,9.45845,16.1023,5.33704,0.0879351688,bar-peanutbutter
32.9913,21.3427,3.90691,5.33704,0.0879351688,bar-peanutbutter
65.3819,6.83561,-24.1682,5.33704,0.0879351688,drawer
46.7844,8.37943,2.27221,5.33704,0.0879351688,harmonica
67.7521,8.05922,-23.7474,5.33704,0.0879351688,drawer
80.2125,6.77711,-20.2777,5.33704,0.0879351688,drawer
36.7463,52.1469,23.9315,5.33704,0.0879351688,rope
47.9934,74.439,26.7178,5.33704,0.0879351688,rope
34.8054,58.8115,41.0149,5.33704,0.0879351688,rope
43.5431,65.1864,32.2941,5.33704,0.0879351688,rope
41.7409,65.7101,48.4602,5.33704,0.0879351688,rope
34.6271,10.6082,8.28844,5.33704,0.0879351688,bar-chocolate
77.6534,8.57819,-10.1924,5.33704,0.0879351688,drawer
97.9374,0.770125,-1.48293,5.33704,0.0879351688,drawer
44.9027,8.25835,18.4695,5.33704,0.0879351688,bar-chocolate
50.8687,11.5051,-11.5916,5.33704,0.0879351688,bar-chocolate
79.106,4.876,10.105,5.33704,0.0879351688,tape
39.2841,8.56786,-6.46687,5.33704,0.0879351688,pocketbag
23.7171,6.52686,-8.8049,5.33704,0.0879351688,pocketbag
9.33958,3.6554,-1.87662,5.33704,0.0879351688,gloves
24.1976,10.0855,-12.1251,5.33704,0.0879351688,pocketbag
54.207,4.71102,-7.5274,5.33704,0.0879351688,gloves
28.1602,5.04522,6.195,5.33704,0.0879351688,gloves
3.47573,1.98973,-2.66044,5.33704,0.0879351688,gloves
24.8081,5.9862,-1.85861,5.33704,0.0879351688,gloves
37.9678,5.76124,2.06353,5.33704,0.0879351688,gloves
28.4113,8.49153,-4.5671,5.33704,0.0879351688,gloves
59.5365,0.859182,-28.1555,5.33704,0.0879351688,drawer
56.8912,14.0978,15.8403,5.33704,0.0879351688,bar-peanutbutter
71.3964,16.3682,-3.33266,5.33704,0.0879351688,battery-1.5V
44.1067,13.4618,-14.7763,5.33704,0.0879351688,battery-1.5V
72.0439,12.9375,13.0904,5.33704,0.0879351688,bar-peanutbutter
67.9516,8.90488,21.3611,5.33704,0.0879351688,bar-peanutbutter
46.4492,11.4318,-12.1636,5.33704,0.0879351688,battery-1.5V
64.2547,4.94446,0.411524,5.33704,0.0879351688,harmonica
41.9569,23.8777,12.1115,5.33704,0.0879351688,bar-peanutbutter
37.1755,5.39161,6.11724,5.33704,0.0879351688,harmonica
74.0773,2.199,-14.7189,5.33704,0.0879351688,drawer
79.5938,3.51162,-14.4327,5.33704,0.0879351688,drawer
88.9079,3.06746,2.63343,5.33704,0.0879351688,tape
51.5217,44.7161,19.3361,5.33704,0.0879351688,rope
56.5807,59.8217,18.8766,5.33704,0.0879351688,rope
39.3206,12.6493,11.2587,5.33704,0.0879351688,bar-chocolate
95.0583,1.98089,-1.0936,5.33704,0.0879351688,drawer
56.6611,11.2026,1.62158,5.33704,0.0879351688,bar-chocolate
79.6093,0.303734,29.9946,5.33704,0.0879351688,bar-chocolate
21.6346,4.88188,3.67276,5.33704,0.0879351688,lantern
80.2665,-2.72048,33.1214,5.33704,0.0879351688,bar-chocolate
7.49546,3.10673,-2.32828,5.33704,0.0879351688,gloves
28.9226,5.20956,-4.73369,5.33704,0.0879351688,pocketbag
43.4076,5.496,-5.21163,5.33704,0.0879351688,pocketbag
45.6147,3.58043,1.7317,5.33704,0.0879351688,gloves
44.0505,3.76191,-5.87988,5.33704,0.0879351688,pocketbag
57.5759,1.94381,-0.539261,5.33704,0.0879351688,gloves
14.7573,2.68256,-2.43719,5.33704,0.0879351688,gloves
38.2224,1.88057,8.16019,5.33704,0.0879351688,gloves
61.4956,16.9201,-13.4358,5.33704,0.0879351688,battery-1.5V
56.6919,12.7981,-25.2165,5.33704,0.0879351688,battery-1.5V
72.6836,11.9768,20.8608,5.33704,0.0879351688,bar-peanutbutter
59.8676,14.4159,14.3641,5.33704,0.0879351688,bar-peanutbutter
53.3404,22.9619,10.9983,5.33704,0.0879351688,bar-peanutbutter
56.2777,5.60432,1.62083,5.33704,0.0879351688,harmonica
49.2315,26.3111,10.321,5.33704,0.0879351688,bar-peanutbutter
83.3619,2.40954,-11.298,5.33704,0.0879351688,drawer
72.1761,2.56719,-12.8787,5.33704,0.0879351688,drawer
88.4499,2.94472,3.12366,5.33704,0.0879351688,tape
74.383,4.88121,-13.778,5.33704,0.0879351688,drawer
45.1887,41.5488,17.3103,5.33704,0.0879351688,rope
56.3579,57.0389,19.0361,5.33704,0.0879351688,rope
54.5892,51.1876,25.1388,5.33704,0.0879351688,rope
93.0854,2.06548,-0.450384,5.33704,0.0879351688,drawer
42.1453,10.8022,-1.25239,5.33704,0.0879351688,bar-chocolate
48.5938,14.4329,8.09719,5.33704,0.0879351688,bar-chocolate
16.4876,4.2463,10.8035,5.33704,0.0879351688,lantern
35.639,7.22869,3.22794,5.33704,0.0879351688,lantern
78.3586,0.292272,22.9968,5.33704,0.0879351688,bar-chocolate
41.943,13.7986,10.5126,5.33704,0.0879351688,bar-chocolate
48.8079,6.28507,16.1783,5.33704,0.0879351688,bar-chocolate
41.2213,6.31694,-4.32635,5.33704,0.0879351688,pocketbag
16.3428,2.5765,-0.80319,5.33704,0.0879351688,gloves
65.3688,3.61362,-8.27013,5.33704,0.0879351688,gloves
30.0939,6.33073,4.58422,5.33704,0.0879351688,pocketbag
5.39972,1.85086,-2.96616,5.33704,0.0879351688,gloves
33.7454,4.95809,-2.91669,5.33704,0.0879351688,pocketbag
34.1908,4.37705,-1.12069,5.33704,0.0879351688,gloves
31.5394,3.08313,4.20762,5.33704,0.0879351688,gloves
44.4049,1.85453,6.76557,5.33704,0.0879351688,gloves
50.8792,3.672,-7.60711,5.33704,0.0879351688,pocketbag
65.5676,1.83641,-17.3768,5.33704,0.0879351688,drawer
94.3938,0.252674,-4.82395,5.298292,0.0860658132,drawer
85.5753,2.42655,-5.19759,5.298292,0.0860658132,drawer
94.4115,0.846789,-4.58917,5.298292,0.0860658132,drawer
93.1328,0.386533,0.872289,5.298292,0.0860658132,battery-1.5V
68.7291,5.12624,-0.235731,4.68162,0.0563151348,harmonica
87.8078,1.67687,0.578051,4.68162,0.0563151348,battery-1.5V
68.2783,13.516,14.4706,4.68162,0.0563151348,bar-peanutbutter
58.2685,2.61582,-2.24309,4.68162,0.0563151348,battery-1.5V
76.9407,8.88389,19.688,4.68162,0.0563151348,woodbrush
89.7059,2.48053,3.60378,4.68162,0.0563151348,tape
47.2463,51.7467,24.6848,4.68162,0.0563151348,rope
56.6489,56.5288,20.1829,4.68162,0.0563151348,rope
99.4476,0.221331,-0.482894,4.68162,0.0563151348,drawer
73.2587,5.65455,9.04991,4.68162,0.0563151348,battery-9V
73.6573,6.19712,-0.843038,4.68162,0.0563151348,bar-chocolate
83.5574,2.9123,0.942659,4.68162,0.0563151348,drawer
44.2363,12.8362,3.79305,4.68162,0.0563151348,bar-chocolate
23.6112,4.52677,7.88562,4.68162,0.0563151348,lantern
40.4087,5.9034,-3.00467,4.68162,0.0563151348,pocketbag
31.5078,5.44197,-9.33932,4.68162,0.0563151348,pocketbag
30.7036,4.24568,0.647879,4.68162,0.0563151348,gloves
36.0028,7.17089,14.3306,4.68162,0.0563151348,pocketbag
30.1962,4.66392,0.305324,4.68162,0.0563151348,pocketbag
56.8572,4.39292,-18.9172,4.68162,0.0563151348,drawer
60.0394,4.38077,-20.4706,4.68162,0.0563151348,drawer
81.7097,1.30546,-0.4048,4.68162,0.0563151348,battery-1.5V
77.2313,2.12111,0.920927,4.68162,0.0563151348,battery-1.5V
60.2213,5.45482,-4.30043,4.68162,0.0563151348,battery-1.5V
41.2309,3.96919,4.61139,4.68162,0.0563151348,harmonica
30.4538,-0.693117,5.08756,4.68162,0.0563151348,battery-1.5V
89.2102,3.363,-12.0678,4.68162,0.0563151348,drawer
70.899,9.04289,-9.42834,4.68162,0.0563151348,bar-peanutbutter
74.7254,6.52964,-10.7772,4.68162,0.0563151348,drawer
52.8783,20.6793,17.5441,4.68162,0.0563151348,bar-peanutbutter
65.5945,7.64136,-7.81072,4.68162,0.0563151348,drawer
72.0981,6.82544,-13.4363,4.68162,0.0563151348,drawer
65.3966,10.3122,32.079,4.68162,0.0563151348,woodbrush
73.9204,4.61814,12.0643,4.68162,0.0563151348,tape
80.5742,4.16547,8.89924,4.68162,0.0563151348,tape
71.1162,8.17636,-5.78931,4.68162,0.0563151348,drawer
38.4685,61.2878,41.5069,4.68162,0.0563151348,rope
13.4887,15.7904,4.15686,4.68162,0.0563151348,bar-chocolate
66.0311,5.34847,-4.85109,4.68162,0.0563151348,bar-chocolate
77.4466,5.52021,-15.245,4.68162,0.0563151348,bar-chocolate
58.6072,6.40328,6.10533,4.68162,0.0563151348,battery-9V
5.50984,2.90256,-0.622979,4.68162,0.0563151348,gloves
47.9468,12.1103,12.0763,4.68162,0.0563151348,bar-chocolate
13.2024,5.58088,10.0206,4.68162,0.0563151348,lantern
25.955,4.1365,3.98843,4.68162,0.0563151348,gloves
27.4508,6.18785,-0.90248,4.68162,0.0563151348,pocketbag
12.1995,8.138,1.35751,4.68162,0.0563151348,pocketbag
14.9358,6.05854,-6.11985,4.68162,0.0563151348,pocketbag
6.69755,3.14294,0.303908,4.68162,0.0563151348,gloves
35.7764,5.48417,-3.40581,4.68162,0.0563151348,pocketbag
55.091,8.81736,8.72517,4.68162,0.0563151348,pocketbag
88.2626,2.40593,-2.57098,4.48504,0.050014952,battery-1.5V
82.0362,5.29849,-16.0857,4.48504,0.050014952,drawer
66.7279,5.89561,-12.6452,4.48504,0.050014952,battery-1.5V
68.9918,11.3641,-15.5389,4.48504,0.050014952,bar-peanutbutter
75.5098,3.01084,-1.5312,4.48504,0.050014952,battery-1.5V
47.274,6.40102,6.28194,4.48504,0.050014952,harmonica
47.274,6.40102,6.28194,4.48504,0.050014952,harmonica
74.2985,1.60358,-2.04018,4.48504,0.050014952,battery-1.5V
41.1724,25.9087,29.0384,4.48504,0.050014952,bar-peanutbutter
79.1535,8.1047,19.4293,4.48504,0.050014952,woodbrush
74.3485,5.65564,11.3659,4.48504,0.050014952,tape
36.2723,58.1081,33.301,4.48504,0.050014952,rope
44.3418,69.5674,39.5548,4.48504,0.050014952,rope
71.2469,5.07927,-9.31157,4.48504,0.050014952,drawer
91.0981,3.43431,-6.58439,4.48504,0.050014952,drawer
17.3064,15.1597,-1.03008,4.48504,0.050014952,bar-chocolate
70.3212,9.09617,-3.79404,4.48504,0.050014952,bar-chocolate
64.009,7.96604,0.0501931,4.48504,0.050014952,battery-9V
37.6304,52.7597,37.5319,4.48504,0.050014952,rope
4.28153,3.0901,-1.50154,4.48504,0.050014952,gloves
12.9265,7.64161,8.85064,4.48504,0.050014952,lantern
18.9026,8.75597,-2.00469,4.48504,0.050014952,pocketbag
32.0065,7.43294,-5.45783,4.48504,0.050014952,pocketbag
37.1119,7.68637,0.84959,4.48504,0.050014952,pocketbag
25.7001,5.04479,-0.70497,4.48504,0.050014952,gloves
6.54783,2.2725,-3.03086,4.48504,0.050014952,gloves
20.9723,7.94949,-2.40333,4.48504,0.050014952,pocketbag
83.6427,2.33375,-5.25961,4.48504,0.050014952,drawer
70.3392,6.4419,-10.826,4.48504,0.050014952,drawer
68.7761,6.83411,-9.63771,4.48504,0.050014952,drawer
74.7311,5.6588,-3.9893,4.48504,0.050014952,battery-1.5V
91.7124,2.8562,-5.05983,4.48504,0.050014952,battery-1.5V
60.7642,15.2345,14.7496,4.354668,0.0463041065,bar-peanutbutter
41.97,5.22808,-4.28283,4.354668,0.0463041065,battery-1.5V
83.96,2.82266,-3.43779,4.354668,0.0463041065,battery-1.5V
47.5376,13.2569,25.2861,4.354668,0.0463041065,bar-peanutbutter
53.4113,11.4501,39.1304,4.354668,0.0463041065,bat-peanutbutter
37.7346,29.6863,23.6674,4.354668,0.0463041065,bar-peanutbutter
85.8932,3.66018,-6.21973,4.354668,0.0463041065,drawer
78.9833,3.861,-19.5991,4.354668,0.0463041065,drawer
76.6505,10.01,18.6223,4.354668,0.0463041065,woodbrush
77.3709,3.10524,-8.74447,4.354668,0.0463041065,drawer
78.734,3.72878,-10.0505,4.354668,0.0463041065,drawer
83.4792,4.90805,-9.24241,4.317828,0.0452555106,drawer
77.8323,4.60794,12.9132,4.317828,0.0452555106,tape
27.222,20.6374,13.2982,4.317828,0.0452555106,bar-chocolate
35.426,57.3952,35.6602,4.317828,0.0452555106,rope
48.3126,74.6616,38.8715,4.317828,0.0452555106,rope
40.9204,16.0406,8.83227,4.317828,0.0452555106,bar-chocolate
59.27,4.88183,38.4687,4.317828,0.0452555106,bar-chocolate
41.4104,64.9358,51.6084,4.317828,0.0452555106,rope
23.3785,4.92993,-3.25435,4.317828,0.0452555106,gloves
39.6347,54.6987,33.7861,4.317828,0.0452555106,rope
69.4272,5.13699,-0.18636,4.317828,0.0452555106,battery-9V
6.25272,4.89644,0.377301,4.317828,0.0452555106,gloves
18.9351,6.47841,6.01122,4.317828,0.0452555106,pocketbag
28.5582,8.31737,-7.40566,4.317828,0.0452555106,pocketbag
10.6298,7.88441,6.42408,4.317828,0.0452555106,lantern
22.3415,5.30177,-5.95551,4.317828,0.0452555106,pocketbag
27.1594,10.6326,10.6116,4.317828,0.0452555106,pocketbag
41.9234,5.95068,-14.1146,4.317828,0.0452555106,pocketbag
53.5286,6.00263,-11.8601,4.317828,0.0452555106,pocketbag
52.5203,6.93438,-14.662,4.317828,0.0452555106,pocketbag
84.7045,1.26635,-16.5489,4.317828,0.0452555106,drawer
76.1352,5.51919,-17.0409,4.317828,0.0452555106,drawer
31.8943,33.8169,18.2564,4.317828,0.0452555106,bar-peanutbutter
50.7743,20.1088,28.7388,4.317828,0.0452555106,bar-peanutbutter
54.607,4.71609,-17.9792,4.317828,0.0452555106,drawer
56.9074,6.83818,-18.7123,4.317828,0.0452555106,drawer
54.2736,18.0222,33.1771,4.317828,0.0452555106,bar-peanutbutter
41.9642,35.1119,18.3785,4.317828,0.0452555106,bar-peanutbutter
49.1048,16.3979,-18.0902,4.317828,0.0452555106,battery-1.5V
54.3799,20.7692,31.6972,4.317828,0.0452555106,bar-peanutbutter
47.7325,27.1323,-20.0711,4.317828,0.0452555106,battery-1.5V
67.3468,7.07232,-22.4322,4.317828,0.0452555106,drawer
64.066,10.2912,29.1805,4.317828,0.0452555106,woodbrush
77.2453,7.27916,-14.5134,4.317828,0.0452555106,drawer
47.1487,9.10852,0.669084,4.317828,0.0452555106,harmonica
98.2212,0.486386,-2.01878,4.317828,0.0452555106,drawer
75.2906,9.19185,-6.0882,4.317828,0.0452555106,drawer
88.3487,2.44587,10.9999,4.317828,0.0452555106,tape
79.6239,7.74231,3.81217,4.317828,0.0452555106,tape
88.4306,4.55917,-2.30234,4.317828,0.0452555106,drawer
40.7293,15.6147,17.5996,4.317828,0.0452555106,bar-chocolate
69.3479,-0.406489,60.461,4.317828,0.0452555106,bar-chocolate
63.0726,8.66066,13.8929,4.317828,0.0452555106,battery-9V
44.4085,68.5215,41.0571,4.317828,0.0452555106,rope
33.5917,52.011,31.6444,4.317828,0.0452555106,rope
60.1104,9.23187,37.2838,4.317828,0.0452555106,bar-chocolate
37.0143,18.8257,11.7736,4.317828,0.0452555106,bar-chocolate
7.36916,7.22357,5.1136,4.317828,0.0452555106,lantern
23.0487,4.60152,-2.98851,4.317828,0.0452555106,gloves
10.3818,6.34386,6.24457,4.317828,0.0452555106,gloves
8.98832,2.89059,-1.8815,4.317828,0.0452555106,gloves
32.0244,6.85424,-7.12497,4.317828,0.0452555106,pocketbag
12.6108,2.47227,6.50957,4.317828,0.0452555106,pocketbag
21.3796,8.7669,9.75077,4.317828,0.0452555106,lantern
17.361,5.83817,-6.17295,4.317828,0.0452555106,pocketbag
50.1456,7.94998,-14.6634,4.317828,0.0452555106,pocketbag
47.9496,6.58868,-13.5426,4.317828,0.0452555106,pocketbag
40.0976,5.45872,-9.53846,4.317828,0.0452555106,pocketbag
19.8098,10.2529,4.01558,4.317828,0.0452555106,pocketbag
15.6967,7.01554,-13.299,4.317828,0.0452555106,pocketbag
49.6106,7.01026,-5.36986,4.317828,0.0452555106,pocketbag
29.3181,4.82333,11.3149,4.317828,0.0452555106,gloves
39.8086,6.83783,10.1423,4.317828,0.0452555106,harmonica
57.6109,8.17141,-5.30594,4.317828,0.0452555106,harmonica
57.9611,12.9592,37.3064,4.317828,0.0452555106,woodbrush
59.7583,10.0518,3.75024,4.317828,0.0452555106,battery-9V
52.8521,6.45985,2.78111,4.317828,0.0452555106,harmonica
66.0354,4.89086,1.89654,4.317828,0.0452555106,harmonica
60.4351,7.76702,13.5017,4.317828,0.0452555106,battery-9V
58.9996,7.33646,3.69264,4.317828,0.0452555106,harmonica
63.6653,5.95351,23.9486,4.317828,0.0452555106,woodbrush
58.9988,9.00071,2.59768,4.317828,0.0452555106,battery-9V
51.9016,6.87647,7.63212,4.317828,0.0452555106,harmonica
37.0181,10.1831,15.9854,4.317828,0.0452555106,woodbrush
79.5809,5.96996,29.5175,4.317828,0.0452555106,woodbrush
62.948,8.1983,6.65524,4.317828,0.0452555106,battery-9V
63.1004,8.57756,26.7956,4.317828,0.0452555106,woodbrush
49.8595,6.69087,9.94823,4.317828,0.0452555106,harmonica
26.8517,10.913,18.5896,4.317828,0.0452555106,woodbrush
86.9582,4.85808,15.4714,4.317828,0.0452555106,woodbrush
67.1158,10.8709,29.9471,4.317828,0.0452555106,woodbrush
61.3488,7.67166,6.79357,4.317828,0.0452555106,battery-9V
21.0939,9.37356,-8.78235,13.401376,1.2845387461,robot
21.8622,8.37526,1.26459,13.401376,1.2845387461,robot
19.7528,6.95754,-2.10128,13.401376,1.2845387461,robot
67.5836,8.66856,-19.1038,13.401376,1.2845387461,robot
29.1477,10.1828,-16.5072,11.53718,0.8359579418,robot
75.4515,5.11712,-7.76042,11.53718,0.8359579418,robot
7.97028,6.92395,-2.55269,11.53718,0.8359579418,robot
77.286,7.31451,-13.6846,11.53718,0.8359579418,robot
95.2116,2.42551,-5.64746,9.296976,0.4580345298,robot
7.14717,7.72975,-1.55865,9.296976,0.4580345298,robot
32.2758,9.7931,-12.5726,9.296976,0.4580345298,robot
68.5241,4.75673,-4.17979,9.296976,0.4580345298,robot
5.76267,6.26032,-7.21664,9.296976,0.4580345298,robot
14.7145,7.92832,-1.29333,11.60414,0.9007707253,robot
67.7322,8.11939,-16.9752,11.60414,0.9007707253,robot
66.4518,11.6292,-23.0039,11.60414,0.9007707253,robot
8.85351,8.75869,0.0955078,11.60414,0.9007707253,robot
11.7997,6.46845,0.939693,11.60414,0.9007707253,robot
75.7643,8.158,-1.192,11.60414,0.9007707253,robot
8.96185,5.40665,-2.35869,11.60414,0.9007707253,robot
66.5984,7.27979,-14.0213,11.60414,0.9007707253,robot
16.9691,6.66913,3.74861,11.60414,0.9007707253,robot
70.0355,6.27361,-20.9357,11.60414,0.9007707253,robot
8.25856,10.2711,2.43412,11.60414,0.9007707253,robot
9.41603,6.31493,2.56131,10.580868,0.6727656143,robot
70.6413,6.0339,-7.63325,10.580868,0.6727656143,robot
19.248,3.08177,-5.84999,10.21654,0.6109403869,robot
12.546,7.34016,-4.38917,10.21654,0.6109403869,robot
11.041,5.10331,-0.0244412,10.101616,0.455269418,robot
7.51096,4.40869,-3.90317,10.101616,0.455269418,robot
60.9116,4.61693,-17.398,10.101616,0.455269418,robot
4.12106,5.02705,-11.5561,10.101616,0.455269418,robot
2.23472,1.26767,-3.20333,10.101616,0.455269418,robot
27.4808,2.84556,-11.3734,10.101616,0.455269418,robot
9.2846,5.31456,5.27388,10.101616,0.455269418,robot
46.5847,3.90184,-20.1159,10.101616,0.455269418,robot
3.12611,3.3033,-6.41921,10.101616,0.455269418,robot
30.5874,3.65518,-14.9118,10.101616,0.455269418,robot
47.3278,5.97456,-15.6481,10.101616,0.455269418,robot
40.9158,9.39337,23.305,9.983696,0.4437876848,robot
10.2302,4.51284,-1.03103,9.025792,0.3505176864,robot
17.826,4.4361,-2.40847,9.025792,0.3505176864,robot
27.9969,5.66912,8.18403,9.025792,0.3505176864,robot
47.7325,6.9283,-20.2651,6.75184,0.1393897303,robot
39.0947,5.21237,-11.4149,4.503888,0.0528711806,robot
12.1502,2.59923,4.18164,4.503888,0.0528711806,robot
8.96889,5.17917,4.57425,11.263892,0.7396564773,robot
48.45,5.07295,-7.8453,11.263892,0.7396564773,robot
61.8205,7.25272,-19.3912,11.263892,0.7396564773,robot
13.904,5.56285,-0.5275,11.263892,0.7396564773,robot
6.31535,4.2799,3.797,10.321524,0.5870857339,robot
14.0783,4.23855,-1.84772,9.733276,0.50615018,robot
5.84843,2.85593,-3.43263,9.733276,0.50615018,robot
5.59059,3.72081,0.0870935,9.733276,0.50615018,robot
66.5453,7.29015,-14.1587,9.733276,0.50615018,robot
23.1817,9.4388,-13.483,8.8258,0.3812928532,robot
49.3649,5.3836,-12.2797,8.120856,0.3071682318,robot
2.47723,2.78768,-0.977339,8.120856,0.3071682318,robot
66.1985,3.98624,-4.50205,8.120856,0.3071682318,robot
9.09443,4.51552,1.33577,8.120856,0.3071682318,robot
5.46344,4.33825,-1.2764,8.120856,0.3071682318,robot
31.7781,5.7104,-4.83744,8.120856,0.3071682318,robot
5.47384,2.35913,-3.56214,9.18278,0.425257394,robot
11.4276,1.85078,0.298892,9.18278,0.425257394,robot
11.4994,3.82573,-0.881524,9.18278,0.425257394,robot
10.0511,3.30094,-7.58716,9.18278,0.425257394,robot
64.4824,4.37724,-16.2831,9.18278,0.425257394,robot
13.4361,2.57839,1.15601,9.18278,0.425257394,robot
21.061,2.71299,-10.3606,6.261512,0.1051991228,robot
29.5328,7.40157,-25.4164,6.261512,0.1051991228,robot
66.1144,4.22327,-10.1964,6.165144,0.1015384109,robot
6.18548,3.91314,-1.25037,6.165144,0.1015384109,robot
13.5574,9.00997,6.66199,11.390392,0.7308650095,lantern
61.3738,9.9496,-18.6552,11.390392,0.7308650095,robot
12.5374,6.55173,-1.37365,11.390392,0.7308650095,robot
19.9327,6.86689,-6.18818,11.390392,0.7308650095,robot
14.5176,9.64152,6.10409,11.390392,0.7308650095,knife
55.166,8.96659,11.9123,11.390392,0.7308650095,tape
57.2033,8.56169,-13.2938,7.012248,0.1993226496,robot
69.8504,9.16806,-19.1424,7.012248,0.1993226496,robot
5.69141,7.63038,-14.2273,7.012248,0.1993226496,robot
52.778,8.64478,6.55679,7.012248,0.1993226496,battery-9V
30.5669,9.24449,-15.1546,7.012248,0.1993226496,robot
5.81756,5.68988,-8.96596,7.012248,0.1993226496,robot
57.6712,9.04885,1.10969,7.012248,0.1993226496,harmonica
37.9589,13.5552,20.6485,7.012248,0.1993226496,woodbrush
70.0564,6.1961,5.57686,7.012248,0.1993226496,harmonica
77.7619,7.63056,23.0601,7.012248,0.1993226496,woodbrush
13.4483,9.82273,-0.892053,14.345984,1.5535314132,knife
79.7766,6.68648,3.4031,10.605124,0.6672579092,tape
27.7845,10.1541,0.676447,10.605124,0.6672579092,lantern
3.48186,3.74591,-0.169726,10.605124,0.6672579092,lantern
84.0725,-1.89729,49.8096,10.205108,0.5997135129,plastic
91.9532,-10.6987,59.1767,8.744504,0.3714261851,plastic
6.65977,5.62111,-6.74525,8.744504,0.3714261851,robot
72.3585,5.85923,17.0792,8.744504,0.3714261851,woodbrush
48.8191,10.4976,-15.0021,6.582324,0.1642108862,robot
41.4636,8.52421,-15.8177,6.308856,0.145314217,robot
7.26442,5.21732,-7.36165,6.308856,0.145314217,robot
4.20015,4.79332,-3.38957,6.308856,0.145314217,robot
24.2052,5.58675,-11.9235,6.308856,0.145314217,robot
22.1602,6.50387,-11.9089,6.308856,0.145314217,robot
57.0641,13.3565,4.92095,6.308856,0.145314217,battery-9V
61.228,10.6379,-4.28341,6.308856,0.145314217,harmonica
81.949,7.80872,-2.51378,6.308856,0.145314217,harmonica
24.8843,4.93343,2.43393,6.308856,0.145314217,robot
2.29212,2.58795,-0.613174,6.308856,0.145314217,robot
60.381,9.93592,-18.4514,6.308856,0.145314217,robot
83.4246,3.60736,-8.0897,6.308856,0.145314217,robot
77.127,8.15863,1.70542,8.858456,0.3955777644,tape
6.04305,7.98919,-2.64572,8.858456,0.3955777644,knife
69.0858,13.7835,47.8794,8.514304,0.3555902188,plastic
48.2888,11.0382,0.0552394,8.514304,0.3555902188,battery-9V
50.6004,11.7873,0.20646,8.514304,0.3555902188,harmonica
8.66031,7.60971,1.91309,8.514304,0.3555902188,lantern
11.2776,10.8714,-9.95862,8.514304,0.3555902188,robot
43.3698,15.7636,25.3119,8.514304,0.3555902188,woodbrush
72.638,11.4601,21.608,7.165556,0.198877132,woodbrush
22.8378,13.0802,0.119288,6.193332,0.1281805688,robot
33.7079,52.2487,-81.9943,5.60098,0.1002550974,robot
25.5739,11.735,-4.04433,5.60098,0.1002550974,robot
49.2902,11.9666,-11.4507,5.60098,0.1002550974,robot
69.5391,6.47986,-19.0105,5.60098,0.1002550974,robot
2.70438,3.92421,-2.33107,5.60098,0.1002550974,robot
68.3665,7.40419,-17.0487,5.60098,0.1002550974,robot
13.7212,7.6111,-4.54318,5.60098,0.1002550974,robot
25.3778,10.7111,-22.045,5.60098,0.1002550974,robot
55.0384,5.61899,-7.56445,5.60098,0.1002550974,robot
34.5401,10.5707,-26.7885,5.60098,0.1002550974,robot
29.8743,7.23795,-8.2099,5.60098,0.1002550974,robot
67.4576,7.32815,-26.4105,5.60098,0.1002550974,robot
9.38573,9.15803,-17.5751,5.60098,0.1002550974,robot
3.02824,3.01365,0.490501,16.861236,1.5256591068,bag
13.0408,8.83975,-0.218818,12.190676,0.8578175517,knife
76.3823,7.32282,8.77898,7.983168,0.2561876216,tape
8.61384,6.57684,2.88598,7.983168,0.2561876216,lantern
81.1428,7.05468,79.3452,5.561208,0.0908734908,plastic
88.0506,-4.11531,71.5199,5.561208,0.0908734908,plastic
17.1206,8.49751,-3.42923,5.561208,0.0908734908,robot
33.3616,10.4277,-11.8073,5.561208,0.0908734908,robot
26.2458,11.704,5.82619,5.561208,0.0908734908,robot
5.23055,3.16695,0.62675,5.561208,0.0908734908,bag
28.3136,10.4107,23.0575,5.561208,0.0908734908,bag
20.8524,5.99167,0.0833479,5.561208,0.0908734908,knife
84.2862,3.86579,4.91864,5.561208,0.0908734908,tape
29.127,6.13546,6.95725,5.561208,0.0908734908,lantern
92.2846,-3.76579,40.0625,5.561208,0.0908734908,plastic
